ID,Group,pattern,ampa_dir,emotional,conduct,hyperactivity,peer,neg_sum,pos_sum,neg_pc1,pos_pc1,sub4_pc1
10058298,High-symptom,both up,AMPA up,7,3,4,2,16,10,1.153611515767256,1.2710798860231207,0.22461237942035253
10121092,High-symptom,both up,AMPA up,6,1,5,3,15,10,0.24099601201318357,1.2710798860231207,-0.057857051550869176
110841481,Patient,both up,AMPA up,8,4,4,5,21,7,2.181838004928486,-1.2848901080954611,1.6079401704170324
110937433,Patient,both up,AMPA up,9,2,9,5,25,10,4.512034459303294,1.2710798860231207,2.3821327990099626
111086310,Patient,both up,AMPA up,3,4,5,4,16,7,0.07947220350878305,-1.2848901080954611,0.5411941177645384
111096801,Patient,both up,AMPA up,7,4,4,4,19,10,1.2896788418515204,1.2710798860231207,1.1135414083273725
111844771,Patient,both up,AMPA up,9,2,9,7,27,9,5.372821154008768,0.7805743179425787,2.966672430146635
112091464,Patient,both up,AMPA up,10,1,7,3,21,10,3.360931724216363,1.2710798860231207,1.2229957255793458
112517217,Patient,both up,AMPA up,3,1,5,2,11,7,-1.9690834598386628,-1.6711770008225983,-0.9565137066831763
112917188,Patient,both up,AMPA up,8,1,4,1,14,10,0.6991792122958967,1.2710798860231207,-0.4743072851673549
112957066,Patient,both up,AMPA up,6,2,8,1,17,9,1.6590281797433442,0.31915891228037097,0.3704982016501865
113174215,Patient,both up,AMPA up,7,2,8,4,21,8,1.7794151189337626,-0.17134665580017094,1.4494365948765189
113237194,Patient,both up,AMPA up,1,3,8,1,13,9,-0.6403542665787892,0.31915891228037097,-0.335757133186084
113387068,Patient,any down,AMPA up,5,0,4,3,12,6,-0.014961856874954613,-2.3233050474556807,-0.8005438913650005
114552708,Patient,both up,AMPA up,7,3,9,4,23,10,2.851808749853166,1.2710798860231207,1.9899944881693266
115212275,Patient,both up,AMPA up,8,0,4,3,15,6,0.13139309078354328,-2.3233050474556807,-0.1941570518010297
117385823,Patient,both up,AMPA up,6,4,2,6,18,9,0.1542065642604995,0.7805743179425787,1.0236151018978008
118382279,Patient,both up,AMPA up,7,2,4,1,14,10,0.7868430747311937,1.2710798860231207,-0.3720468339183311
11922061,High-symptom,any down,AMPA down,5,2,7,3,17,9,0.867582837571841,0.7805743179425787,0.5167403907430752
12029891,HC,any down,AMPA down,1,1,1,0,3,10,-3.742206030484556,1.2710798860231207,-2.8899852129523373
121801833,Patient,both up,AMPA up,9,4,5,2,20,10,2.2271054503659564,1.2710798860231207,1.1694281657558072
122083369,Patient,both up,AMPA up,0,1,4,3,8,10,-2.559335077348745,1.2710798860231207,-1.506799226201271
122408481,Patient,both up,AMPA up,5,1,3,3,12,9,-1.3750865336988842,0.7805743179425787,-0.7323229891171134
123660597,Patient,both up,AMPA up,5,2,7,2,16,9,0.20119583358543328,0.31915891228037097,0.22447057517473892
123930959,Patient,both up,AMPA up,6,0,7,2,15,9,-0.18996132623454276,0.7805743179425787,-0.18217927384463223
124782577,Patient,both up,AMPA up,1,1,2,3,7,8,-3.5304953396556003,-0.2578406214176411,-1.777007270724868
125237313,Patient,both up,AMPA up,8,0,5,3,16,9,1.3550409350633466,0.7805743179425787,0.042011443721430605
125339679,Patient,both up,AMPA up,6,1,4,3,14,9,-0.7283346394089427,0.31915891228037097,-0.29402554707332945
125524260,Patient,both up,AMPA up,0,1,5,4,10,5,-2.4319676897263274,-3.53314939312838,-0.9783609151104744
130293488,Patient,both up,AMPA up,4,4,7,4,19,6,0.44803380042804264,-1.775395676176003,1.2156600553307826
130597088,Patient,both up,AMPA up,9,7,6,3,25,10,3.7266590109012965,1.2710798860231207,2.6110346701576455
134330542,Patient,any down,AMPA down,7,1,5,3,16,10,0.7319881263704283,1.2710798860231207,0.1442718949704544
13471924,High-symptom,both up,AMPA up,6,1,6,4,17,10,1.0968824380736635,1.2710798860231207,0.4705812595399274
135517362,Patient,both up,AMPA up,3,1,3,4,11,8,-1.8659435291482551,-0.4292700277301208,-0.8443110665914242
135672596,Patient,both up,AMPA up,3,3,5,2,13,9,-0.8048808250190674,0.7805743179425787,-0.3477349111424814
135736530,Patient,any down,AMPA up,5,2,4,3,14,9,-0.7030024257999936,0.7805743179425787,-0.19176509582430573
136295480,Patient,both up,AMPA up,3,2,4,1,10,10,-1.3564431335127816,1.2710798860231207,-1.1805626200036254
136348275,Patient,both up,AMPA up,9,1,7,1,18,10,2.3132084669419912,1.2710798860231207,0.4363271479213496
136981533,Patient,both up,AMPA up,9,1,7,4,21,8,3.2130406132783964,-0.17134665580017094,1.3131365946263585
137280633,Patient,both up,AMPA up,3,2,5,2,12,10,-1.1632527830983697,1.2710798860231207,-0.6521243089128288
138390224,Patient,both up,AMPA up,9,6,7,6,28,10,4.056172464777818,1.2710798860231207,3.419623214614768
140267022,Patient,any down,AMPA down,7,1,5,5,18,9,2.0593945540934606,0.7805743179425787,0.728811526107127
141253295,Patient,both up,AMPA up,8,2,2,7,19,6,1.5582714554184334,-3.0426438250478385,1.1113640149680897
141542924,Patient,both up,AMPA up,8,2,7,4,21,9,2.3709764907115614,0.15753643372783052,1.4153970458753822
141831212,Patient,both up,AMPA up,9,3,9,5,26,8,3.941089512939659,-0.33296913435271136,2.68652219678031
142392893,Patient,both up,AMPA up,7,5,6,3,21,4,2.6893270758836882,-4.485070366871129,1.5979979815743042
143669176,Patient,both up,AMPA up,5,2,5,5,17,10,0.0774397879797359,1.2710798860231207,0.6289430308348272
144855245,Patient,both up,AMPA up,6,1,3,4,14,8,-0.5267372905614635,-0.7943845400149192,-0.23792422702745353
144964754,Patient,any down,AMPA down,8,3,5,3,19,9,1.7189539578958886,0.7805743179425787,0.9551796370324727
146042158,Patient,both up,AMPA up,7,4,9,4,24,6,3.268726839529619,-2.3233050474556807,2.294383885939674
146061521,Patient,both up,AMPA up,5,2,1,1,9,10,-1.4409886322440357,1.2710798860231207,-1.4848102135283592
146906985,Patient,both up,AMPA up,6,1,4,4,15,8,-0.23839276446360771,0.29006874986203696,-0.0017557315049931727
14759699,High-symptom,any down,AMPA down,5,1,3,1,10,10,-1.7210929182192347,1.2710798860231207,-1.3168626202537859
147701848,Patient,both up,AMPA up,8,0,2,6,16,6,0.40723388250961334,-1.6137731976234624,0.21031540385905845
14783858,High-symptom,any down,AMPA down,8,4,7,3,22,10,2.941173999722098,1.2710798860231207,1.7319060258477408
14850118,HC,both up,AMPA up,1,4,5,2,12,9,-2.229444071742535,0.06123554035042092,-0.4476034064147813
148868119,Patient,both up,AMPA up,6,2,4,4,16,8,0.4395486181867984,-0.7943845400149192,0.3026336662653542
14893890,High-symptom,both up,AMPA up,9,3,6,2,20,10,1.7224657457987624,1.2710798860231207,1.1012072635079202
148952494,Patient,both up,AMPA up,1,2,5,3,11,5,-2.4243558315850797,-3.27522602119843,-0.7641123863871397
149709982,Patient,both up,AMPA up,5,0,3,2,10,10,-1.2459464134696607,1.2710798860231207,-1.3289822024557971
150038288,Patient,both up,AMPA up,7,1,5,3,16,9,0.5490872226082509,0.31915891228037097,0.1442718949704544
150237087,Patient,both up,AMPA up,6,2,3,3,14,9,-0.21448073202572063,0.7805743179425787,-0.22580464482544244
150299361,Patient,both up,AMPA up,0,1,3,3,7,9,-3.5661362092780755,0.7805743179425787,-1.7429677217237314
15059321,High-symptom,any down,AMPA down,8,0,7,4,19,10,2.05902240935255,1.2710798860231207,0.8066182503346875
151408587,Patient,both up,AMPA up,4,2,3,2,11,10,-1.3389911681153917,1.2710798860231207,-0.922332353436426
152769231,Patient,both up,AMPA up,1,2,5,3,11,9,-2.161163295181188,0.7805743179425787,-0.7641123863871397
152958814,Patient,both up,AMPA up,6,3,7,8,24,6,2.961806473618686,-1.775395676176003,2.484607812876428
153450897,Patient,both up,AMPA up,6,1,8,3,18,9,1.2586286186843687,0.7805743179425787,0.6506484350165117
154461990,Patient,both up,AMPA up,3,1,5,3,12,7,-1.5631688680547193,-2.0907228513050886,-0.66424389111484
154704064,Patient,both up,AMPA up,8,4,3,2,17,7,1.0483670698749514,-1.2097615951603908,0.4949622281895632
155190506,Patient,both up,AMPA up,8,1,4,3,16,9,0.7808305544137616,0.7805743179425787,0.11023234596931768
155379621,Patient,both up,AMPA up,10,5,6,3,24,7,2.4203753254519453,-1.2848901080954611,2.204384821138275
156021841,Patient,both up,AMPA up,5,3,7,3,18,7,0.32237835005735926,-1.2097615951603908,0.8211297885134226
157312444,Patient,both up,AMPA up,6,1,4,4,15,10,0.12259296108950828,1.2710798860231207,-0.0017557315049931727
157655614,Patient,any down,AMPA down,9,6,7,4,26,6,3.3088447116340642,-1.775395676176003,2.835083583478095
157691935,Patient,any down,AMPA down,5,1,2,2,10,10,-1.7665541184828366,1.2710798860231207,-1.2607613002079099
159066706,Patient,both up,AMPA up,3,1,4,2,10,10,-1.5674494065811675,1.2710798860231207,-1.1926822022056365
160259456,Patient,both up,AMPA up,6,1,9,3,19,10,2.2394806606872084,1.2710798860231207,0.886816930538972
16190159,High-symptom,any down,AMPA up,4,3,10,0,17,9,1.0055888596474394,0.31915891228037097,0.4506968818544711
162353055,Patient,both up,AMPA up,6,4,6,3,19,10,0.9914637412668966,1.2710798860231207,1.0914796372826332
162354840,Patient,any down,AMPA down,5,1,3,1,10,10,-1.0803613268965133,1.2710798860231207,-1.3168626202537859
16275727,High-symptom,both up,AMPA up,7,4,7,4,22,7,1.7539327048543716,-2.0042288856876187,1.8220468948947535
163186746,Patient,both up,AMPA up,3,1,4,2,10,10,-2.386964224066229,1.2710798860231207,-1.1926822022056365
164064591,Patient,both up,AMPA up,1,0,1,1,3,10,-3.8636188837319514,1.2710798860231207,-2.902104795154348
1647364,High-symptom,both up,AMPA up,7,0,7,3,17,10,2.1306611319536044,1.2710798860231207,0.31221948824502765
164824205,Patient,both up,AMPA up,7,1,3,2,13,9,-0.4864478557749582,0.15753643372783052,-0.6203349116428025
164874291,Patient,both up,AMPA up,5,2,3,1,11,7,-0.5421248157007592,-1.2848901080954611,-1.0124732224834385
165288521,Patient,both up,AMPA up,5,1,4,3,13,9,-1.1171102035638023,0.7805743179425787,-0.49615449359465297
165369327,Patient,both up,AMPA up,4,3,5,0,12,6,-0.21045385048669465,-1.7002671632409325,-0.7301455957578306
165959237,Patient,both up,AMPA up,10,2,7,3,22,7,2.7531426426177243,-1.2848901080954611,1.5273851233496931
166274725,Patient,both up,AMPA up,4,2,4,2,12,9,-1.1942113639022585,0.7805743179425787,-0.6861638579139656
166338974,Patient,both up,AMPA up,3,4,7,4,18,9,-0.020750257734055522,0.7805743179425787,1.013531108809459
166386545,Patient,any down,AMPA up,7,6,8,6,27,5,4.60591786271139,-3.3617199868159005,3.251533817094581
166471280,Patient,both up,AMPA up,3,2,2,4,11,7,-1.99742709116525,-1.2962555607778607,-0.7760901643435372
166741227,Patient,both up,AMPA up,7,3,9,5,24,9,3.236769983510331,0.2326649466629009,2.2822643037376626
166922849,Patient,both up,AMPA up,5,2,8,5,20,8,1.3358788848394099,-0.7943845400149192,1.3374485174022082
16708319,HC,any down,AMPA down,1,3,3,3,10,10,-1.895221067856602,1.2710798860231207,-0.9320599796617131
168370463,Patient,both up,AMPA up,7,4,7,5,23,8,2.5349544163767637,-0.17134665580017094,2.1143167104630898
168641000,Patient,both up,AMPA up,9,3,7,3,22,8,2.7420732967775447,-0.8808785056323892,1.6296455745987168
169786920,Patient,both up,AMPA up,7,0,3,2,12,10,-0.028130267328435665,1.2710798860231207,-0.92472430941315
171526079,Patient,both up,AMPA up,9,1,9,6,25,9,4.423231148862413,0.7805743179425787,2.3700132168079513
171674018,Patient,any down,AMPA down,9,1,6,4,20,10,2.481124374296195,1.2710798860231207,1.0769680991038981
171990823,Patient,both up,AMPA up,5,2,2,1,10,10,-1.33630466068531,1.2710798860231207,-1.2486417180058988
17213220,High-symptom,both up,AMPA up,9,1,3,5,18,9,1.1960909855221387,0.7805743179425787,0.6607324281048534
172283288,Patient,both up,AMPA up,5,2,4,3,14,10,-0.8938699032648332,1.2710798860231207,-0.19176509582430573
172442389,Patient,both up,AMPA up,6,1,6,1,14,10,-0.00753097259511736,1.2710798860231207,-0.40622818716508147
174433203,Patient,both up,AMPA up,10,4,7,5,26,10,4.55972255666077,1.2710798860231207,2.72070355002706
174603925,Patient,both up,AMPA up,7,0,3,1,11,10,-0.3140079157975189,1.2710798860231207,-1.2169941249814862
175029071,Patient,both up,AMPA up,1,1,5,2,9,8,-2.8128950987686876,-0.17134665580017094,-1.3607715997258234
175924853,Patient,both up,AMPA up,3,0,1,2,6,7,-2.846466473015667,-1.371384073712931,-2.2055770865433644
176214110,Patient,both up,AMPA up,10,8,8,4,30,4,4.349553469992899,-4.485070366871129,3.882159821062574
176617846,Patient,both up,AMPA up,6,4,6,3,19,9,1.1082441639943634,0.7805743179425787,1.0914796372826332
17696979,High-symptom,both up,AMPA up,7,1,5,4,17,10,1.200226903234559,1.2710798860231207,0.43654171053879076
177344780,Patient,both up,AMPA up,8,5,5,3,21,10,2.0072703075174525,1.2710798860231207,1.5639584325731675
177528314,Patient,both up,AMPA up,7,2,3,1,13,8,0.023195463751572266,-0.17134665580017094,-0.6082153294407915
177688664,Patient,any down,AMPA down,2,2,1,2,7,5,-2.5378254847395394,-3.3617199868159005,-1.7989272375239935
177896969,Patient,both up,AMPA up,2,2,3,0,7,9,-2.3466661521773187,0.15753643372783052,-1.9111298776157457
178045655,Patient,both up,AMPA up,3,2,1,2,8,9,-2.5561837465423864,0.31915891228037097,-1.5967982910026701
178282579,Patient,both up,AMPA up,2,1,7,1,11,8,-1.4811307087133003,-0.8808785056323892,-0.9785754777279154
178684006,Patient,both up,AMPA up,8,2,4,4,18,9,1.5492934006224208,0.7805743179425787,0.7068915593080013
178998455,Patient,both up,AMPA up,2,1,5,3,11,9,-2.0357746812358632,0.15753643372783052,-0.8663728376361635
181526703,Patient,both up,AMPA up,5,3,9,5,22,7,1.558331995440388,-1.2848901080954611,1.8780064106950158
182136619,Patient,any down,AMPA down,3,0,2,2,7,9,-2.4677976779076625,0.2326649466629009,-1.9694085910209045
183176019,Patient,both up,AMPA up,0,1,5,3,9,8,-2.261060820762534,-0.33296913435271136,-1.2706307306788107
183475605,Patient,both up,AMPA up,9,4,6,7,26,6,3.7929532463898243,-1.775395676176003,2.866945739119949
183762098,Patient,both up,AMPA up,8,1,2,2,13,8,-0.9054553037891957,0.29006874986203696,-0.6543744606439392
184059377,Patient,both up,AMPA up,3,5,4,3,15,9,-0.8033657646999748,0.7805743179425787,0.31714520444408933
18455372,High-symptom,any down,AMPA down,7,3,5,3,18,8,1.0042058113474523,-0.17134665580017094,0.7530506905111491
186213995,Patient,both up,AMPA up,6,2,9,1,18,10,1.2630549738601082,1.2710798860231207,0.6066666971726467
186940717,Patient,both up,AMPA up,3,1,5,1,10,8,-1.7397839122864194,-0.17134665580017094,-1.2487835222515125
187495574,Patient,both up,AMPA up,4,3,7,0,14,9,-0.13003699576475816,0.15753643372783052,-0.2578086047129098
18801650,High-symptom,both up,AMPA up,8,2,3,3,16,8,0.7853276443086251,0.29006874986203696,0.1784532482172047
188448101,Patient,any down,AMPA down,10,3,9,3,25,7,3.8055302058602054,-0.6618522238807127,2.304111512164961
188764715,Patient,both up,AMPA up,8,3,8,4,23,5,3.03281388152942,-3.53314939312838,1.9559549391681899
18904077,HC,both up,AMPA up,5,1,5,0,11,9,-0.5438035179007856,0.7805743179425787,-1.1367954447772017
18952353,HC,both up,AMPA up,7,0,3,2,12,9,0.15482780030478266,0.31915891228037097,-0.92472430941315
190042837,Patient,both up,AMPA up,9,1,8,0,18,8,2.0380081148718183,0.29006874986203696,0.38022582787547365
19031295,HC,both up,AMPA up,2,1,5,2,10,10,-1.9192808462657667,1.2710798860231207,-1.1586426532044998
191170875,Patient,any down,AMPA down,3,1,3,2,9,10,-2.109005643404972,1.2710798860231207,-1.4288506977280968
191996808,Patient,both up,AMPA up,7,4,7,4,22,8,3.08897496961288,-0.33296913435271136,1.8220468948947535
193109536,Patient,both up,AMPA up,6,2,7,3,18,8,1.1428985156719067,-0.7192560270798488,0.7188693372643988
19316057,HC,both up,AMPA up,4,0,2,2,8,9,-2.0719902208411454,0.31915891228037097,-1.767279644499581
19432693,High-symptom,both up,AMPA up,7,3,6,1,17,10,0.6442026964259747,1.2710798860231207,0.4046795548969369
195112416,Patient,both up,AMPA up,9,1,6,4,20,10,2.776598506511799,1.2710798860231207,1.0769680991038981
195135326,Patient,both up,AMPA up,3,0,6,2,11,9,-0.4989633556758482,0.31915891228037097,-1.0247346089310632
195145348,Patient,both up,AMPA up,10,1,6,4,21,7,2.732572444493959,-1.2848901080954611,1.2790970456252218
195166026,Patient,both up,AMPA up,8,1,7,2,18,10,1.4397164712554902,1.2710798860231207,0.5264680169683623
195629783,Patient,both up,AMPA up,6,2,8,3,19,9,1.9149539087372118,0.7805743179425787,0.955037832786859
195966822,Patient,both up,AMPA up,8,2,8,0,18,10,1.9732508242389042,1.2710798860231207,0.4824862791244974
197382673,Patient,both up,AMPA up,3,2,3,3,11,4,-1.7882361516396252,-4.023654961208922,-0.8321914843894131
198118454,Patient,both up,AMPA up,7,3,2,4,16,9,0.26277440791869106,0.7805743179425787,0.3368150195121046
199436480,Patient,both up,AMPA up,8,2,5,4,19,8,1.0950251284426715,-0.33296913435271136,0.9430600548304616
20051604,HC,both up,AMPA up,1,2,3,3,9,8,-3.1520134203877004,-0.33296913435271136,-1.2364493774320604
20830744,HC,any down,AMPA down,2,1,0,2,5,10,-4.004768570929763,1.2710798860231207,-2.339485130816801
21053574,HC,both up,AMPA up,2,1,2,5,10,5,-2.275130730405838,-3.994564798790588,-0.9903386930668718
21313420,High-symptom,both up,AMPA up,6,3,7,2,18,7,1.6282027550130878,-1.3811910014728705,0.7309889194664099
2190836,HC,any down,AMPA down,0,1,0,1,2,10,-4.493952270560028,1.2710798860231207,-3.0360128394277845
22084493,HC,both up,AMPA up,2,1,2,1,6,5,-3.0960137945277544,-3.53314939312838,-2.159417955340217
2270310,HC,any down,AMPA down,9,5,7,4,25,10,3.7462696254544965,1.2710798860231207,2.530694185707748
23343892,HC,both up,AMPA up,5,4,5,4,18,6,0.8616641396278473,-3.0426438250478385,0.9454520108071855
24115048,HC,any down,AMPA down,0,1,3,2,6,9,-3.9341451205446343,0.31915891228037097,-2.0352375372920677
24495953,High-symptom,both up,AMPA up,3,2,1,2,8,10,-2.470415184945098,1.2710798860231207,-1.5967982910026701
25000478,HC,both up,AMPA up,2,1,5,2,10,9,-2.371100305842506,0.7805743179425787,-1.1586426532044998
25067315,High-symptom,both up,AMPA up,8,2,6,3,19,9,1.6309750618128558,0.31915891228037097,0.8869587347845856
25356336,High-symptom,both up,AMPA up,10,2,6,4,22,9,3.095172596006152,0.2326649466629009,1.583486443395569
25517914,High-symptom,any down,AMPA down,5,3,5,3,16,9,-0.44841677743198294,0.2326649466629009,0.348792797468502
25821028,HC,both up,AMPA up,3,1,2,2,8,10,-3.083766907971415,1.2710798860231207,-1.6650191932505571
26901488,High-symptom,both up,AMPA up,5,3,4,2,14,6,-0.2758845623153405,-2.967515312112768,-0.17964551362229464
2695459,High-symptom,any down,AMPA down,7,3,5,4,19,10,1.5589688661063237,1.2710798860231207,1.0453205060794855
27363295,HC,both up,AMPA up,5,2,3,5,15,5,0.17384199888785049,-3.53314939312838,0.15660603978990661
27578624,High-symptom,both up,AMPA up,7,6,7,4,24,8,2.7931780773069583,-0.4292700277301208,2.430825690435448
28113492,HC,both up,AMPA up,0,1,1,3,5,10,-3.743735079081262,1.2710798860231207,-2.2153047127686523
28264513,HC,both up,AMPA up,3,2,4,3,12,9,-1.8227548880260678,0.31915891228037097,-0.5960229888669528
2904393,HC,both up,AMPA up,2,0,2,2,6,10,-3.0722247971338166,1.2710798860231207,-2.171537537542228
29658673,High-symptom,both up,AMPA up,10,1,3,5,19,9,1.3003747562221777,0.15753643372783052,0.8628613746261772
29751086,High-symptom,both up,AMPA up,8,1,8,4,21,9,2.428461717588624,0.06123554035042092,1.3471761436274952
29871328,High-symptom,both up,AMPA up,8,4,4,5,21,9,2.890641751025254,0.06123554035042092,1.6079401704170324
30151696,HC,both up,AMPA up,1,2,4,3,10,10,-2.523865657039991,1.2710798860231207,-1.0002808819096
30276332,High-symptom,any down,AMPA down,8,3,9,2,22,9,3.168616065488938,0.06123554035042092,1.6075838035539776
30649663,HC,any down,AMPA down,7,3,2,3,15,8,-0.4264314446429909,-0.2578406214176411,0.04454520394376826
30779144,High-symptom,both up,AMPA up,6,0,7,1,14,10,0.9519665837119244,1.2710798860231207,-0.4744490894129685
31070544,High-symptom,both up,AMPA up,4,5,6,5,20,5,1.0800347142067142,-4.081058764408058,1.5761507731470061
31171219,High-symptom,both up,AMPA up,5,2,8,1,16,9,0.12261408874613322,0.2326649466629009,0.16836925512886297
31825112,High-symptom,both up,AMPA up,8,2,7,5,22,8,2.7947669180952937,-0.17134665580017094,1.7076668614437185
31851798,High-symptom,any down,AMPA down,8,1,5,3,17,8,0.9938402392709526,-0.17134665580017094,0.346400841491778
32581973,HC,any down,AMPA down,3,2,5,5,15,7,-0.8011888729932924,-1.2848901080954611,0.22468513779218008
3287674,HC,both up,AMPA up,1,0,2,3,6,9,-3.7013792762851914,0.7805743179425787,-2.0813966684952154
34458922,HC,both up,AMPA up,3,3,1,3,10,10,-2.6124290902622125,1.2710798860231207,-1.0001390776639865
35704260,High-symptom,both up,AMPA up,7,2,5,2,16,9,1.500174645824144,0.7805743179425787,0.15639147717246546
36383037,HC,both up,AMPA up,3,1,1,2,7,10,-2.9528387263953917,1.2710798860231207,-1.9011876887730175
37280746,HC,both up,AMPA up,2,1,0,2,5,10,-4.067537384042071,1.2710798860231207,-2.339485130816801
37805580,HC,both up,AMPA up,0,2,2,1,5,10,-3.841879379048088,1.2710798860231207,-2.259286450612517
38072766,HC,both up,AMPA up,2,1,3,0,6,8,-2.576202980583252,-0.17134665580017094,-2.215519275386093
38521433,High-symptom,both up,AMPA up,8,2,3,4,17,10,0.34296544995876166,1.2710798860231207,0.470723063785541
38666520,HC,any down,AMPA down,2,1,1,2,6,4,-3.2862282695955636,-4.47526343911119,-2.1033166352943407
39453204,HC,any down,AMPA down,5,4,6,1,16,9,0.12586660807197847,0.7805743179425787,0.304811059624637
39583981,HC,both up,AMPA up,1,1,3,2,7,9,-2.858008601859802,0.31915891228037097,-1.833108590770744
39776858,High-symptom,both up,AMPA up,4,5,3,2,14,7,-0.26871986563928113,-1.3811910014728705,-0.009164160125383713
40201562,HC,any down,AMPA down,0,2,3,2,7,8,-3.7361947652735323,-0.7943845400149192,-1.7308481395217203
41213271,HC,both up,AMPA up,1,3,4,1,9,9,-2.60428512467858,0.15753643372783052,-1.2804311152759253
41383458,High-symptom,any down,AMPA down,8,3,5,3,19,10,1.7437363675474364,1.2710798860231207,0.9551796370324727
41429086,High-symptom,both up,AMPA up,3,2,3,2,10,10,-2.0750144583742536,1.2710798860231207,-1.1244612999577495
41548748,HC,both up,AMPA up,1,1,0,2,4,7,-4.509332176968252,-1.2848901080954611,-2.541614077338125
42449851,HC,both up,AMPA up,2,1,6,2,11,8,-1.3665519663884311,-0.8906854333923288,-0.9224741576820394
4254555,High-symptom,any down,AMPA down,8,3,8,1,20,9,2.2056300631274013,0.31915891228037097,1.079145492463181
42823353,High-symptom,any down,AMPA down,9,4,8,1,22,8,2.593390614130977,-0.17134665580017094,1.5856638367548517
43525440,HC,both up,AMPA up,2,3,2,1,8,9,-2.6424033000987937,0.2326649466629009,-1.5506391597995224
43720294,High-symptom,both up,AMPA up,8,3,6,1,18,8,1.9747464034198756,-0.7192560270798488,0.6068085014182603
43926786,High-symptom,both up,AMPA up,7,4,7,5,23,6,2.855423427184164,-2.0333190481059527,2.1143167104630898
44576096,HC,both up,AMPA up,3,2,4,3,12,7,-1.3153645773066118,-0.8234747024332533,-0.5960229888669528
45544719,High-symptom,both up,AMPA up,8,1,3,2,14,10,-0.0009112651965313886,1.2710798860231207,-0.4182059651214789
458976,High-symptom,both up,AMPA up,8,2,5,1,16,10,0.5798198524163495,1.2710798860231207,0.06625060812545276
4631192,HC,both up,AMPA up,2,1,1,2,6,8,-3.6602975034067975,-0.17134665580017094,-2.1033166352943407
4794212,High-symptom,any down,AMPA down,8,2,5,3,18,10,0.2554457312878149,1.2710798860231207,0.6507902392621253
48028426,High-symptom,both up,AMPA up,4,3,3,2,12,10,-1.7846313388841943,1.2710798860231207,-0.6179429556660785
48054415,HC,any down,AMPA down,0,1,5,1,7,8,-2.9626215310303174,-0.7943845400149192,-1.8551703618154833
4885471,High-symptom,any down,AMPA down,8,3,9,4,24,7,3.0994386137510603,-0.9197755958106627,2.19212343469065
50395729,High-symptom,both up,AMPA up,9,3,6,4,22,8,2.3743939346253,-0.17134665580017094,1.6857468946445928
51076110,HC,both up,AMPA up,4,2,4,2,12,10,-1.5954325947777896,1.2710798860231207,-0.6861638579139656
51649816,HC,both up,AMPA up,2,1,3,3,9,9,-2.507400606978733,0.7805743179425787,-1.3387098286810841
5182386,High-symptom,both up,AMPA up,9,4,4,2,19,9,2.1381430150546006,0.7805743179425787,0.9332596702333469
52071148,HC,both up,AMPA up,4,7,3,0,14,8,-0.1925434603392682,-0.4292700277301208,0.015075004278638138
52801880,High-symptom,both up,AMPA up,6,4,6,1,17,8,1.2064226937453766,-0.9560070185674595,0.5069400061459606
53120454,High-symptom,any down,AMPA down,5,2,8,3,18,10,1.1363319420287126,1.2710798860231207,0.7529088862655355
5432841,HC,both up,AMPA up,5,1,4,6,16,10,0.6600293596753664,1.2710798860231207,0.38065495311035585
54633971,HC,any down,AMPA down,1,0,6,0,7,9,-1.9893870458263416,0.7805743179425787,-2.013532133110383
54741718,High-symptom,any down,AMPA down,6,2,3,2,13,7,0.16002002217397135,-1.4676849670903405,-0.5180744603937787
55417875,HC,both up,AMPA up,3,0,5,2,10,9,-1.462079853823973,0.7805743179425787,-1.2609031044535235
55499880,HC,both up,AMPA up,0,1,2,2,5,9,-4.142488802225938,0.31915891228037097,-2.271406032814528
55619168,High-symptom,both up,AMPA up,7,1,4,4,16,7,0.7097559241215454,-1.9079279923102093,0.20037321501633037
55836894,HC,both up,AMPA up,6,1,8,4,19,7,1.5106576350744438,-1.2097615951603908,0.942918250584848
56819618,High-symptom,both up,AMPA up,9,2,8,5,24,6,3.0212400037552807,-2.49473445376816,2.1459643034875024
57172435,HC,both up,AMPA up,3,2,5,4,14,8,-1.1379696057337267,-0.17134665580017094,-0.0675846777761562
57348284,High-symptom,both up,AMPA up,7,3,5,2,17,7,0.6963385849829068,-0.6618522238807127,0.4607808749428129
57930100,HC,both up,AMPA up,6,2,3,4,15,10,-0.22628750083743882,1.2710798860231207,0.0664651707428939
57968987,High-symptom,any down,AMPA down,2,3,6,4,15,6,-1.0425774319891037,-3.0426438250478385,0.2708442689953279
5901115,High-symptom,both up,AMPA up,4,1,4,1,10,10,-1.144573282046258,1.2710798860231207,-1.2828230712526492
59057693,HC,both up,AMPA up,0,1,4,3,8,7,-3.177394467629824,-1.2848901080954611,-1.506799226201271
59343528,HC,both up,AMPA up,3,2,1,3,9,10,-1.9941460808907439,1.2710798860231207,-1.3045284754343338
5978534,HC,both up,AMPA up,1,2,2,2,7,10,-3.0113247433930717,1.2710798860231207,-1.764887688522857
6000160,High-symptom,both up,AMPA up,6,2,8,1,17,6,1.2836419073575205,-2.3233050474556807,0.3704982016501865
60184938,HC,any down,AMPA down,4,0,2,1,7,7,-2.3170039650563226,-1.2848901080954611,-2.059549460067917
60186708,HC,both up,AMPA up,2,3,4,1,10,10,-2.094970289190138,1.2710798860231207,-1.0783021687546017
60281382,High-symptom,both up,AMPA up,7,2,3,1,13,10,-0.515030223283048,1.2710798860231207,-0.6082153294407915
60334165,HC,both up,AMPA up,1,3,3,2,9,9,-1.8019726663792657,0.31915891228037097,-1.2243297952300494
60530234,HC,both up,AMPA up,5,4,4,3,16,9,-0.15297273163854685,0.7805743179425787,0.41701369971638896
61581707,HC,both up,AMPA up,1,0,1,2,4,10,-3.762030620802154,1.2710798860231207,-2.609834979586012
61756624,High-symptom,both up,AMPA up,5,3,5,2,15,8,0.08679827096119194,-0.7943845400149192,0.05652298190016569
6314205,HC,both up,AMPA up,1,1,1,1,4,10,-3.8822796549769016,1.2710798860231207,-2.597715397384001
63213959,High-symptom,any down,AMPA down,4,2,4,2,12,9,-0.5186000778991514,0.31915891228037097,-0.6861638579139656
63218063,HC,both up,AMPA up,1,1,3,2,7,8,-3.205998752394717,-0.8906854333923288,-1.833108590770744
63989137,High-symptom,both up,AMPA up,6,5,6,2,19,5,1.2046438916244397,-2.7273166499187522,1.1035992194846442
64043761,HC,both up,AMPA up,4,1,2,4,11,7,-1.517020153976672,-0.7483461894981828,-0.8783506155925609
64082948,HC,any down,AMPA down,3,2,5,2,12,9,-1.090750502318767,0.7805743179425787,-0.6521243089128288
64309040,HC,any down,AMPA up,0,1,0,1,2,10,-4.659058609229882,1.2710798860231207,-3.0360128394277845
6502630,HC,both up,AMPA up,0,1,2,1,4,9,-3.97236597319468,0.31915891228037097,-2.563675848382864
65620046,High-symptom,both up,AMPA up,9,4,7,5,25,7,3.673333316233616,-1.832799479375139,2.5185746035057366
66092324,High-symptom,both up,AMPA up,6,2,7,2,17,10,1.0206164851508748,1.2710798860231207,0.4265995216960626
66847819,High-symptom,both up,AMPA up,5,4,1,4,14,10,-1.4195929761330055,1.2710798860231207,0.0007780287173443605
67342911,High-symptom,both up,AMPA up,10,2,8,1,21,10,3.2812855632365587,1.2710798860231207,1.1790139877354808
67844279,High-symptom,both up,AMPA up,8,3,6,3,20,10,2.050104207142327,1.2710798860231207,1.1913481325549329
68000499,High-symptom,any down,AMPA down,6,2,7,1,16,9,0.42936869735100525,0.7805743179425787,0.13432970612772627
69159223,High-symptom,both up,AMPA up,1,3,4,2,10,10,-2.3897862524464073,1.2710798860231207,-0.988161299707589
69366941,High-symptom,both up,AMPA up,9,3,6,5,23,9,3.183184691326809,0.31915891228037097,1.9780167102129291
69973472,High-symptom,both up,AMPA up,8,1,0,2,11,9,-0.5746225423274478,0.7805743179425787,-1.1267114516888597
70910152,High-symptom,any down,AMPA down,4,2,2,3,11,6,-2.011716448633924,-2.3233050474556807,-0.8662310333905499
7127936,HC,any down,AMPA down,0,3,5,1,9,8,-2.1852581480820725,-0.9771793990097989,-1.2463915662747886
72155879,High-symptom,any down,AMPA down,3,5,4,1,13,9,-0.3877626746203103,0.7805743179425787,-0.26739442669258323
72358748,High-symptom,both up,AMPA up,6,2,6,2,16,8,0.8453435720687674,-0.2578406214176411,0.19043102617360216
7478069,High-symptom,both up,AMPA up,4,2,7,2,15,10,0.5925512819125345,1.2710798860231207,0.0223416286534154
7764421,HC,both up,AMPA up,4,3,4,2,13,9,-1.3305853386182447,0.7805743179425787,-0.38177446014361816
79630427,High-symptom,both up,AMPA up,7,2,7,1,17,8,1.460455465790122,-0.17134665580017094,0.3364586526490498
80301458,High-symptom,any down,AMPA down,8,4,4,3,19,9,1.422855913707854,0.31915891228037097,1.0234005392803598
8043474,HC,any down,AMPA down,0,1,1,2,4,10,-4.641588688042113,1.2710798860231207,-2.5075745283369884
80461839,High-symptom,any down,AMPA down,6,2,2,1,11,5,-0.7680479096310479,-3.53314939312838,-1.0465127714845752
82149344,High-symptom,both up,AMPA up,6,5,7,2,20,8,1.3108123995716436,-0.17134665580017094,1.3397677150071046
829055,HC,both up,AMPA up,0,1,1,4,6,10,-4.082000250682568,1.2710798860231207,-1.9230348972003157
83490451,High-symptom,both up,AMPA up,5,3,8,2,18,9,1.0267894066703096,0.2326649466629009,0.7650284684675466
84037702,High-symptom,both up,AMPA up,5,3,5,3,16,6,1.0733978773600137,-2.3233050474556807,0.348792797468502
84828767,High-symptom,any down,AMPA down,2,4,8,3,17,9,0.9476415423241208,0.7805743179425787,0.7553008422422595
90973178,High-symptom,both up,AMPA up,5,4,5,5,19,6,0.6633560083972957,-2.41960594083309,1.2377218263755219
92159995,High-symptom,any down,AMPA down,8,6,2,3,19,8,0.7873335682478588,-0.9771793990097989,1.1598423437761338
92432902,High-symptom,any down,AMPA down,8,1,7,1,17,8,1.3116303696440916,-0.17134665580017094,0.23419820140002606
92523261,High-symptom,both up,AMPA up,6,3,8,2,19,9,1.4278284962412342,0.7805743179425787,0.9671574149888702
94345446,High-symptom,both up,AMPA up,7,6,8,3,24,8,3.4094626682131226,-0.8808785056323892,2.374724370389572
94998851,High-symptom,both up,AMPA up,7,2,3,2,14,8,0.4953689709487332,-0.8906854333923288,-0.3159455138724551
97970921,High-symptom,both up,AMPA up,5,5,7,5,22,5,1.685821319318443,-3.44665542751091,2.01444821519079
