Subject_ID,Condition,Optimal_Rho,Pearson_r,Spearman_rs,MSE
112288,SST_stop_success,0.72,0.2885,0.151,0.047809
112288,SST_stop_failure,0.67,0.2495,0.1132,0.044805
112288,MID_feed_hit,0.66,0.2068,0.1033,0.060952
112288,MID_antici_hit,0.65,0.2084,0.0981,0.054181
16275727,SST_stop_success,0.78,0.2856,0.204,0.03598
16275727,SST_stop_failure,0.72,0.2621,0.1622,0.046558
16275727,MID_feed_hit,0.62,0.1802,0.0831,0.051894
16275727,MID_antici_hit,0.66,0.2119,0.1143,0.051112
44576096,SST_stop_success,0.71,0.289,0.1539,0.042528
44576096,SST_stop_failure,0.7,0.2991,0.1589,0.047398
44576096,MID_feed_hit,0.68,0.21,0.0776,0.056561
44576096,MID_antici_hit,0.65,0.2057,0.0766,0.05443
63218063,SST_stop_success,0.68,0.2218,0.1196,0.034347
63218063,SST_stop_failure,0.7,0.2318,0.1392,0.035068
63218063,MID_feed_hit,0.85,0.261,0.2215,0.057692
63218063,MID_antici_hit,0.81,0.2754,0.2087,0.047749
67342911,SST_stop_success,0.69,0.285,0.1539,0.065246
67342911,SST_stop_failure,0.63,0.2655,0.1354,0.058002
67342911,MID_feed_hit,0.68,0.2547,0.1403,0.06818
67342911,MID_antici_hit,0.69,0.2676,0.1458,0.070497
67844279,SST_stop_success,0.57,0.2271,0.075,0.047905
67844279,SST_stop_failure,0.59,0.2186,0.0917,0.046123
67844279,MID_feed_hit,0.7,0.2071,0.1271,0.056233
67844279,MID_antici_hit,0.64,0.1869,0.1027,0.053468
111086310,SST_stop_success,0.66,0.2564,0.1365,0.022139
111086310,SST_stop_failure,0.71,0.2025,0.1294,0.034883
111086310,MID_feed_hit,0.76,0.0587,0.0329,0.37572
111086310,MID_antici_hit,0.64,0.0579,0.0273,0.338119
112517217,SST_stop_success,0.68,0.2754,0.1426,0.031674
112517217,SST_stop_failure,0.71,0.2401,0.1297,0.047868
112517217,MID_feed_hit,0.64,0.2202,0.119,0.054775
112517217,MID_antici_hit,0.6,0.2276,0.0981,0.049493
113174215,SST_stop_success,0.78,0.3082,0.1949,0.031317
113174215,SST_stop_failure,0.81,0.2671,0.1886,0.050999
113174215,MID_feed_hit,0.79,0.2126,0.147,0.056137
113174215,MID_antici_hit,0.78,0.2039,0.1384,0.060529
168370463,SST_stop_success,0.75,0.3253,0.2036,0.038547
168370463,SST_stop_failure,0.72,0.2779,0.1573,0.047976
168370463,MID_feed_hit,0.68,0.206,0.0956,0.064947
168370463,MID_antici_hit,0.73,0.2127,0.1199,0.059127
182136619,SST_stop_success,0.7,0.2854,0.1631,0.02554
182136619,SST_stop_failure,0.71,0.2165,0.1287,0.044496
182136619,MID_feed_hit,0.72,0.2086,0.139,0.065262
182136619,MID_antici_hit,0.76,0.2437,0.1662,0.057003
191996808,SST_stop_success,0.71,0.2855,0.1582,0.033164
191996808,SST_stop_failure,0.61,0.2151,0.1021,0.048245
191996808,MID_feed_hit,0.8,0.2223,0.1533,0.066902
191996808,MID_antici_hit,0.73,0.214,0.1315,0.058107
