Subject,Condition,Score,raw_score,headmotion,fc1,fc2,fc3,fc4,fc5,fc6,raw_adj_pooled
sub01,Placebo,-0.097308728,0.641239081,0.123668485,-0.16167066,0.294652245,0.240224334,0.366658613,-0.370222619,0.271597167,0.6500234004836031
sub02,Placebo,0.90731831,1.831404182,0.071951364,0.159704267,0.431702984,0.120675052,0.72528378,0.441939832,-0.047901734,1.8500333450783182
sub03,Placebo,-0.371363422,0.429259957,0.10636546,0.233048637,0.195281613,-0.053855937,0.272202627,0.16082228,-0.378239263,0.4413380711022255
sub04,Placebo,-0.346203838,0.485714164,0.097642356,0.111921752,-0.001071284,0.039244915,0.379416434,-0.178615897,0.134818244,0.49945280353132726
sub05,Placebo,0.232193088,0.849911947,0.157348504,-0.015282479,0.169908132,0.248833473,0.370449898,0.206441473,-0.13043855,0.8522849560140578
sub06,Placebo,0.16430536,0.431749777,0.254984458,-0.042026477,0.268062405,-0.427499667,0.423784266,0.305604898,-0.096175648,0.4155368578385357
sub07,Placebo,0.345816774,1.063692042,0.129430776,0.213679045,0.155023536,-0.007278586,0.477265625,0.156471404,0.068531017,1.071379454839433
sub08,Placebo,-0.053098125,0.571853189,0.15533252,0.214689204,0.531077928,-0.279645215,0.061164252,0.066190891,-0.021623871,0.5746099596540272
sub09,Placebo,-0.548724385,0.265265585,0.102639639,0.355564034,0.115232133,0.110390292,-0.077136542,-0.191105126,-0.047679205,0.27805294440238254
sub10,Placebo,0.047658916,0.676952866,0.154122048,0.402104018,0.149788934,0.166787906,-0.040338872,-0.094623947,0.093234827,0.679940061458915
sub11,Placebo,1.123413298,1.82553949,0.133820694,0.205598575,1.373433494,-0.20006034,0.140267116,0.553143305,-0.246842659,1.8323912403882376
sub12,Placebo,-0.451290554,0.206641854,0.146139327,0.227442418,0.12805637,-0.396349587,0.252871059,0.097273309,-0.102651715,0.21114863597466949
sub13,Placebo,-0.001895989,0.83223932,0.097024301,0.016588032,0.157106903,-0.02917615,0.027180835,0.371871889,0.288667811,0.8460956121517802
sub14,Placebo,-0.631242307,0.043032555,0.14158401,0.12055634,-0.076221724,-0.240428032,0.367400128,0.165276974,-0.293551131,0.048406484691367546
sub15,Placebo,0.211814563,0.876662641,0.144211644,0.147246644,0.374755804,0.079839364,0.032395854,0.192117572,0.050307403,0.8815363756833323
sub16,Placebo,-0.320938326,0.453514446,0.113660289,-0.208315935,0.250496277,0.135696986,0.456015328,0.107059764,-0.287437974,0.4642039203410293
sub17,Placebo,0.802291888,1.394059853,0.16458209,0.55254547,0.077341604,0.030085083,0.294927097,0.125865474,0.313295125,1.3950558804377067
sub18,Placebo,-0.177859343,0.469998695,0.14894747,-0.017207266,0.241819023,-0.10057468,0.316262238,0.00032554,0.02937384,0.4739709203695833
sub19,Placebo,-0.295855727,0.43333433,0.126276877,0.165908073,0.10721137,-0.124245997,0.154576569,0.043061428,0.086822887,0.4416221173724342
sub20,Placebo,-0.466983668,0.284949241,0.119937505,-0.430762739,0.225312631,0.265256107,0.070827578,-0.101202716,0.255518381,0.29444378784825104
sub21,Placebo,-0.674537888,-0.56912892,0.30015043,-0.332289543,0.250440018,-0.446523014,0.396605558,-0.157376771,-0.279985168,-0.5939396095234936
sub22,Placebo,-0.593263385,0.317151499,0.075762033,0.130778276,0.17643232,-0.097076836,0.225187383,0.22887461,-0.347044253,0.33505526515809453
sub23,Placebo,0.52840684,0.877068205,0.23234594,0.144364119,0.433462184,-0.096110872,0.370855813,0.355703087,-0.331206125,0.8651647420614786
sub24,Placebo,0.549242395,1.175817796,0.15487982,0.182036355,0.271518578,0.438330691,0.32134156,-0.325563108,0.28815372,1.178660742384794
sub25,Placebo,-0.322944371,0.448599865,0.114471018,-0.121074847,0.122655784,-0.030496179,0.686219635,-0.100072031,-0.108632497,0.45913500940060786
sub26,Placebo,0.003778126,0.230252432,0.26640452,-0.313611539,0.166753341,0.1562503,0.224922163,-0.154741579,0.150679746,0.21186559592169985
sub27,Placebo,0.437270498,1.38530888,0.06527481,0.299213118,0.010523849,0.383258032,0.253648822,0.310706521,0.127958538,1.4052089883399783
sub01,Ketamine,0.328298215,0.650779926,0.231137783,0.222711621,0.356150018,0.089342813,0.394402736,-0.475700973,0.063873709,0.6391064471842
sub02,Ketamine,0.396278694,0.936159783,0.095074111,0.045230424,0.254430353,-0.062336579,0.594133607,-0.01826444,0.122966418,0.9503873122809695
sub03,Ketamine,-0.338404729,0.127474443,0.141389665,-0.094837885,-0.080055422,-0.109864215,0.073320913,0.072791053,0.266119999,0.13288536810200557
sub04,Ketamine,0.303028969,0.858066537,0.085588131,0.315968616,0.223036352,-0.094139501,0.513411397,0.09057323,-0.190783557,0.8740998123789124
sub05,Ketamine,0.878048255,1.215402073,0.221829783,-0.06967398,0.25760867,-0.11683287,0.725625608,0.075498484,0.34317616,1.2055004601041843
sub06,Ketamine,-0.198343119,0.385145834,0.067781273,0.356992528,0.181738968,-0.081025223,0.052084989,-0.062285256,-0.062360172,0.404568813378934
sub07,Ketamine,1.222285974,1.646153784,0.167683301,0.436317496,-0.028840586,0.179688497,0.207515521,0.342703017,0.508769839,1.6465594665643097
sub08,Ketamine,0.650313527,1.158674125,0.11480183,-0.118634424,-0.136963977,0.563040013,0.840105567,-0.261507238,0.272634184,1.1691462962045698
sub09,Ketamine,-0.090031184,0.463231406,0.086699036,0.346373175,-0.035973162,-0.312667984,0.151949085,0.288133897,0.025416393,0.47905321009508783
sub10,Ketamine,-0.983800478,-0.502698205,0.131861988,-0.061906274,0.048325696,-0.502356811,0.127282305,0.216858364,-0.330901485,-0.4954735963813507
sub11,Ketamine,0.126547762,0.599685319,0.136846862,0.235179795,0.01022998,-0.006616889,0.181487634,0.293656868,-0.114252068,0.6059610096603321
sub12,Ketamine,-1.144462859,-0.650842208,0.124027115,-0.029414822,0.199114241,-0.540821145,0.178691478,-0.203506602,-0.254905358,-0.6421261571320914
sub13,Ketamine,-0.492725284,-0.068139393,0.167233876,1.043819509,0.381679843,-1.041683321,0.430391314,-0.538903446,-0.343443292,-0.0676481581321785
sub14,Ketamine,-0.267725256,0.199667199,0.140442547,0.186390332,-0.079265555,-0.153079806,0.092031921,0.227013244,-0.073422938,0.20525841697978853
sub15,Ketamine,0.084651953,0.567005332,0.131078959,0.155964508,0.106739104,-0.007047639,0.222362128,-0.189344124,0.278331354,0.5743789976018314
sub16,Ketamine,0.655623375,1.112570582,0.146979911,0.275599255,-0.077617954,0.187558323,0.604962977,-0.2355354,0.357603381,1.116917350852357
sub17,Ketamine,1.379259866,1.818351732,0.158155027,0.201190082,0.627671449,0.344576938,0.303687586,0.443062384,-0.101836707,1.820571211725555
sub18,Ketamine,0.180569506,0.676488003,0.122588963,0.269014072,0.172363233,-0.006987337,0.260728468,-0.035699657,0.017069225,0.685477819716271
sub19,Ketamine,-0.38736081,0.065501824,0.149536321,0.000677854,0.08907733,0.092001712,-0.100190242,-0.001673109,-0.01439172,0.06936195600700817
sub20,Ketamine,-0.608689908,-0.107839806,0.119502421,-0.021199407,-0.042778537,-0.202176752,0.605497421,-0.184878394,-0.262304136,-0.09826243679335511
sub21,Ketamine,-0.143608496,0.285438097,0.164442058,0.091582707,0.251649189,-0.227406922,0.10640928,0.256919196,-0.193715353,0.286460780854607
sub22,Ketamine,-0.175238167,0.298913386,0.136212233,-0.196837502,-0.050869765,0.150067581,0.188051936,-0.151935154,0.360436289,0.3053098842985931
sub23,Ketamine,-0.603304907,-0.345322302,0.271505816,0.227503499,0.072661714,-0.370893615,0.162459827,-0.102382432,-0.334671296,-0.36468021806649886
sub24,Ketamine,0.072385995,0.566524622,0.12370293,0.191837727,0.148648306,0.202848409,0.083759849,-0.029995065,-0.030574604,0.575302384551758
sub25,Ketamine,-0.54848107,0.006141198,0.085848055,-0.116291159,0.178411736,-0.033680261,0.237367833,-0.077407586,-0.182259365,0.022124994384779884
sub26,Ketamine,-0.988044502,-0.62725127,0.207159765,-0.208103235,-0.372822483,0.303543465,0.062476112,-0.597452719,0.185107589,-0.6343603060866453
sub27,Ketamine,0.692928678,1.231155415,0.09610952,0.241495534,0.105417695,0.223195009,0.600202244,-0.125607507,0.186452439,1.2451858443754746
sub01,Midazolam,-0.195847489,0.394314609,0.28055096,-0.07094324,0.419514499,-0.059756353,0.729306757,-0.408067308,-0.215739746,0.37323486414160695
sub02,Midazolam,-0.15950589,0.209332282,0.054152786,-0.287115868,0.309721504,-0.00443674,0.048421101,0.038024478,0.104717806,0.2313495729019519
sub03,Midazolam,-0.553433265,-0.080797242,0.160330389,-0.001683923,0.117996397,-0.070827025,0.119311546,-0.049291029,-0.196303208,-0.07899186302556527
sub04,Midazolam,0.581930414,1.011476268,0.1162523,0.297980839,0.098497901,-0.181255796,0.42085411,-0.041056655,0.416455869,1.0216723285082914
sub05,Midazolam,0.250608121,0.683040611,0.119205118,0.125399986,-0.083830004,0.423225228,0.480041143,-0.370168558,0.108372816,0.6926745746472991
sub06,Midazolam,-0.405198536,-0.014397352,0.076619339,0.527420251,0.314065276,-0.334214067,0.363280083,-0.376541087,-0.508407808,0.003343217844772761
sub07,Midazolam,0.256467751,0.897171328,0.332251193,0.298536949,-0.185858024,0.284726621,0.340918615,0.106236951,0.052610216,0.8662499543375727
sub08,Midazolam,1.574364445,2.196172368,0.312922323,0.595375888,0.21199834,0.211057432,0.894065088,0.040767315,0.242908305,2.16893042773087
sub09,Midazolam,-0.010053423,0.411056838,0.107623306,0.467307254,0.415868688,-0.586709697,0.251768383,-0.005483692,-0.131694097,0.4228955092079421
sub10,Midazolam,0.023630009,0.55226905,0.217617377,0.352512285,-0.005130658,-0.049858758,0.282961744,0.001286528,-0.029502091,0.5431693084656517
sub11,Midazolam,0.843512273,1.349833559,0.194787947,0.664957388,0.471922693,0.200272926,0.29751075,-0.577420768,0.292590571,1.3450796155951819
sub12,Midazolam,-0.153270377,0.505325711,0.350553922,0.154739309,-0.069127731,0.120879811,0.471042349,-0.283753895,0.111545867,0.47092023959822926
sub13,Midazolam,0.266860773,0.810771193,0.233238879,0.16444917,0.435558931,-0.067738759,-0.187411368,0.468686394,-0.002773175,0.798697750669265
sub14,Midazolam,-0.341590199,0.082483146,0.110654324,0.123471652,-0.015632839,-0.108635156,0.068009645,0.186129161,-0.170859316,0.09374483423662078
sub15,Midazolam,0.379851469,0.832637608,0.140025411,0.325425579,0.238419085,0.073255766,0.335183253,-0.253878364,0.114232289,0.8383082317664665
sub16,Midazolam,-0.274138863,0.365461053,0.331122229,0.21588106,0.690126254,-0.456530946,0.547296302,-0.619175125,-0.012136491,0.3347545883230142
sub17,Midazolam,0.708393014,1.150817085,0.129425774,0.676976361,0.027724669,0.316929179,0.051904334,0.206338334,-0.12905579,1.1585054500174876
sub18,Midazolam,1.544669549,1.962012353,0.103769474,0.220279851,0.127816024,0.570134494,0.25692494,0.181158493,0.605698551,1.974584637613845
sub19,Midazolam,0.070515724,0.532673546,0.149611956,0.001785586,0.025880208,0.031056102,0.26379128,0.315278729,-0.105118359,0.5365192801687124
sub20,Midazolam,-0.063894803,1.005188663,0.770452461,0.576781818,0.246287247,0.184620201,0.020172073,-0.082923814,0.060251139,0.890851529468306
sub21,Midazolam,-0.102264947,0.508066405,0.301182631,0.007237283,0.305074536,-0.343702804,0.769360876,-0.012050326,-0.217853161,0.4830592262441823
sub22,Midazolam,-1.214223304,-0.815325247,0.084901848,-0.017650967,-0.163928977,-0.345304548,0.220089983,-0.167989889,-0.340540848,-0.7991613311549116
sub23,Midazolam,-0.952728259,-0.297445489,0.347164641,-0.051401836,0.068545801,-0.093281864,0.069706029,-0.067518062,-0.223495558,-0.33120577867667944
sub24,Midazolam,-0.432707554,0.010440181,0.130166029,-0.067586561,0.007052267,-0.128504125,0.125841549,0.22058876,-0.14695171,0.017987631470152365
sub25,Midazolam,0.013547709,0.722741959,0.402312138,0.261795535,-0.079909725,0.300121246,0.281193903,-0.058992133,0.018533132,0.6784838211812128
sub26,Midazolam,-0.531455378,0.182641267,0.407326929,0.187229649,0.134735988,0.015190889,-0.038114761,-0.078830562,-0.037569937,0.1374285162387176
sub27,Midazolam,-1.124038965,-0.74306157,0.066570322,-0.430134424,0.052029111,-0.008691356,-0.123523858,-0.024858844,-0.207882199,-0.7234080746339934
