series,subject,pre,post,mean_pre_post,difference
model_gaba,458976,-0.372793,3.529,1.5781034999999999,3.901793
model_gaba,829055,-0.74794,2.79649,1.0242749999999998,3.54443
model_gaba,1647364,-0.224551,4.23793,2.0066895000000002,4.462481
model_gaba,2190836,0.674627,1.1557,0.9151635,0.481073
model_gaba,2270310,2.19421,4.57702,3.385615,2.38281
model_gaba,2695459,1.11154,2.90234,2.00694,1.7908000000000002
model_gaba,2904393,-0.939162,5.66529,2.3630639999999996,6.604452
model_gaba,3287674,-0.615832,1.89557,0.639869,2.511402
model_gaba,4254555,0.941775,2.16015,1.5509624999999998,1.2183749999999998
model_gaba,4631192,-1.05476,2.87116,0.9082000000000001,3.92592
model_gaba,4794212,0.463298,4.86543,2.664364,4.402132
model_gaba,4885471,1.17122,5.88913,3.530175,4.71791
model_gaba,5182386,0.378885,5.77847,3.0786775000000004,5.399585
model_gaba,5432841,0.284159,2.77927,1.5317144999999999,2.495111
model_gaba,5901115,0.535295,2.56706,1.5511775,2.031765
model_gaba,5978534,-1.0511,1.01543,-0.017834999999999934,2.06653
model_gaba,6000160,-1.28165,0.0420537,-0.6197981499999999,1.3237037
model_gaba,6314205,-0.876897,2.4896,0.8063514999999999,3.366497
model_gaba,6502630,-0.753131,4.12785,1.6873595,4.880980999999999
model_gaba,7127936,0.87714,2.18502,1.5310800000000002,1.3078800000000002
model_gaba,7478069,-0.315454,1.45505,0.569798,1.7705039999999999
model_gaba,7764421,-0.977359,1.26901,0.1458255,2.246369
model_gaba,8043474,0.51997,1.28042,0.900195,0.7604499999999998
model_gaba,10058298,-1.24006,1.87165,0.31579500000000005,3.11171
model_gaba,10121092,0.237831,0.610728,0.42427950000000003,0.37289700000000003
model_gaba,11922061,1.52278,3.37405,2.448415,1.85127
model_gaba,12029891,0.667947,6.77476,3.7213534999999998,6.106813
model_gaba,13471924,-0.00212866,1.17069,0.5842806700000001,1.17281866
model_gaba,14759699,0.949317,3.03303,1.9911735,2.0837130000000004
model_gaba,14783858,0.616908,1.7065,1.1617039999999998,1.089592
model_gaba,14850118,-0.925732,1.8435,0.45888399999999996,2.7692319999999997
model_gaba,14893890,-1.34412,2.46369,0.5597850000000001,3.80781
model_gaba,15059321,1.27375,2.11831,1.69603,0.8445600000000002
model_gaba,16190159,-0.386065,-0.540494,-0.4632795,-0.15442900000000004
model_gaba,16275727,-1.07917,3.58549,1.25316,4.66466
model_gaba,16708319,0.590989,2.68336,1.6371745,2.092371
model_gaba,17213220,-0.517114,1.55405,0.5184679999999999,2.071164
model_gaba,17696979,-0.523955,1.44281,0.4594275,1.9667649999999999
model_gaba,18455372,1.66929,1.81346,1.7413750000000001,0.14417000000000013
model_gaba,18801650,0.740905,0.814333,0.7776190000000001,0.07342799999999994
model_gaba,18904077,-1.09934,0.37087,-0.364235,1.47021
model_gaba,18952353,-0.0158306,3.51245,1.7483096999999999,3.5282806
model_gaba,19031295,0.0283262,1.34762,0.6879731,1.3192938
model_gaba,19316057,-0.793316,2.44851,0.8275970000000001,3.241826
model_gaba,19432693,0.0877839,0.988118,0.53795095,0.9003341
model_gaba,20051604,-0.969067,1.41618,0.2235565,2.385247
model_gaba,20830744,0.819663,0.0487471,0.43420505000000004,-0.7709159
model_gaba,21053574,-1.20786,1.12275,-0.04255500000000001,2.33061
model_gaba,21313420,-0.0283878,2.172,1.0718061,2.2003878
model_gaba,22084493,0.619434,2.19594,1.407687,1.5765059999999997
model_gaba,23343892,-0.843745,2.33288,0.7445674999999999,3.1766249999999996
model_gaba,24115048,0.931039,4.90391,2.9174745,3.9728709999999996
model_gaba,24495953,-0.798449,3.45543,1.3284905,4.2538789999999995
model_gaba,25000478,-0.600391,2.48008,0.9398445,3.080471
model_gaba,25067315,0.207162,0.35124,0.27920100000000003,0.14407799999999998
model_gaba,25356336,-1.30039,1.4744,0.087005,2.77479
model_gaba,25517914,0.275951,3.47615,1.8760505,3.200199
model_gaba,25821028,-1.50527,-1.15177,-1.3285200000000001,0.35350000000000015
model_gaba,26901488,-1.45404,-0.0213488,-0.7376944,1.4326912
model_gaba,27363295,0.91464,1.96688,1.44076,1.0522399999999998
model_gaba,27578624,-0.646848,4.7613,2.057226,5.408148000000001
model_gaba,28113492,0.759255,3.95404,2.3566475000000002,3.194785
model_gaba,28264513,-0.876447,1.90969,0.5166215000000001,2.786137
model_gaba,29658673,-0.694114,3.67877,1.492328,4.372884
model_gaba,29751086,-1.24201,2.15306,0.45552499999999996,3.39507
model_gaba,29871328,-0.102215,4.83452,2.3661525,4.9367350000000005
model_gaba,30151696,-0.249815,6.81611,3.2831475,7.065925
model_gaba,30276332,1.80803,2.42302,2.115525,0.6149900000000001
model_gaba,30649663,0.964664,1.90561,1.435137,0.9409460000000001
model_gaba,30779144,-1.01133,3.63344,1.3110549999999999,4.644769999999999
model_gaba,31070544,0.337778,2.12271,1.2302440000000001,1.784932
model_gaba,31171219,0.778609,2.43597,1.6072895,1.6573610000000003
model_gaba,31825112,-0.367,0.680185,0.15659250000000002,1.047185
model_gaba,31851798,0.46998,1.44534,0.9576600000000001,0.97536
model_gaba,32581973,1.47888,2.31115,1.895015,0.8322700000000001
model_gaba,34458922,-1.00055,1.57361,0.28652999999999995,2.57416
model_gaba,35704260,0.159582,2.88253,1.521056,2.722948
model_gaba,36383037,-0.2491,2.37535,1.063125,2.62445
model_gaba,37280746,0.388742,0.441567,0.4151545,0.05282500000000001
model_gaba,37805580,-1.21753,0.96968,-0.12392500000000001,2.18721
model_gaba,38072766,0.057605,2.84616,1.4518825,2.7885549999999997
model_gaba,38521433,0.438194,3.4539,1.946047,3.0157059999999998
model_gaba,38666520,1.36775,1.50944,1.4385949999999998,0.14168999999999987
model_gaba,39453204,0.179484,1.22526,0.702372,1.045776
model_gaba,39583981,-1.10437,3.8532,1.374415,4.9575700000000005
model_gaba,39776858,0.0232519,4.50951,2.26638095,4.4862581
model_gaba,40201562,2.33835,5.32321,3.8307800000000003,2.9848600000000003
model_gaba,41213271,0.17856,0.450781,0.31467049999999996,0.272221
model_gaba,41383458,1.38492,2.89758,2.14125,1.5126600000000001
model_gaba,41429086,0.154555,4.04695,2.1007525,3.8923949999999996
model_gaba,41548748,-0.793665,2.30136,0.7538475,3.0950249999999997
model_gaba,42449851,-2.08675,3.18855,0.5509000000000002,5.2753
model_gaba,42823353,0.893787,2.22032,1.5570535,1.326533
model_gaba,43525440,0.914247,1.93882,1.4265335000000001,1.024573
model_gaba,43720294,0.278055,3.98154,2.1297975,3.7034849999999997
model_gaba,43926786,-0.512454,1.76237,0.624958,2.2748239999999997
model_gaba,44576096,-1.40337,2.13617,0.36639999999999995,3.5395399999999997
model_gaba,45544719,-1.13456,5.45252,2.1589799999999997,6.58708
model_gaba,48028426,-0.802839,3.23549,1.2163255,4.038329
model_gaba,48054415,-0.159672,1.73575,0.7880389999999999,1.895422
model_gaba,50395729,-1.45448,-0.149918,-0.802199,1.304562
model_gaba,51076110,0.858023,5.41066,3.1343415,4.552637
model_gaba,51649816,-1.00302,1.10858,0.05277999999999994,2.1116
model_gaba,52071148,-0.620187,0.646023,0.012917999999999985,1.26621
model_gaba,52801880,-0.280355,2.43593,1.0777875,2.716285
model_gaba,53120454,0.340362,3.45192,1.8961409999999999,3.111558
model_gaba,54633971,0.0992474,1.64446,0.8718537000000001,1.5452126
model_gaba,54741718,2.26861,2.80146,2.5350349999999997,0.5328500000000003
model_gaba,55417875,0.211582,4.07742,2.144501,3.865838
model_gaba,55499880,-0.779672,2.81615,1.018239,3.595822
model_gaba,55619168,0.854123,2.28334,1.5687315,1.429217
model_gaba,55836894,-0.785805,2.56435,0.8892725000000001,3.350155
model_gaba,56819618,-0.518789,4.54601,2.0136105,5.064799
model_gaba,57172435,-0.230596,0.802008,0.285706,1.032604
model_gaba,57348284,-0.544608,4.47964,1.9675159999999998,5.024248
model_gaba,57930100,-1.92121,0.672725,-0.6242425,2.593935
model_gaba,57968987,0.891913,1.90845,1.4001815,1.016537
model_gaba,59057693,-0.474122,2.01756,0.771719,2.491682
model_gaba,59343528,-0.277261,6.15556,2.9391495,6.432821000000001
model_gaba,60184938,-0.340234,0.47029,0.065028,0.810524
model_gaba,60186708,-0.971246,1.08472,0.056736999999999926,2.0559659999999997
model_gaba,60281382,-0.144235,5.21783,2.5367975,5.362065
model_gaba,60334165,-0.498161,5.37082,2.4363295000000003,5.868981
model_gaba,60530234,0.309655,4.43753,2.3735925,4.1278749999999995
model_gaba,61581707,-0.189426,2.14897,0.9797719999999999,2.338396
model_gaba,61756624,0.221838,4.73338,2.477609,4.511542
model_gaba,63213959,2.08385,2.28921,2.1865300000000003,0.2053600000000002
model_gaba,63218063,-0.640029,3.07093,1.2154505000000002,3.710959
model_gaba,63989137,-0.107606,2.17205,1.032222,2.279656
model_gaba,64043761,-1.20329,0.502401,-0.3504445,1.7056909999999998
model_gaba,64082948,1.64815,4.10365,2.8759,2.4555
model_gaba,64309040,0.204564,0.0409711,0.12276755,-0.16359289999999999
model_gaba,65620046,0.839633,2.13709,1.4883615000000001,1.297457
model_gaba,66092324,0.383596,3.5256,1.9545979999999998,3.142004
model_gaba,66847819,0.144247,5.65038,2.8973135,5.506133
model_gaba,67342911,-0.529949,1.28427,0.3771605,1.814219
model_gaba,67844279,-0.868177,1.42732,0.2795715,2.295497
model_gaba,68000499,1.08237,1.73662,1.4094950000000002,0.65425
model_gaba,69159223,0.570443,3.68756,2.1290015,3.117117
model_gaba,69366941,-1.34925,1.93965,0.2952,3.2889
model_gaba,69973472,-0.580747,4.06218,1.7407164999999998,4.642926999999999
model_gaba,70910152,0.840595,4.05265,2.4466225,3.212055
model_gaba,72155879,1.4584,5.11036,3.28438,3.65196
model_gaba,72358748,-0.170308,2.12182,0.9757560000000001,2.292128
model_gaba,79630427,-0.336487,5.57403,2.6187715,5.910517
model_gaba,80301458,0.583053,0.862579,0.722816,0.27952599999999994
model_gaba,80461839,1.8449,3.11951,2.482205,1.27461
model_gaba,82149344,-0.56524,3.25695,1.3458549999999998,3.82219
model_gaba,83490451,0.0202453,4.54945,2.28484765,4.5292047
model_gaba,84037702,-2.07214,-0.241677,-1.1569085000000001,1.8304630000000002
model_gaba,84828767,-0.148774,0.733661,0.2924435,0.882435
model_gaba,90973178,-0.799809,0.608198,-0.09580549999999999,1.408007
model_gaba,92159995,1.18558,1.27263,1.2291050000000001,0.08704999999999985
model_gaba,92432902,1.93206,4.34156,3.13681,2.4095000000000004
model_gaba,92523261,0.321918,4.21442,2.268169,3.8925019999999995
model_gaba,94345446,0.113572,0.935231,0.5244015,0.821659
model_gaba,94998851,-0.854586,3.85917,1.5022920000000002,4.713756
model_gaba,97970921,-1.83134,1.15161,-0.339865,2.9829499999999998
model_gaba,110841481,-0.638063,1.65293,0.5074335,2.2909930000000003
model_gaba,110937433,-0.301527,3.71975,1.7091115,4.0212769999999995
model_gaba,111086310,-0.984911,3.58817,1.3016295,4.573081
model_gaba,111096801,-0.49208,5.72981,2.618865,6.221889999999999
model_gaba,111844771,0.492672,4.74318,2.6179259999999998,4.250508
model_gaba,112091464,-0.148896,5.7325,2.791802,5.881396
model_gaba,112517217,-1.02264,1.01654,-0.003049999999999997,2.03918
model_gaba,112917188,-0.759222,5.75208,2.496429,6.511302000000001
model_gaba,112957066,-1.0317,1.33568,0.15198999999999996,2.36738
model_gaba,113174215,-0.386884,2.7761,1.1946080000000001,3.162984
model_gaba,113237194,-1.51686,2.66905,0.5760949999999999,4.18591
model_gaba,113387068,0.408789,0.351534,0.38016150000000004,-0.057255
model_gaba,114552708,-1.33352,-0.765484,-1.049502,0.568036
model_gaba,115212275,-0.8883,2.68116,0.8964300000000001,3.5694600000000003
model_gaba,117385823,-0.796692,2.22218,0.7127439999999999,3.018872
model_gaba,118382279,-0.142569,2.01351,0.9354705000000001,2.156079
model_gaba,121801833,0.467029,11.0258,5.7464145,10.558771
model_gaba,122083369,-1.67045,1.50697,-0.08174000000000003,3.1774199999999997
model_gaba,122408481,-1.21429,2.29839,0.5420499999999999,3.51268
model_gaba,123660597,-1.75311,2.01434,0.13061499999999993,3.7674499999999997
model_gaba,123930959,-2.29088,-0.693279,-1.4920795,1.597601
model_gaba,124782577,-0.431893,3.75565,1.6618785,4.187543
model_gaba,125237313,0.547754,3.27957,1.913662,2.7318160000000002
model_gaba,125339679,-0.937539,2.71988,0.8911704999999999,3.657419
model_gaba,125524260,-0.72056,3.52761,1.4035250000000001,4.24817
model_gaba,130293488,0.025643,3.35312,1.6893815,3.327477
model_gaba,130597088,-0.266769,4.90633,2.3197805,5.173099
model_gaba,134330542,0.382391,2.09191,1.2371505,1.709519
model_gaba,135517362,-1.5561,-1.31168,-1.4338899999999999,0.24442000000000008
model_gaba,135672596,-1.60981,2.66065,0.52542,4.27046
model_gaba,135736530,0.199543,-0.633427,-0.21694199999999997,-0.83297
model_gaba,136295480,-0.470085,5.76039,2.6451525,6.230475
model_gaba,136348275,-0.00732028,1.70078,0.84672986,1.70810028
model_gaba,136981533,-0.804208,-0.396638,-0.600423,0.40757000000000004
model_gaba,137280633,-1.29796,1.41886,0.060450000000000004,2.7168200000000002
model_gaba,138390224,-0.556528,5.72919,2.586331,6.285718
model_gaba,140267022,1.52711,2.83972,2.183415,1.3126099999999998
model_gaba,141253295,0.419859,3.42456,1.9222095000000001,3.004701
model_gaba,141542924,-1.78121,1.57303,-0.10409000000000002,3.35424
model_gaba,141831212,0.3197,1.25305,0.786375,0.93335
model_gaba,142392893,-0.884399,1.58548,0.3505405,2.469879
model_gaba,143669176,-1.21807,1.83537,0.30865,3.05344
model_gaba,144855245,0.553607,1.31189,0.9327485,0.758283
model_gaba,144964754,0.168562,1.53239,0.850476,1.3638279999999998
model_gaba,146042158,-1.13595,-0.123805,-0.6298775,1.012145
model_gaba,146061521,-1.99447,0.970334,-0.512068,2.964804
model_gaba,146906985,-0.936688,0.725818,-0.105435,1.662506
model_gaba,147701848,-0.406295,3.37001,1.4818575,3.7763050000000002
model_gaba,148868119,-0.708966,2.71996,1.005497,3.4289259999999997
model_gaba,148952494,0.317967,1.62561,0.9717884999999999,1.307643
model_gaba,149709982,-2.16076,-0.430083,-1.2954214999999998,1.7306769999999998
model_gaba,150038288,-0.432575,0.427499,-0.0025379999999999847,0.860074
model_gaba,150237087,-1.73926,2.80984,0.5352899999999999,4.5491
model_gaba,150299361,0.289942,3.39672,1.843331,3.1067780000000003
model_gaba,151408587,-0.529992,2.41887,0.944439,2.948862
model_gaba,152769231,-0.294585,1.32196,0.5136875000000001,1.616545
model_gaba,152958814,-1.56891,4.03692,1.2340050000000002,5.60583
model_gaba,153450897,-0.517424,1.52918,0.505878,2.046604
model_gaba,154461990,-0.822143,1.28023,0.2290435,2.102373
model_gaba,154704064,-1.67277,3.76488,1.046055,5.43765
model_gaba,155190506,-0.190435,1.29886,0.5542125,1.4892949999999998
model_gaba,155379621,-0.0956309,1.80761,0.85598955,1.9032409
model_gaba,156021841,-0.718356,-0.602297,-0.6603265,0.11605900000000002
model_gaba,157312444,0.290771,4.74545,2.5181105,4.454679
model_gaba,157655614,0.690095,2.09099,1.3905425,1.4008950000000002
model_gaba,157691935,0.410854,4.69469,2.5527719999999996,4.283836
model_gaba,159066706,-3.06323,2.25308,-0.40507499999999985,5.31631
model_gaba,160259456,-0.671672,0.530674,-0.07049900000000003,1.202346
model_gaba,161239003,-0.459886,1.62099,0.580552,2.080876
model_gaba,162353055,0.0574678,2.59507,1.3262689,2.5376022000000003
model_gaba,162354840,0.255791,2.31716,1.2864754999999999,2.061369
model_gaba,163186746,-2.29769,-0.219612,-1.258651,2.0780779999999996
model_gaba,164064591,-0.76166,1.04642,0.14237999999999995,1.80808
model_gaba,164824205,-1.06602,3.34379,1.138885,4.40981
model_gaba,164874291,-1.43823,-0.121144,-0.7796869999999999,1.317086
model_gaba,165288521,-0.96839,2.15207,0.5918400000000001,3.12046
model_gaba,165369327,0.574847,2.27553,1.4251885,1.7006829999999997
model_gaba,165959237,-0.889398,0.841525,-0.023936500000000027,1.730923
model_gaba,166274725,-0.434814,3.75125,1.6582180000000002,4.186064
model_gaba,166338974,-0.400394,2.87123,1.2354180000000001,3.271624
model_gaba,166386545,0.290218,-0.0543248,0.11794659999999998,-0.3445428
model_gaba,166471280,-0.311551,0.709973,0.19921099999999997,1.0215239999999999
model_gaba,166741227,-0.65246,3.42724,1.38739,4.0797
model_gaba,166922849,-0.621773,6.16356,2.7708935,6.7853330000000005
model_gaba,168370463,-0.581008,3.79231,1.605651,4.373318
model_gaba,168641000,-0.565542,1.74703,0.590744,2.3125720000000003
model_gaba,169786920,-0.988983,2.29302,0.6520185,3.2820029999999996
model_gaba,171526079,-0.494697,2.00257,0.7539365,2.497267
model_gaba,171674018,0.554622,2.72203,1.6383260000000002,2.167408
model_gaba,171990823,0.132509,1.32797,0.7302395,1.195461
model_gaba,172283288,-1.39739,1.45488,0.02874500000000002,2.85227
model_gaba,172442389,0.102181,1.69495,0.8985655,1.5927689999999999
model_gaba,174433203,-0.658033,1.25232,0.29714350000000006,1.9103530000000002
model_gaba,174603925,-0.0477806,1.49254,0.7223797,1.5403206
model_gaba,175029071,0.101689,5.11766,2.6096745,5.0159709999999995
model_gaba,175924853,-0.472414,1.59029,0.5589379999999999,2.062704
model_gaba,176214110,-1.59487,0.0889065,-0.75298175,1.6837765
model_gaba,176617846,0.0406896,2.73218,1.3864348,2.6914904
model_gaba,177344780,-0.148552,4.87171,2.3615790000000003,5.020262
model_gaba,177528314,0.00466255,0.972836,0.48874927500000004,0.96817345
model_gaba,177688664,0.340881,5.48407,2.9124755,5.143189
model_gaba,177896969,-1.17007,0.694031,-0.2380195,1.8641009999999998
model_gaba,178045655,-0.615647,3.0753,1.2298265,3.690947
model_gaba,178282579,-0.703637,4.31844,1.8074014999999999,5.0220769999999995
model_gaba,178684006,-0.794211,3.49068,1.3482344999999998,4.284891
model_gaba,178998455,-0.689194,2.50204,0.906423,3.191234
model_gaba,181526703,0.205493,4.10565,2.1555714999999998,3.9001569999999997
model_gaba,182136619,0.414581,2.63677,1.5256755,2.2221889999999997
model_gaba,183176019,-1.14154,2.57763,0.718045,3.71917
model_gaba,183475605,-0.588639,0.382402,-0.1031185,0.971041
model_gaba,183762098,-0.422101,5.12946,2.3536795,5.5515609999999995
model_gaba,184059377,-0.320274,5.74618,2.7129529999999997,6.066454
model_gaba,186213995,-0.640067,1.53613,0.44803149999999997,2.176197
model_gaba,186940717,-0.455171,1.5025,0.5236645,1.957671
model_gaba,187495574,-0.09569,2.52267,1.2134900000000002,2.61836
model_gaba,188448101,0.808222,1.55349,1.180856,0.745268
model_gaba,188764715,-1.41755,-0.0942478,-0.7558989,1.3233022
model_gaba,190042837,-1.38938,2.89802,0.7543199999999999,4.2874
model_gaba,191170875,1.8179,6.40524,4.11157,4.58734
model_gaba,191996808,-0.33621,1.75714,0.7104649999999999,2.09335
model_gaba,193109536,-1.082,4.90847,1.9132350000000002,5.99047
model_gaba,195112416,-0.360057,1.19258,0.41626149999999995,1.552637
model_gaba,195135326,-0.949765,0.454967,-0.24739899999999998,1.404732
model_gaba,195145348,-1.26451,0.45661,-0.40395000000000003,1.72112
model_gaba,195166026,-1.04587,2.18865,0.57139,3.23452
model_gaba,195629783,-0.647887,1.42499,0.3885515,2.072877
model_gaba,195966822,-0.703344,-0.311862,-0.507603,0.391482
model_gaba,197382673,-1.20969,1.92379,0.35705,3.1334799999999996
model_gaba,198118454,-0.572745,1.24056,0.3339075000000001,1.8133050000000002
model_gaba,199436480,-0.412919,0.61738,0.10223050000000003,1.030299
model_ampa,458976,-0.372793,0.519705,0.073456,0.892498
model_ampa,829055,-0.74794,0.482963,-0.13248850000000004,1.230903
model_ampa,1647364,-0.224551,0.647072,0.2112605,0.871623
model_ampa,2190836,0.674627,0.188028,0.4313275,-0.486599
model_ampa,2270310,2.19421,1.03522,1.614715,-1.15899
model_ampa,2695459,1.11154,1.06836,1.08995,-0.043179999999999996
model_ampa,2904393,-0.939162,0.926412,-0.0063750000000000195,1.865574
model_ampa,3287674,-0.615832,1.06857,0.226369,1.684402
model_ampa,4254555,0.941775,0.933867,0.937821,-0.007908000000000026
model_ampa,4631192,-1.05476,0.232681,-0.41103949999999995,1.2874409999999998
model_ampa,4794212,0.463298,-0.165631,0.1488335,-0.628929
model_ampa,4885471,1.17122,1.05004,1.11063,-0.12117999999999984
model_ampa,5182386,0.378885,0.941889,0.6603870000000001,0.563004
model_ampa,5432841,0.284159,1.01288,0.6485195,0.728721
model_ampa,5901115,0.535295,1.22532,0.8803075,0.690025
model_ampa,5978534,-1.0511,-0.114293,-0.5826965,0.936807
model_ampa,6000160,-1.28165,-0.373936,-0.827793,0.9077139999999999
model_ampa,6314205,-0.876897,0.794989,-0.040954000000000046,1.671886
model_ampa,6502630,-0.753131,0.743821,-0.00465500000000002,1.4969519999999998
model_ampa,7127936,0.87714,-0.0653873,0.40587635,-0.9425273000000001
model_ampa,7478069,-0.315454,0.277155,-0.019149500000000014,0.5926089999999999
model_ampa,7764421,-0.977359,1.49746,0.2600505,2.474819
model_ampa,8043474,0.51997,0.196843,0.3584065,-0.32312700000000005
model_ampa,10058298,-1.24006,1.6469,0.20342000000000005,2.88696
model_ampa,10121092,0.237831,1.42116,0.8294954999999999,1.183329
model_ampa,11922061,1.52278,0.599226,1.061003,-0.923554
model_ampa,12029891,0.667947,-0.177961,0.24499299999999996,-0.845908
model_ampa,13471924,-0.00212866,0.843366,0.42061867,0.84549466
model_ampa,14759699,0.949317,-0.0307526,0.4592822,-0.9800696
model_ampa,14783858,0.616908,-0.094193,0.2613575,-0.711101
model_ampa,14850118,-0.925732,0.155886,-0.384923,1.081618
model_ampa,14893890,-1.34412,1.08952,-0.12729999999999997,2.43364
model_ampa,15059321,1.27375,0.241663,0.7577065,-1.032087
model_ampa,16190159,-0.386065,-0.358617,-0.37234100000000003,0.027447999999999972
model_ampa,16275727,-1.07917,0.395224,-0.34197299999999997,1.474394
model_ampa,16708319,0.590989,0.524587,0.557788,-0.06640199999999996
model_ampa,17213220,-0.517114,0.967689,0.22528750000000003,1.4848029999999999
model_ampa,17696979,-0.523955,0.332529,-0.09571299999999996,0.856484
model_ampa,18455372,1.66929,1.33327,1.50128,-0.33602
model_ampa,18801650,0.740905,1.06883,0.9048674999999999,0.3279249999999999
model_ampa,18904077,-1.09934,-0.235114,-0.667227,0.8642259999999999
model_ampa,18952353,-0.0158306,1.19186,0.5880147,1.2076905999999998
model_ampa,19031295,0.0283262,0.349765,0.1890456,0.32143879999999997
model_ampa,19316057,-0.793316,0.000308669,-0.3965036655,0.7936246690000001
model_ampa,19432693,0.0877839,0.774441,0.43111245000000004,0.6866571
model_ampa,20051604,-0.969067,0.734659,-0.11720400000000003,1.703726
model_ampa,20830744,0.819663,0.341091,0.580377,-0.47857200000000005
model_ampa,21053574,-1.20786,0.894971,-0.1564445,2.102831
model_ampa,21313420,-0.0283878,0.534569,0.2530906,0.5629567999999999
model_ampa,22084493,0.619434,1.90559,1.262512,1.2861559999999999
model_ampa,23343892,-0.843745,0.918747,0.03750100000000001,1.762492
model_ampa,24115048,0.931039,0.105018,0.5180285,-0.8260209999999999
model_ampa,24495953,-0.798449,1.06409,0.1328205,1.862539
model_ampa,25000478,-0.600391,0.386567,-0.10691200000000001,0.986958
model_ampa,25067315,0.207162,1.49117,0.8491660000000001,1.284008
model_ampa,25356336,-1.30039,0.621508,-0.339441,1.9218979999999999
model_ampa,25517914,0.275951,-0.41512,-0.0695845,-0.691071
model_ampa,25821028,-1.50527,-0.394811,-0.9500405000000001,1.110459
model_ampa,26901488,-1.45404,-0.0186363,-0.73633815,1.4354037
model_ampa,27363295,0.91464,1.46884,1.19174,0.5541999999999999
model_ampa,27578624,-0.646848,0.493375,-0.07673649999999999,1.140223
model_ampa,28113492,0.759255,1.78674,1.2729975,1.027485
model_ampa,28264513,-0.876447,1.077,0.10027649999999999,1.953447
model_ampa,29658673,-0.694114,0.166277,-0.2639185,0.860391
model_ampa,29751086,-1.24201,0.411899,-0.4150555,1.653909
model_ampa,29871328,-0.102215,0.790867,0.344326,0.8930819999999999
model_ampa,30151696,-0.249815,0.114059,-0.06787800000000001,0.36387400000000003
model_ampa,30276332,1.80803,1.03904,1.423535,-0.7689900000000001
model_ampa,30649663,0.964664,0.72061,0.842637,-0.244054
model_ampa,30779144,-1.01133,0.206048,-0.402641,1.217378
model_ampa,31070544,0.337778,0.571161,0.4544695,0.233383
model_ampa,31171219,0.778609,0.96906,0.8738345000000001,0.19045100000000004
model_ampa,31825112,-0.367,0.22251,-0.07224499999999999,0.58951
model_ampa,31851798,0.46998,-0.291193,0.08939350000000001,-0.761173
model_ampa,32581973,1.47888,0.631049,1.0549645,-0.847831
model_ampa,34458922,-1.00055,0.814972,-0.09278900000000001,1.815522
model_ampa,35704260,0.159582,0.823291,0.4914365,0.663709
model_ampa,36383037,-0.2491,0.965056,0.357978,1.214156
model_ampa,37280746,0.388742,0.421504,0.405123,0.03276200000000001
model_ampa,37805580,-1.21753,-0.102852,-0.660191,1.114678
model_ampa,38072766,0.057605,0.284874,0.17123950000000002,0.227269
model_ampa,38521433,0.438194,0.786466,0.61233,0.348272
model_ampa,38666520,1.36775,0.462645,0.9151975,-0.905105
model_ampa,39453204,0.179484,-0.0216678,0.07890810000000001,-0.2011518
model_ampa,39583981,-1.10437,1.19963,0.04762999999999995,2.3040000000000003
model_ampa,39776858,0.0232519,0.528456,0.27585395,0.5052041
model_ampa,40201562,2.33835,1.17093,1.7546400000000002,-1.1674200000000001
model_ampa,41213271,0.17856,0.249755,0.2141575,0.07119500000000001
model_ampa,41383458,1.38492,0.457028,0.920974,-0.9278919999999999
model_ampa,41429086,0.154555,0.267104,0.2108295,0.11254900000000001
model_ampa,41548748,-0.793665,1.41719,0.3117625,2.210855
model_ampa,42449851,-2.08675,0.10961,-0.98857,2.19636
model_ampa,42823353,0.893787,0.406798,0.6502924999999999,-0.486989
model_ampa,43525440,0.914247,1.18677,1.0505085,0.27252300000000007
model_ampa,43720294,0.278055,1.6363,0.9571775,1.3582450000000001
model_ampa,43926786,-0.512454,-0.0840831,-0.29826854999999997,0.4283709
model_ampa,44576096,-1.40337,0.73528,-0.334045,2.13865
model_ampa,45544719,-1.13456,0.59562,-0.26947,1.73018
model_ampa,48028426,-0.802839,0.900946,0.04905350000000003,1.7037849999999999
model_ampa,48054415,-0.159672,-0.236727,-0.1981995,-0.07705499999999998
model_ampa,50395729,-1.45448,0.790873,-0.3318035,2.245353
model_ampa,51076110,0.858023,0.989434,0.9237285,0.13141100000000006
model_ampa,51649816,-1.00302,0.223333,-0.3898435,1.226353
model_ampa,52071148,-0.620187,0.744512,0.062162499999999954,1.3646989999999999
model_ampa,52801880,-0.280355,0.0990359,-0.09065955,0.37939090000000003
model_ampa,53120454,0.340362,0.0751734,0.2077677,-0.2651886
model_ampa,54633971,0.0992474,-0.371646,-0.1361993,-0.47089339999999996
model_ampa,54741718,2.26861,1.514,1.891305,-0.7546099999999998
model_ampa,55417875,0.211582,1.14089,0.676236,0.929308
model_ampa,55499880,-0.779672,0.907806,0.06406699999999999,1.687478
model_ampa,55619168,0.854123,1.27062,1.0623715,0.4164970000000001
model_ampa,55836894,-0.785805,1.31537,0.2647825,2.101175
model_ampa,56819618,-0.518789,0.0119563,-0.25341634999999996,0.5307453
model_ampa,57172435,-0.230596,0.905794,0.337599,1.13639
model_ampa,57348284,-0.544608,-0.0312305,-0.28791925,0.5133774999999999
model_ampa,57930100,-1.92121,-0.400749,-1.1609795,1.520461
model_ampa,57968987,0.891913,0.453588,0.6727505,-0.43832499999999996
model_ampa,59057693,-0.474122,1.14323,0.334554,1.617352
model_ampa,59343528,-0.277261,0.0335752,-0.12184289999999999,0.3108362
model_ampa,60184938,-0.340234,-0.445135,-0.3926845,-0.10490100000000002
model_ampa,60186708,-0.971246,-0.245079,-0.6081625,0.726167
model_ampa,60281382,-0.144235,0.825174,0.3404695,0.969409
model_ampa,60334165,-0.498161,0.684086,0.09296249999999998,1.182247
model_ampa,60530234,0.309655,0.577519,0.443587,0.267864
model_ampa,61581707,-0.189426,0.322979,0.0667765,0.512405
model_ampa,61756624,0.221838,0.926253,0.5740455,0.704415
model_ampa,63213959,2.08385,0.509784,1.2968169999999999,-1.574066
model_ampa,63218063,-0.640029,0.377398,-0.13131549999999997,1.017427
model_ampa,63989137,-0.107606,0.564591,0.2284925,0.6721969999999999
model_ampa,64043761,-1.20329,-0.0917652,-0.6475276,1.1115248
model_ampa,64082948,1.64815,0.789507,1.2188284999999999,-0.858643
model_ampa,64309040,0.204564,0.346293,0.2754285,0.14172900000000002
model_ampa,65620046,0.839633,0.998426,0.9190294999999999,0.15879300000000007
model_ampa,66092324,0.383596,0.569232,0.476414,0.18563599999999997
model_ampa,66847819,0.144247,0.410847,0.277547,0.26660000000000006
model_ampa,67342911,-0.529949,0.124623,-0.202663,0.654572
model_ampa,67844279,-0.868177,0.986517,0.05917,1.8546939999999998
model_ampa,68000499,1.08237,-0.0173925,0.5324887500000001,-1.0997625
model_ampa,69159223,0.570443,0.910081,0.740262,0.339638
model_ampa,69366941,-1.34925,0.276129,-0.5365605,1.6253790000000001
model_ampa,69973472,-0.580747,0.695971,0.057612,1.276718
model_ampa,70910152,0.840595,0.357197,0.598896,-0.483398
model_ampa,72155879,1.4584,0.80685,1.132625,-0.65155
model_ampa,72358748,-0.170308,-0.117039,-0.1436735,0.05326899999999998
model_ampa,79630427,-0.336487,0.632835,0.14817400000000003,0.969322
model_ampa,80301458,0.583053,0.387573,0.485313,-0.19548000000000004
model_ampa,80461839,1.8449,0.74634,1.29562,-1.09856
model_ampa,82149344,-0.56524,0.209046,-0.17809699999999998,0.774286
model_ampa,83490451,0.0202453,0.719404,0.36982465000000003,0.6991587
model_ampa,84037702,-2.07214,0.711503,-0.6803185,2.783643
model_ampa,84828767,-0.148774,-0.448498,-0.298636,-0.299724
model_ampa,90973178,-0.799809,0.185448,-0.30718049999999997,0.985257
model_ampa,92159995,1.18558,1.15994,1.17276,-0.025640000000000107
model_ampa,92432902,1.93206,0.482429,1.2072445,-1.4496310000000001
model_ampa,92523261,0.321918,0.666229,0.49407349999999994,0.344311
model_ampa,94345446,0.113572,0.9073,0.510436,0.793728
model_ampa,94998851,-0.854586,-0.42854,-0.641563,0.426046
model_ampa,97970921,-1.83134,1.30442,-0.26346,3.13576
model_ampa,110841481,-0.638063,1.7435,0.5527185,2.381563
model_ampa,110937433,-0.301527,1.26839,0.48343149999999996,1.5699169999999998
model_ampa,111086310,-0.984911,0.015212,-0.4848495,1.0001229999999999
model_ampa,111096801,-0.49208,1.73002,0.6189699999999999,2.2220999999999997
model_ampa,111844771,0.492672,0.633531,0.5631014999999999,0.14085899999999996
model_ampa,112091464,-0.148896,1.06392,0.457512,1.212816
model_ampa,112517217,-1.02264,-0.15237,-0.5875049999999999,0.87027
model_ampa,112917188,-0.759222,0.982784,0.11178100000000002,1.742006
model_ampa,112957066,-1.0317,0.284209,-0.37374550000000006,1.315909
model_ampa,113174215,-0.386884,0.634422,0.12376900000000002,1.021306
model_ampa,113237194,-1.51686,0.0461308,-0.7353646,1.5629908000000001
model_ampa,113387068,0.408789,0.590481,0.49963500000000005,0.18169200000000002
model_ampa,114552708,-1.33352,0.901682,-0.21591900000000003,2.235202
model_ampa,115212275,-0.8883,0.302736,-0.292782,1.191036
model_ampa,117385823,-0.796692,0.920814,0.06206100000000003,1.717506
model_ampa,118382279,-0.142569,0.674409,0.26592000000000005,0.816978
model_ampa,121801833,0.467029,1.4119,0.9394644999999999,0.9448709999999999
model_ampa,122083369,-1.67045,0.0205153,-0.82496735,1.6909653
model_ampa,122408481,-1.21429,1.01094,-0.10167500000000007,2.22523
model_ampa,123660597,-1.75311,-0.699622,-1.226366,1.053488
model_ampa,123930959,-2.29088,0.340084,-0.975398,2.630964
model_ampa,124782577,-0.431893,1.52905,0.5485785,1.960943
model_ampa,125237313,0.547754,1.18951,0.8686320000000001,0.6417560000000001
model_ampa,125339679,-0.937539,0.419609,-0.258965,1.357148
model_ampa,125524260,-0.72056,-0.414515,-0.5675375,0.30604499999999996
model_ampa,130293488,0.025643,1.36347,0.6945565,1.3378269999999999
model_ampa,130597088,-0.266769,1.10425,0.41874049999999996,1.371019
model_ampa,134330542,0.382391,0.329862,0.3561265,-0.05252899999999999
model_ampa,135517362,-1.5561,-0.407537,-0.9818185,1.148563
model_ampa,135672596,-1.60981,0.223976,-0.692917,1.833786
model_ampa,135736530,0.199543,0.377139,0.288341,0.177596
model_ampa,136295480,-0.470085,1.77437,0.6521425000000001,2.244455
model_ampa,136348275,-0.00732028,0.417505,0.20509236,0.42482528
model_ampa,136981533,-0.804208,0.0574952,-0.37335640000000003,0.8617032
model_ampa,137280633,-1.29796,0.143107,-0.5774265,1.441067
model_ampa,138390224,-0.556528,0.487254,-0.034637,1.043782
model_ampa,140267022,1.52711,-0.0857913,0.72065935,-1.6129012999999999
model_ampa,141253295,0.419859,0.907124,0.6634915,0.48726500000000006
model_ampa,141542924,-1.78121,0.283025,-0.7490924999999999,2.064235
model_ampa,141831212,0.3197,0.666313,0.4930065,0.34661300000000006
model_ampa,142392893,-0.884399,-0.151458,-0.5179285,0.7329410000000001
model_ampa,143669176,-1.21807,0.147544,-0.535263,1.3656139999999999
model_ampa,144855245,0.553607,0.766903,0.660255,0.21329600000000004
model_ampa,144964754,0.168562,0.144308,0.156435,-0.024253999999999998
model_ampa,146042158,-1.13595,-1.03981,-1.08788,0.09614000000000011
model_ampa,146061521,-1.99447,0.0137858,-0.9903421,2.0082558
model_ampa,146906985,-0.936688,0.277451,-0.3296185,1.2141389999999999
model_ampa,147701848,-0.406295,0.205926,-0.10018450000000001,0.612221
model_ampa,148868119,-0.708966,1.47017,0.380602,2.1791359999999997
model_ampa,148952494,0.317967,0.894599,0.606283,0.576632
model_ampa,149709982,-2.16076,-0.134297,-1.1475285,2.0264629999999997
model_ampa,150038288,-0.432575,-0.110997,-0.27178599999999997,0.321578
model_ampa,150237087,-1.73926,-0.210803,-0.9750315,1.528457
model_ampa,150299361,0.289942,1.696,0.9929709999999999,1.406058
model_ampa,151408587,-0.529992,0.82896,0.149484,1.358952
model_ampa,152769231,-0.294585,-0.146406,-0.2204955,0.14817899999999998
model_ampa,152958814,-1.56891,0.0629328,-0.7529886,1.6318428
model_ampa,153450897,-0.517424,0.400227,-0.0585985,0.917651
model_ampa,154461990,-0.822143,0.594961,-0.113591,1.417104
model_ampa,154704064,-1.67277,1.10341,-0.28468000000000004,2.77618
model_ampa,155190506,-0.190435,0.390889,0.100227,0.581324
model_ampa,155379621,-0.0956309,0.331295,0.11783205,0.4269259
model_ampa,156021841,-0.718356,0.418477,-0.1499395,1.136833
model_ampa,157312444,0.290771,0.715123,0.502947,0.42435199999999995
model_ampa,157655614,0.690095,0.142643,0.416369,-0.547452
model_ampa,157691935,0.410854,0.23483,0.322842,-0.17602399999999999
model_ampa,159066706,-3.06323,0.805318,-1.128956,3.8685479999999997
model_ampa,160259456,-0.671672,1.09236,0.21034399999999998,1.764032
model_ampa,161239003,-0.459886,-0.0245286,-0.24220730000000001,0.4353574
model_ampa,162353055,0.0574678,0.411877,0.2346724,0.3544092
model_ampa,162354840,0.255791,-0.562122,-0.1531655,-0.817913
model_ampa,163186746,-2.29769,-0.609775,-1.4537324999999999,1.6879149999999998
model_ampa,164064591,-0.76166,-0.644765,-0.7032125,0.11689499999999997
model_ampa,164824205,-1.06602,-0.299419,-0.6827194999999999,0.766601
model_ampa,164874291,-1.43823,0.00219538,-0.7180173099999999,1.44042538
model_ampa,165288521,-0.96839,0.575972,-0.19620899999999997,1.544362
model_ampa,165369327,0.574847,0.852306,0.7135765000000001,0.277459
model_ampa,165959237,-0.889398,-0.242661,-0.5660295,0.646737
model_ampa,166274725,-0.434814,-0.400496,-0.417655,0.03431799999999996
model_ampa,166338974,-0.400394,0.648498,0.124052,1.048892
model_ampa,166386545,0.290218,0.781622,0.53592,0.49140400000000006
model_ampa,166471280,-0.311551,0.374977,0.03171299999999999,0.686528
model_ampa,166741227,-0.65246,0.380223,-0.13611850000000003,1.032683
model_ampa,166922849,-0.621773,1.24572,0.31197349999999996,1.867493
model_ampa,168370463,-0.581008,-0.205797,-0.3934025,0.37521099999999996
model_ampa,168641000,-0.565542,-0.0967913,-0.33116665,0.46875069999999996
model_ampa,169786920,-0.988983,-0.299033,-0.6440079999999999,0.68995
model_ampa,171526079,-0.494697,-0.185735,-0.340216,0.30896199999999996
model_ampa,171674018,0.554622,0.180155,0.3673885,-0.37446699999999994
model_ampa,171990823,0.132509,0.306041,0.219275,0.17353200000000002
model_ampa,172283288,-1.39739,-0.93249,-1.16494,0.46489999999999987
model_ampa,172442389,0.102181,0.471716,0.2869485,0.36953500000000006
model_ampa,174433203,-0.658033,0.304677,-0.176678,0.96271
model_ampa,174603925,-0.0477806,1.02971,0.4909647,1.0774906
model_ampa,175029071,0.101689,0.359968,0.2308285,0.25827900000000004
model_ampa,175924853,-0.472414,0.277182,-0.09761600000000001,0.7495959999999999
model_ampa,176214110,-1.59487,-0.164261,-0.8795655,1.430609
model_ampa,176617846,0.0406896,2.20831,1.1244998,2.1676204
model_ampa,177344780,-0.148552,0.222289,0.0368685,0.370841
model_ampa,177528314,0.00466255,0.496079,0.250370775,0.49141645
model_ampa,177688664,0.340881,0.168408,0.2546445,-0.172473
model_ampa,177896969,-1.17007,0.217572,-0.476249,1.387642
model_ampa,178045655,-0.615647,0.114419,-0.250614,0.7300660000000001
model_ampa,178282579,-0.703637,0.80566,0.05101150000000004,1.509297
model_ampa,178684006,-0.794211,0.370687,-0.211762,1.164898
model_ampa,178998455,-0.689194,0.896718,0.10376200000000002,1.585912
model_ampa,181526703,0.205493,1.20623,0.7058614999999999,1.000737
model_ampa,182136619,0.414581,-0.102132,0.1562245,-0.516713
model_ampa,183176019,-1.14154,0.528226,-0.306657,1.669766
model_ampa,183475605,-0.588639,0.699037,0.055199,1.287676
model_ampa,183762098,-0.422101,0.966159,0.27202899999999997,1.38826
model_ampa,184059377,-0.320274,0.801735,0.2407305,1.122009
model_ampa,186213995,-0.640067,0.571762,-0.03415250000000003,1.211829
model_ampa,186940717,-0.455171,-0.189505,-0.322338,0.26566599999999996
model_ampa,187495574,-0.09569,0.272475,0.08839250000000001,0.368165
model_ampa,188448101,0.808222,0.533177,0.6706995,-0.275045
model_ampa,188764715,-1.41755,0.502933,-0.45730850000000006,1.920483
model_ampa,190042837,-1.38938,0.62864,-0.38037000000000004,2.01802
model_ampa,191170875,1.8179,0.331293,1.0745965,-1.486607
model_ampa,191996808,-0.33621,-0.325466,-0.33083799999999997,0.010744000000000031
model_ampa,193109536,-1.082,-0.245213,-0.6636065,0.8367870000000001
model_ampa,195112416,-0.360057,0.402004,0.02097349999999998,0.762061
model_ampa,195135326,-0.949765,0.220841,-0.36446199999999995,1.170606
model_ampa,195145348,-1.26451,0.266382,-0.499064,1.5308920000000001
model_ampa,195166026,-1.04587,0.378151,-0.33385950000000003,1.4240210000000002
model_ampa,195629783,-0.647887,0.824,0.08805649999999998,1.471887
model_ampa,195966822,-0.703344,0.354503,-0.17442049999999998,1.057847
model_ampa,197382673,-1.20969,0.875004,-0.16734299999999996,2.084694
model_ampa,198118454,-0.572745,0.703488,0.06537150000000003,1.276233
model_ampa,199436480,-0.412919,1.38717,0.4871255,1.800089
healthy_mid,sub01,0.641239081,0.394314609,0.517776845,-0.24692447200000006
healthy_mid,sub02,1.831404182,0.209332282,1.020368232,-1.6220719
healthy_mid,sub03,0.429259957,-0.080797242,0.17423135750000002,-0.510057199
healthy_mid,sub04,0.485714164,1.011476268,0.748595216,0.525762104
healthy_mid,sub05,0.849911947,0.683040611,0.7664762789999999,-0.16687133599999993
healthy_mid,sub06,0.431749777,-0.014397352,0.2086762125,-0.446147129
healthy_mid,sub07,1.063692042,0.897171328,0.980431685,-0.16652071400000001
healthy_mid,sub08,0.571853189,2.196172368,1.3840127785,1.624319179
healthy_mid,sub09,0.265265585,0.411056838,0.3381612115,0.14579125299999995
healthy_mid,sub10,0.676952866,0.55226905,0.6146109580000001,-0.124683816
healthy_mid,sub11,1.82553949,1.349833559,1.5876865245,-0.475705931
healthy_mid,sub12,0.206641854,0.505325711,0.3559837825,0.298683857
healthy_mid,sub13,0.83223932,0.810771193,0.8215052565000001,-0.021468127000000004
healthy_mid,sub14,0.043032555,0.082483146,0.06275785049999999,0.03945059099999999
healthy_mid,sub15,0.876662641,0.832637608,0.8546501245,-0.04402503300000005
healthy_mid,sub16,0.453514446,0.365461053,0.4094877495,-0.08805339300000004
healthy_mid,sub17,1.394059853,1.150817085,1.272438469,-0.243242768
healthy_mid,sub18,0.469998695,1.962012353,1.216005524,1.4920136579999999
healthy_mid,sub19,0.43333433,0.532673546,0.483003938,0.09933921600000006
healthy_mid,sub20,0.284949241,1.005188663,0.645068952,0.7202394219999999
healthy_mid,sub21,-0.56912892,0.508066405,-0.03053125750000002,1.077195325
healthy_mid,sub22,0.317151499,-0.815325247,-0.24908687399999999,-1.132476746
healthy_mid,sub23,0.877068205,-0.297445489,0.289811358,-1.174513694
healthy_mid,sub24,1.175817796,0.010440181,0.5931289885000001,-1.165377615
healthy_mid,sub25,0.448599865,0.722741959,0.585670912,0.27414209400000006
healthy_mid,sub26,0.230252432,0.182641267,0.2064468495,-0.04761116500000001
healthy_mid,sub27,1.38530888,-0.74306157,0.321123655,-2.12837045
healthy_ket,sub01,0.641239081,0.650779926,0.6460095035,0.009540844999999964
healthy_ket,sub02,1.831404182,0.936159783,1.3837819825,-0.895244399
healthy_ket,sub03,0.429259957,0.127474443,0.27836720000000004,-0.30178551400000003
healthy_ket,sub04,0.485714164,0.858066537,0.6718903505,0.372352373
healthy_ket,sub05,0.849911947,1.215402073,1.0326570099999999,0.36549012599999997
healthy_ket,sub06,0.431749777,0.385145834,0.40844780550000004,-0.04660394299999998
healthy_ket,sub07,1.063692042,1.646153784,1.354922913,0.582461742
healthy_ket,sub08,0.571853189,1.158674125,0.8652636570000001,0.5868209360000001
healthy_ket,sub09,0.265265585,0.463231406,0.36424849550000005,0.197965821
healthy_ket,sub10,0.676952866,-0.502698205,0.08712733050000004,-1.1796510709999999
healthy_ket,sub11,1.82553949,0.599685319,1.2126124045,-1.225854171
healthy_ket,sub12,0.206641854,-0.650842208,-0.222100177,-0.857484062
healthy_ket,sub13,0.83223932,-0.068139393,0.3820499635,-0.900378713
healthy_ket,sub14,0.043032555,0.199667199,0.121349877,0.156634644
healthy_ket,sub15,0.876662641,0.567005332,0.7218339865000001,-0.309657309
healthy_ket,sub16,0.453514446,1.112570582,0.783042514,0.659056136
healthy_ket,sub17,1.394059853,1.818351732,1.6062057925,0.4242918790000001
healthy_ket,sub18,0.469998695,0.676488003,0.573243349,0.20648930799999998
healthy_ket,sub19,0.43333433,0.065501824,0.249418077,-0.367832506
healthy_ket,sub20,0.284949241,-0.107839806,0.08855471750000002,-0.392789047
healthy_ket,sub21,-0.56912892,0.285438097,-0.14184541150000002,0.854567017
healthy_ket,sub22,0.317151499,0.298913386,0.3080324425,-0.018238113
healthy_ket,sub23,0.877068205,-0.345322302,0.2658729515,-1.222390507
healthy_ket,sub24,1.175817796,0.566524622,0.871171209,-0.609293174
healthy_ket,sub25,0.448599865,0.006141198,0.2273705315,-0.44245866699999997
healthy_ket,sub26,0.230252432,-0.62725127,-0.198499419,-0.857503702
healthy_ket,sub27,1.38530888,1.231155415,1.3082321475,-0.15415346500000005
healthy_mid_resid,sub01,-0.097308728,-0.195847489,-0.1465781085,-0.09853876100000002
healthy_mid_resid,sub02,0.90731831,-0.15950589,0.37390620999999996,-1.0668242
healthy_mid_resid,sub03,-0.371363422,-0.553433265,-0.4623983435,-0.182069843
healthy_mid_resid,sub04,-0.346203838,0.581930414,0.11786328800000001,0.928134252
healthy_mid_resid,sub05,0.232193088,0.250608121,0.2414006045,0.018415033000000025
healthy_mid_resid,sub06,0.16430536,-0.405198536,-0.120446588,-0.5695038960000001
healthy_mid_resid,sub07,0.345816774,0.256467751,0.3011422625,-0.08934902299999997
healthy_mid_resid,sub08,-0.053098125,1.574364445,0.76063316,1.62746257
healthy_mid_resid,sub09,-0.548724385,-0.010053423,-0.279388904,0.538670962
healthy_mid_resid,sub10,0.047658916,0.023630009,0.0356444625,-0.024028907000000002
healthy_mid_resid,sub11,1.123413298,0.843512273,0.9834627855,-0.279901025
healthy_mid_resid,sub12,-0.451290554,-0.153270377,-0.3022804655,0.298020177
healthy_mid_resid,sub13,-0.001895989,0.266860773,0.132482392,0.268756762
healthy_mid_resid,sub14,-0.631242307,-0.341590199,-0.48641625299999997,0.28965210799999996
healthy_mid_resid,sub15,0.211814563,0.379851469,0.295833016,0.16803690599999999
healthy_mid_resid,sub16,-0.320938326,-0.274138863,-0.2975385945,0.046799462999999986
healthy_mid_resid,sub17,0.802291888,0.708393014,0.755342451,-0.09389887399999997
healthy_mid_resid,sub18,-0.177859343,1.544669549,0.683405103,1.722528892
healthy_mid_resid,sub19,-0.295855727,0.070515724,-0.1126700015,0.366371451
healthy_mid_resid,sub20,-0.466983668,-0.063894803,-0.26543923550000004,0.403088865
healthy_mid_resid,sub21,-0.674537888,-0.102264947,-0.3884014175,0.572272941
healthy_mid_resid,sub22,-0.593263385,-1.214223304,-0.9037433444999999,-0.6209599189999999
healthy_mid_resid,sub23,0.52840684,-0.952728259,-0.2121607095,-1.481135099
healthy_mid_resid,sub24,0.549242395,-0.432707554,0.05826742050000003,-0.9819499490000001
healthy_mid_resid,sub25,-0.322944371,0.013547709,-0.154698331,0.33649208
healthy_mid_resid,sub26,0.003778126,-0.531455378,-0.26383862599999997,-0.535233504
healthy_mid_resid,sub27,0.437270498,-1.124038965,-0.3433842335,-1.561309463
healthy_ket_resid,sub01,-0.097308728,0.328298215,0.1154947435,0.425606943
healthy_ket_resid,sub02,0.90731831,0.396278694,0.651798502,-0.5110396159999999
healthy_ket_resid,sub03,-0.371363422,-0.338404729,-0.3548840755,0.03295869299999998
healthy_ket_resid,sub04,-0.346203838,0.303028969,-0.021587434500000002,0.649232807
healthy_ket_resid,sub05,0.232193088,0.878048255,0.5551206715,0.6458551670000001
healthy_ket_resid,sub06,0.16430536,-0.198343119,-0.0170188795,-0.362648479
healthy_ket_resid,sub07,0.345816774,1.222285974,0.784051374,0.8764692000000001
healthy_ket_resid,sub08,-0.053098125,0.650313527,0.298607701,0.703411652
healthy_ket_resid,sub09,-0.548724385,-0.090031184,-0.3193777845,0.458693201
healthy_ket_resid,sub10,0.047658916,-0.983800478,-0.468070781,-1.031459394
healthy_ket_resid,sub11,1.123413298,0.126547762,0.62498053,-0.996865536
healthy_ket_resid,sub12,-0.451290554,-1.144462859,-0.7978767065000001,-0.693172305
healthy_ket_resid,sub13,-0.001895989,-0.492725284,-0.2473106365,-0.490829295
healthy_ket_resid,sub14,-0.631242307,-0.267725256,-0.4494837815,0.3635170509999999
healthy_ket_resid,sub15,0.211814563,0.084651953,0.148233258,-0.12716261
healthy_ket_resid,sub16,-0.320938326,0.655623375,0.1673425245,0.9765617010000001
healthy_ket_resid,sub17,0.802291888,1.379259866,1.090775877,0.576967978
healthy_ket_resid,sub18,-0.177859343,0.180569506,0.0013550814999999938,0.358428849
healthy_ket_resid,sub19,-0.295855727,-0.38736081,-0.34160826850000003,-0.09150508299999999
healthy_ket_resid,sub20,-0.466983668,-0.608689908,-0.537836788,-0.14170623999999998
healthy_ket_resid,sub21,-0.674537888,-0.143608496,-0.40907319200000003,0.530929392
healthy_ket_resid,sub22,-0.593263385,-0.175238167,-0.384250776,0.418025218
healthy_ket_resid,sub23,0.52840684,-0.603304907,-0.03744903349999995,-1.131711747
healthy_ket_resid,sub24,0.549242395,0.072385995,0.310814195,-0.47685640000000007
healthy_ket_resid,sub25,-0.322944371,-0.54848107,-0.4357127205,-0.225536699
healthy_ket_resid,sub26,0.003778126,-0.988044502,-0.492133188,-0.9918226280000001
healthy_ket_resid,sub27,0.437270498,0.692928678,0.565099588,0.25565818
clinical_ket,MOA101,-1.945563378130005,0.9287515899860584,-0.5084058940719733,2.8743149681160634
clinical_ket,MOA102,-0.2727303762261135,-1.5291598752346207,-0.9009451257303671,-1.2564294990085072
clinical_ket,MOA104,-0.7341856980700983,1.4941332575128763,0.379973779721389,2.2283189555829743
clinical_ket,MOA105,-0.6618557649101287,-3.145676479434439,-1.903766122172284,-2.4838207145243105
clinical_ket,MOA107,-2.007063300268717,1.5724775883075837,-0.2172928559805667,3.5795408885763007
clinical_ket,MOA108,-0.5670193616198955,-1.6176654904260768,-1.0923424260229861,-1.0506461288061812
clinical_ket,MOA109,-0.2513296144140032,-2.649748005435419,-1.4505388099247112,-2.3984183910214156
clinical_ket,MOA110,-0.5524227796651309,-0.8686082785791542,-0.7105155291221426,-0.31618549891402337
clinical_ket,MOA112,-1.9466555948805075,1.433929157818271,-0.2563632185311183,3.3805847526987787
clinical_ket,MOA114,0.6071413989857432,1.2624807349251337,0.9348110669554384,0.6553393359393905
clinical_ket,MOA115,0.6528023075041114,1.4600156307741976,1.0564089691391545,0.8072133232700862
clinical_ket,MOA116,-1.8047991979540496,-0.5632965194499837,-1.1840478587020167,1.241502678504066
clinical_ket,MOA118,-0.3747045155048814,2.3156682087125944,0.9704818466038565,2.6903727242174758
clinical_ket,MOA122,0.7685860356340665,0.4837477660596741,0.6261669008468703,-0.28483826957439234
clinical_ket,MOA123,-1.2894991360149413,1.2943193044141648,0.0024100841996117506,2.583818440429106
clinical_ket,MOA124,-0.6342362091244926,2.4855870234221227,0.925675407148815,3.119823232546615
clinical_ket,MOA126,0.7654293843089701,2.266850963460788,1.516140173884879,1.5014215791518177
clinical_ket,MOA127,1.7321640529737423,-0.451330095956,0.6404169785088711,-2.1834941489297424
clinical_ket,MOA128,2.584467997951081,1.2859596823353598,1.9352138401432204,-1.298508315615721
clinical_ket,MOA133,-1.0240958809110885,-0.6476894180734659,-0.8358926494922772,0.3764064628376226
clinical_ket,MOA134,-0.9396599884442768,-0.5120975083412251,-0.7258787483927509,0.42756248010305165
clinical_ket,MOA135,-1.5470761531213553,0.366765653994038,-0.5901552495636586,1.9138418071153933
clinical_ket,MOA301,-0.712080632497144,-1.7422280309610705,-1.2271543317291074,-1.0301473984639264
clinical_ket,MOA302,2.441626140663315,-1.8086813222901543,0.3164724091865804,-4.25030746295347
clinical_ket,MOA304,-0.1604991536943048,-0.0203672332839777,-0.09043319348914125,0.14013192041032713
clinical_ket,MOA305,1.7868537442364416,1.0140206140755272,1.4004371791559844,-0.7728331301609144
clinical_ket,MOA306,1.3881762989621438,-0.4084426138099599,0.4898668425760919,-1.7966189127721037
clinical_ket,MOA309,2.0576045057496546,1.3481727698519417,1.7028886378007981,-0.7094317358977129
clinical_ket,MOA312,2.891916047300098,-0.4204640882454624,1.2357259795273179,-3.3123801355455607
clinical_ket,MOA313,-0.2850755494109541,1.5352244112984912,0.6250744309437686,1.8202999607094452
clinical_ket,MOA314,0.598900080953817,-0.1357445799565874,0.2315777504986148,-0.7346446609104044
clinical_ket,MOA315,-2.9175702782669877,0.3658640900027512,-1.2758530941321182,3.283434368269739
clinical_ket,MOA319,0.9056494302901898,1.100958067908012,1.0033037490991008,0.19530863761782213
clinical_ket,MOA320,-0.8437701982400596,-1.151097301084776,-0.9974337496624178,-0.3073271028447164
clinical_ket,MOA321,1.516264730405742,-2.432961876673561,-0.45834857313390953,-3.9492266070793027
clinical_ket,MOA325,0.7743106054500122,-3.909667797623656,-1.5676785960868218,-4.683978403073668
clinical_ket_mdd,MOA101,-1.945563378130005,0.9287515899860584,-0.5084058940719733,2.8743149681160634
clinical_ket_mdd,MOA102,-0.2727303762261135,-1.5291598752346207,-0.9009451257303671,-1.2564294990085072
clinical_ket_mdd,MOA104,-0.7341856980700983,1.4941332575128763,0.379973779721389,2.2283189555829743
clinical_ket_mdd,MOA105,-0.6618557649101287,-3.145676479434439,-1.903766122172284,-2.4838207145243105
clinical_ket_mdd,MOA107,-2.007063300268717,1.5724775883075837,-0.2172928559805667,3.5795408885763007
clinical_ket_mdd,MOA108,-0.5670193616198955,-1.6176654904260768,-1.0923424260229861,-1.0506461288061812
clinical_ket_mdd,MOA109,-0.2513296144140032,-2.649748005435419,-1.4505388099247112,-2.3984183910214156
clinical_ket_mdd,MOA110,-0.5524227796651309,-0.8686082785791542,-0.7105155291221426,-0.31618549891402337
clinical_ket_mdd,MOA112,-1.9466555948805075,1.433929157818271,-0.2563632185311183,3.3805847526987787
clinical_ket_mdd,MOA114,0.6071413989857432,1.2624807349251337,0.9348110669554384,0.6553393359393905
clinical_ket_mdd,MOA115,0.6528023075041114,1.4600156307741976,1.0564089691391545,0.8072133232700862
clinical_ket_mdd,MOA116,-1.8047991979540496,-0.5632965194499837,-1.1840478587020167,1.241502678504066
clinical_ket_mdd,MOA118,-0.3747045155048814,2.3156682087125944,0.9704818466038565,2.6903727242174758
clinical_ket_mdd,MOA122,0.7685860356340665,0.4837477660596741,0.6261669008468703,-0.28483826957439234
clinical_ket_mdd,MOA123,-1.2894991360149413,1.2943193044141648,0.0024100841996117506,2.583818440429106
clinical_ket_mdd,MOA124,-0.6342362091244926,2.4855870234221227,0.925675407148815,3.119823232546615
clinical_ket_mdd,MOA126,0.7654293843089701,2.266850963460788,1.516140173884879,1.5014215791518177
clinical_ket_mdd,MOA127,1.7321640529737423,-0.451330095956,0.6404169785088711,-2.1834941489297424
clinical_ket_mdd,MOA128,2.584467997951081,1.2859596823353598,1.9352138401432204,-1.298508315615721
clinical_ket_mdd,MOA133,-1.0240958809110885,-0.6476894180734659,-0.8358926494922772,0.3764064628376226
clinical_ket_mdd,MOA134,-0.9396599884442768,-0.5120975083412251,-0.7258787483927509,0.42756248010305165
clinical_ket_mdd,MOA135,-1.5470761531213553,0.366765653994038,-0.5901552495636586,1.9138418071153933
