baseline behaviour (4),+ AMPA index,+ GABA-A index,baseline empirical NP,baseline NP + AMPA
0.10065830437583179,0.11236948236332045,0.10968740592404114,0.1253270585907027,0.14799795900240298
0.053240410716040465,0.07966636435397612,0.03536534102699218,0.10838472846069924,0.14257166803802301
0.09542384997398479,0.12447855735308999,0.1023209913722466,0.117452778944373,0.13998951276111748
0.06440898972319065,0.09357024078759968,0.07032081415105063,0.10460520204671542,0.1330509213272575
0.09645370350999227,0.12651812937221218,0.10307509770166301,0.11604815056192153,0.1394201714066713
0.10646402894671936,0.11672753670519775,0.10305453830031797,0.11142132497074764,0.13256875837610782
0.06867987487226246,0.11470524610307908,0.0897400080234041,0.0805965795241822,0.11397873348772924
0.08590442959850408,0.10115784200885658,0.07164953804822205,0.1222749899386284,0.14817989871564374
0.08681573115027164,0.12893305166104285,0.09360893265859804,0.1166999773534082,0.15587589435559157
0.10218835238885393,0.10923917428549201,0.10165031161721005,0.10560665252595636,0.10273794246324053
