model,subject_id,condition,r,empirical_reference,n_edges
3m_268,112288,SST Stop Success,0.47856624424274496,B,23436.0
10m_268,112288,SST Stop Success,0.4761674965446443,B,23436.0
10m_1000,112288,SST Stop Success,0.6314909159695442,B,23436.0
10m,112288,SST Stop Success,0.7574354849098839,B,23436.0
100m,112288,SST Stop Success,0.7547401971593865,B,23436.0
1b,112288,SST Stop Success,0.7279438502287355,B,23436.0
10m_own,112288,SST Stop Success,0.08023747426629928,B,23436.0
3m_268,112288,SST Stop Failure,0.46127809725537233,B,23436.0
10m_268,112288,SST Stop Failure,0.4600806941754409,B,23436.0
10m_1000,112288,SST Stop Failure,0.5668785305903412,B,23436.0
10m,112288,SST Stop Failure,0.7106083601065806,B,23436.0
100m,112288,SST Stop Failure,0.7022473891789898,B,23436.0
1b,112288,SST Stop Failure,0.6698485880116809,B,23436.0
10m_own,112288,SST Stop Failure,0.07800729993672025,B,23436.0
3m_268,112288,MID Reward Antici.,0.3346819485561702,B,23436.0
10m_268,112288,MID Reward Antici.,0.33650489738349376,B,23436.0
10m_1000,112288,MID Reward Antici.,0.4536382361607423,B,23436.0
10m,112288,MID Reward Antici.,0.6464085086730214,B,23436.0
100m,112288,MID Reward Antici.,0.6381644613436146,B,23436.0
1b,112288,MID Reward Antici.,0.6060611637896681,B,23436.0
10m_own,112288,MID Reward Antici.,0.043266742947707444,B,23436.0
3m_268,112288,MID Pos. Feedback,0.3370328897508314,B,23436.0
10m_268,112288,MID Pos. Feedback,0.3337571913707011,B,23436.0
10m_1000,112288,MID Pos. Feedback,0.44043034098285994,B,23436.0
10m,112288,MID Pos. Feedback,0.6340922852458948,B,23436.0
100m,112288,MID Pos. Feedback,0.6284470886029301,B,23436.0
1b,112288,MID Pos. Feedback,0.5902419205317867,B,23436.0
10m_own,112288,MID Pos. Feedback,0.021993641698244075,B,23436.0
3m_268,16275727,SST Stop Success,0.3905829673050831,B,23436.0
10m_268,16275727,SST Stop Success,0.38466218881728387,B,23436.0
10m_1000,16275727,SST Stop Success,0.45351255513981437,B,23436.0
10m,16275727,SST Stop Success,0.6447720357979576,B,23436.0
100m,16275727,SST Stop Success,0.6311995965500791,B,23436.0
1b,16275727,SST Stop Success,0.6024484370664778,B,23436.0
10m_own,16275727,SST Stop Success,0.08569672744524319,B,23436.0
3m_268,16275727,SST Stop Failure,0.3848640592697376,B,23436.0
10m_268,16275727,SST Stop Failure,0.38300961853261895,B,23436.0
10m_1000,16275727,SST Stop Failure,0.4767236891423075,B,23436.0
10m,16275727,SST Stop Failure,0.6431613484464488,B,23436.0
100m,16275727,SST Stop Failure,0.6385069528712308,B,23436.0
1b,16275727,SST Stop Failure,0.6062636874063507,B,23436.0
10m_own,16275727,SST Stop Failure,0.08879444108493778,B,23436.0
3m_268,16275727,MID Reward Antici.,0.34508612339804845,B,23436.0
10m_268,16275727,MID Reward Antici.,0.34490660409490065,B,23436.0
10m_1000,16275727,MID Reward Antici.,0.4073949604872117,B,23436.0
10m,16275727,MID Reward Antici.,0.6342010719128778,B,23436.0
100m,16275727,MID Reward Antici.,0.6267386788390292,B,23436.0
1b,16275727,MID Reward Antici.,0.5770395989423442,B,23436.0
10m_own,16275727,MID Reward Antici.,0.07755783876536212,B,23436.0
3m_268,16275727,MID Pos. Feedback,0.3187524512747878,B,23436.0
10m_268,16275727,MID Pos. Feedback,0.323719390607675,B,23436.0
10m_1000,16275727,MID Pos. Feedback,0.4200820535456355,B,23436.0
10m,16275727,MID Pos. Feedback,0.6180363043382864,B,23436.0
100m,16275727,MID Pos. Feedback,0.6132726480166453,B,23436.0
1b,16275727,MID Pos. Feedback,0.5801345709081898,B,23436.0
10m_own,16275727,MID Pos. Feedback,0.04862405776127284,B,23436.0
3m_268,44576096,SST Stop Success,0.42368707258099503,B,23436.0
10m_268,44576096,SST Stop Success,0.42739108143891125,B,23436.0
10m_1000,44576096,SST Stop Success,0.5228673747280792,B,23436.0
10m,44576096,SST Stop Success,0.6159269160239075,B,23436.0
100m,44576096,SST Stop Success,0.609809865519628,B,23436.0
1b,44576096,SST Stop Success,0.575614229330956,B,23436.0
10m_own,44576096,SST Stop Success,0.08045716144218637,B,23436.0
3m_268,44576096,SST Stop Failure,0.38638614991862297,B,23436.0
10m_268,44576096,SST Stop Failure,0.38386480882329965,B,23436.0
10m_1000,44576096,SST Stop Failure,0.5345350296776289,B,23436.0
10m,44576096,SST Stop Failure,0.619438815544198,B,23436.0
100m,44576096,SST Stop Failure,0.6017823190401151,B,23436.0
1b,44576096,SST Stop Failure,0.5786232053935567,B,23436.0
10m_own,44576096,SST Stop Failure,0.0749065009118689,B,23436.0
3m_268,44576096,MID Reward Antici.,0.3077067943332094,B,23436.0
10m_268,44576096,MID Reward Antici.,0.295093871740858,B,23436.0
10m_1000,44576096,MID Reward Antici.,0.5218313913047748,B,23436.0
10m,44576096,MID Reward Antici.,0.585577472055715,B,23436.0
100m,44576096,MID Reward Antici.,0.5699437129471091,B,23436.0
1b,44576096,MID Reward Antici.,0.542785752161089,B,23436.0
10m_own,44576096,MID Reward Antici.,0.05149687697543739,B,23436.0
3m_268,44576096,MID Pos. Feedback,0.33420016975261746,B,23436.0
10m_268,44576096,MID Pos. Feedback,0.3194066181092292,B,23436.0
10m_1000,44576096,MID Pos. Feedback,0.5353913669400686,B,23436.0
10m,44576096,MID Pos. Feedback,0.5993399447552948,B,23436.0
100m,44576096,MID Pos. Feedback,0.5905669278696846,B,23436.0
1b,44576096,MID Pos. Feedback,0.5692420438078157,B,23436.0
10m_own,44576096,MID Pos. Feedback,0.05734941042498595,B,23436.0
3m_268,63218063,SST Stop Success,0.24298517058959104,B,23436.0
10m_268,63218063,SST Stop Success,0.25372016700198513,B,23436.0
10m_1000,63218063,SST Stop Success,0.37026865704138096,B,23436.0
10m,63218063,SST Stop Success,0.47711156179886094,B,23436.0
100m,63218063,SST Stop Success,0.4689942588268075,B,23436.0
1b,63218063,SST Stop Success,0.4529059765946371,B,23436.0
10m_own,63218063,SST Stop Success,0.05521859839937421,B,23436.0
3m_268,63218063,SST Stop Failure,0.26632925099952837,B,23436.0
10m_268,63218063,SST Stop Failure,0.27372344148413613,B,23436.0
10m_1000,63218063,SST Stop Failure,0.4715316570410199,B,23436.0
10m,63218063,SST Stop Failure,0.534334079163885,B,23436.0
100m,63218063,SST Stop Failure,0.5245078749351515,B,23436.0
1b,63218063,SST Stop Failure,0.5066531787769883,B,23436.0
10m_own,63218063,SST Stop Failure,0.059827597916311814,B,23436.0
3m_268,63218063,MID Reward Antici.,0.299037396306573,B,23436.0
10m_268,63218063,MID Reward Antici.,0.30736329139879043,B,23436.0
10m_1000,63218063,MID Reward Antici.,0.4812361083967678,B,23436.0
10m,63218063,MID Reward Antici.,0.5243038453487284,B,23436.0
100m,63218063,MID Reward Antici.,0.5343952745889873,B,23436.0
1b,63218063,MID Reward Antici.,0.5023983787142754,B,23436.0
10m_own,63218063,MID Reward Antici.,0.047020149899682555,B,23436.0
3m_268,63218063,MID Pos. Feedback,0.29548005704850455,B,23436.0
10m_268,63218063,MID Pos. Feedback,0.30024090995736663,B,23436.0
10m_1000,63218063,MID Pos. Feedback,0.49901431826482806,B,23436.0
10m,63218063,MID Pos. Feedback,0.5378420122840663,B,23436.0
100m,63218063,MID Pos. Feedback,0.5507347197785815,B,23436.0
1b,63218063,MID Pos. Feedback,0.5130531069467591,B,23436.0
10m_own,63218063,MID Pos. Feedback,0.03944573391313326,B,23436.0
3m_268,67342911,SST Stop Success,0.4600632272568764,B,23436.0
10m_268,67342911,SST Stop Success,0.46469107310788255,B,23436.0
10m_1000,67342911,SST Stop Success,0.4976119453680341,B,23436.0
10m,67342911,SST Stop Success,0.6566523806661733,B,23436.0
100m,67342911,SST Stop Success,0.6425276817157553,B,23436.0
1b,67342911,SST Stop Success,0.5945544116539592,B,23436.0
10m_own,67342911,SST Stop Success,0.18038104630300714,B,23436.0
3m_268,67342911,SST Stop Failure,0.43116200983395786,B,23436.0
10m_268,67342911,SST Stop Failure,0.42780507306520227,B,23436.0
10m_1000,67342911,SST Stop Failure,0.5423443998679317,B,23436.0
10m,67342911,SST Stop Failure,0.6673250537840472,B,23436.0
100m,67342911,SST Stop Failure,0.6610852888973772,B,23436.0
1b,67342911,SST Stop Failure,0.642024385787748,B,23436.0
10m_own,67342911,SST Stop Failure,0.1322339061711446,B,23436.0
3m_268,67342911,MID Reward Antici.,0.39412397757738277,B,23436.0
10m_268,67342911,MID Reward Antici.,0.42586611238536315,B,23436.0
10m_1000,67342911,MID Reward Antici.,0.5355857912963586,B,23436.0
10m,67342911,MID Reward Antici.,0.6973816964576045,B,23436.0
100m,67342911,MID Reward Antici.,0.7078877863880221,B,23436.0
1b,67342911,MID Reward Antici.,0.7103022252794776,B,23436.0
10m_own,67342911,MID Reward Antici.,0.06702083517523927,B,23436.0
3m_268,67342911,MID Pos. Feedback,0.3764586574385645,B,23436.0
10m_268,67342911,MID Pos. Feedback,0.40731782150293644,B,23436.0
10m_1000,67342911,MID Pos. Feedback,0.5130004103307156,B,23436.0
10m,67342911,MID Pos. Feedback,0.6740071144212988,B,23436.0
100m,67342911,MID Pos. Feedback,0.685415586252085,B,23436.0
1b,67342911,MID Pos. Feedback,0.686421667954155,B,23436.0
10m_own,67342911,MID Pos. Feedback,0.06003449577979151,B,23436.0
3m_268,67844279,SST Stop Success,0.35986953997738763,B,23436.0
10m_268,67844279,SST Stop Success,0.3513923960443231,B,23436.0
10m_1000,67844279,SST Stop Success,0.4610858242905532,B,23436.0
10m,67844279,SST Stop Success,0.6503557210216001,B,23436.0
100m,67844279,SST Stop Success,0.6333016636626227,B,23436.0
1b,67844279,SST Stop Success,0.6155954050960082,B,23436.0
10m_own,67844279,SST Stop Success,0.12062985342006195,B,23436.0
3m_268,67844279,SST Stop Failure,0.2556879550759662,B,23436.0
10m_268,67844279,SST Stop Failure,0.24199851473121978,B,23436.0
10m_1000,67844279,SST Stop Failure,0.36087299088399516,B,23436.0
10m,67844279,SST Stop Failure,0.5817485928310404,B,23436.0
100m,67844279,SST Stop Failure,0.5587375165488278,B,23436.0
1b,67844279,SST Stop Failure,0.5191837237382915,B,23436.0
10m_own,67844279,SST Stop Failure,0.09232532521197882,B,23436.0
3m_268,67844279,MID Reward Antici.,0.29703425221980573,B,23436.0
10m_268,67844279,MID Reward Antici.,0.28933041128045206,B,23436.0
10m_1000,67844279,MID Reward Antici.,0.42596808685500764,B,23436.0
10m,67844279,MID Reward Antici.,0.6109076027144735,B,23436.0
100m,67844279,MID Reward Antici.,0.6052784672882403,B,23436.0
1b,67844279,MID Reward Antici.,0.5862504948252724,B,23436.0
10m_own,67844279,MID Reward Antici.,0.06068919496131682,B,23436.0
3m_268,67844279,MID Pos. Feedback,0.2850092123719355,B,23436.0
10m_268,67844279,MID Pos. Feedback,0.2818545268005295,B,23436.0
10m_1000,67844279,MID Pos. Feedback,0.4300091935142385,B,23436.0
10m,67844279,MID Pos. Feedback,0.6142184046399419,B,23436.0
100m,67844279,MID Pos. Feedback,0.6066980156865621,B,23436.0
1b,67844279,MID Pos. Feedback,0.5815396625986826,B,23436.0
10m_own,67844279,MID Pos. Feedback,0.05622415190007656,B,23436.0
3m_268,111086310,SST Stop Success,0.3993695973849218,B,23436.0
10m_268,111086310,SST Stop Success,0.39991088225636395,B,23436.0
10m_1000,111086310,SST Stop Success,0.574187646494919,B,23436.0
10m,111086310,SST Stop Success,0.6269743768765198,B,23436.0
100m,111086310,SST Stop Success,0.6137729588683464,B,23436.0
1b,111086310,SST Stop Success,0.600732824067426,B,23436.0
10m_own,111086310,SST Stop Success,0.059217170294034074,B,23436.0
3m_268,111086310,SST Stop Failure,0.32508361888957515,B,23436.0
10m_268,111086310,SST Stop Failure,0.32183907474921847,B,23436.0
10m_1000,111086310,SST Stop Failure,0.5284987362866947,B,23436.0
10m,111086310,SST Stop Failure,0.5885104117497921,B,23436.0
100m,111086310,SST Stop Failure,0.572459009087534,B,23436.0
1b,111086310,SST Stop Failure,0.565264558659409,B,23436.0
10m_own,111086310,SST Stop Failure,0.07112346919776459,B,23436.0
3m_268,111086310,MID Reward Antici.,0.11908971954640257,B,23436.0
10m_268,111086310,MID Reward Antici.,0.11988655523484826,B,23436.0
10m_1000,111086310,MID Reward Antici.,0.4121537629503098,B,23436.0
10m,111086310,MID Reward Antici.,0.40529923174094545,B,23436.0
100m,111086310,MID Reward Antici.,0.39695935865531146,B,23436.0
1b,111086310,MID Reward Antici.,0.38763028998003035,B,23436.0
10m_own,111086310,MID Reward Antici.,0.0030642585036214113,B,23436.0
3m_268,111086310,MID Pos. Feedback,0.1320218003872981,B,23436.0
10m_268,111086310,MID Pos. Feedback,0.13818151496312614,B,23436.0
10m_1000,111086310,MID Pos. Feedback,0.40553885351028995,B,23436.0
10m,111086310,MID Pos. Feedback,0.4056207812554202,B,23436.0
100m,111086310,MID Pos. Feedback,0.38521758785044186,B,23436.0
1b,111086310,MID Pos. Feedback,0.39504357303178916,B,23436.0
10m_own,111086310,MID Pos. Feedback,0.012442497734288228,B,23436.0
3m_268,112517217,SST Stop Success,0.30906830683411485,B,23436.0
10m_268,112517217,SST Stop Success,0.2995882499224477,B,23436.0
10m_1000,112517217,SST Stop Success,0.5633558612873147,B,23436.0
10m,112517217,SST Stop Success,0.6601333941882631,B,23436.0
100m,112517217,SST Stop Success,0.6496264566489952,B,23436.0
1b,112517217,SST Stop Success,0.6311547952566744,B,23436.0
10m_own,112517217,SST Stop Success,0.11252304999972979,B,23436.0
3m_268,112517217,SST Stop Failure,0.35382618089109963,B,23436.0
10m_268,112517217,SST Stop Failure,0.353869965340218,B,23436.0
10m_1000,112517217,SST Stop Failure,0.57769600919856,B,23436.0
10m,112517217,SST Stop Failure,0.6784693683767992,B,23436.0
100m,112517217,SST Stop Failure,0.6522825764172612,B,23436.0
1b,112517217,SST Stop Failure,0.654479135448484,B,23436.0
10m_own,112517217,SST Stop Failure,0.10356485060635073,B,23436.0
3m_268,112517217,MID Reward Antici.,0.3413390610038477,B,23436.0
10m_268,112517217,MID Reward Antici.,0.34806259895440617,B,23436.0
10m_1000,112517217,MID Reward Antici.,0.526072677390526,B,23436.0
10m,112517217,MID Reward Antici.,0.6182321120807746,B,23436.0
100m,112517217,MID Reward Antici.,0.6062946833471685,B,23436.0
1b,112517217,MID Reward Antici.,0.5833481602562792,B,23436.0
10m_own,112517217,MID Reward Antici.,0.07360544255298601,B,23436.0
3m_268,112517217,MID Pos. Feedback,0.31732587784328997,B,23436.0
10m_268,112517217,MID Pos. Feedback,0.32107925042742186,B,23436.0
10m_1000,112517217,MID Pos. Feedback,0.5016034644616966,B,23436.0
10m,112517217,MID Pos. Feedback,0.5826883427307765,B,23436.0
100m,112517217,MID Pos. Feedback,0.5682339704077404,B,23436.0
1b,112517217,MID Pos. Feedback,0.5489946469702423,B,23436.0
10m_own,112517217,MID Pos. Feedback,0.05615319699461394,B,23436.0
3m_268,113174215,SST Stop Success,0.39755129720066684,B,23436.0
10m_268,113174215,SST Stop Success,0.4133348511730734,B,23436.0
10m_1000,113174215,SST Stop Success,0.5389335248473133,B,23436.0
10m,113174215,SST Stop Success,0.6349201902538036,B,23436.0
100m,113174215,SST Stop Success,0.6383802465822596,B,23436.0
1b,113174215,SST Stop Success,0.6178911485050083,B,23436.0
10m_own,113174215,SST Stop Success,0.0893688109804712,B,23436.0
3m_268,113174215,SST Stop Failure,0.40146529260738334,B,23436.0
10m_268,113174215,SST Stop Failure,0.42140727969767766,B,23436.0
10m_1000,113174215,SST Stop Failure,0.5476740067005228,B,23436.0
10m,113174215,SST Stop Failure,0.6441593549995723,B,23436.0
100m,113174215,SST Stop Failure,0.6465041309672703,B,23436.0
1b,113174215,SST Stop Failure,0.6332089848359544,B,23436.0
10m_own,113174215,SST Stop Failure,0.10204389081843221,B,23436.0
3m_268,113174215,MID Reward Antici.,0.3580835243407722,B,23436.0
10m_268,113174215,MID Reward Antici.,0.3487769751823471,B,23436.0
10m_1000,113174215,MID Reward Antici.,0.46620152499935735,B,23436.0
10m,113174215,MID Reward Antici.,0.6204978273253796,B,23436.0
100m,113174215,MID Reward Antici.,0.6129402838635003,B,23436.0
1b,113174215,MID Reward Antici.,0.5967639325007377,B,23436.0
10m_own,113174215,MID Reward Antici.,0.07936633708215064,B,23436.0
3m_268,113174215,MID Pos. Feedback,0.335655560305681,B,23436.0
10m_268,113174215,MID Pos. Feedback,0.3248542575213555,B,23436.0
10m_1000,113174215,MID Pos. Feedback,0.451258156047887,B,23436.0
10m,113174215,MID Pos. Feedback,0.6086794954963403,B,23436.0
100m,113174215,MID Pos. Feedback,0.6112920383994096,B,23436.0
1b,113174215,MID Pos. Feedback,0.6010652361076785,B,23436.0
10m_own,113174215,MID Pos. Feedback,0.08316131682986799,B,23436.0
3m_268,168370463,SST Stop Success,0.5294361789034069,B,23436.0
10m_268,168370463,SST Stop Success,0.530866723616652,B,23436.0
10m_1000,168370463,SST Stop Success,0.710702677339248,B,23436.0
10m,168370463,SST Stop Success,0.6654412129218074,B,23436.0
100m,168370463,SST Stop Success,0.6746488537212602,B,23436.0
1b,168370463,SST Stop Success,0.6803556182318157,B,23436.0
10m_own,168370463,SST Stop Success,0.17858199379366663,B,23436.0
3m_268,168370463,SST Stop Failure,0.46914467995979764,B,23436.0
10m_268,168370463,SST Stop Failure,0.453773074579499,B,23436.0
10m_1000,168370463,SST Stop Failure,0.5789542332459707,B,23436.0
10m,168370463,SST Stop Failure,0.5367310695339679,B,23436.0
100m,168370463,SST Stop Failure,0.5480109834815822,B,23436.0
1b,168370463,SST Stop Failure,0.5533578277692082,B,23436.0
10m_own,168370463,SST Stop Failure,0.12385962303889199,B,23436.0
3m_268,168370463,MID Reward Antici.,0.3756754241136983,B,23436.0
10m_268,168370463,MID Reward Antici.,0.3923170710207038,B,23436.0
10m_1000,168370463,MID Reward Antici.,0.6189697367729705,B,23436.0
10m,168370463,MID Reward Antici.,0.6070598587171468,B,23436.0
100m,168370463,MID Reward Antici.,0.5875266348749175,B,23436.0
1b,168370463,MID Reward Antici.,0.594200434317417,B,23436.0
10m_own,168370463,MID Reward Antici.,0.08600839210926153,B,23436.0
3m_268,168370463,MID Pos. Feedback,0.351191825354922,B,23436.0
10m_268,168370463,MID Pos. Feedback,0.35972144620822866,B,23436.0
10m_1000,168370463,MID Pos. Feedback,0.5671379148788779,B,23436.0
10m,168370463,MID Pos. Feedback,0.6000607613853068,B,23436.0
100m,168370463,MID Pos. Feedback,0.5814591082658911,B,23436.0
1b,168370463,MID Pos. Feedback,0.5864947437497012,B,23436.0
10m_own,168370463,MID Pos. Feedback,0.05453206618461101,B,23436.0
3m_268,182136619,SST Stop Success,0.3137728329202901,B,23436.0
10m_268,182136619,SST Stop Success,0.30603182461287787,B,23436.0
10m_1000,182136619,SST Stop Success,0.43283857027248,B,23436.0
10m,182136619,SST Stop Success,0.577359765367582,B,23436.0
100m,182136619,SST Stop Success,0.5721364190137144,B,23436.0
1b,182136619,SST Stop Success,0.5604545349517104,B,23436.0
10m_own,182136619,SST Stop Success,0.08251847370169027,B,23436.0
3m_268,182136619,SST Stop Failure,0.34450379905750206,B,23436.0
10m_268,182136619,SST Stop Failure,0.3374327718406062,B,23436.0
10m_1000,182136619,SST Stop Failure,0.4742903447788035,B,23436.0
10m,182136619,SST Stop Failure,0.6105835922367286,B,23436.0
100m,182136619,SST Stop Failure,0.607468884438516,B,23436.0
1b,182136619,SST Stop Failure,0.595131374018726,B,23436.0
10m_own,182136619,SST Stop Failure,0.06338917893050848,B,23436.0
3m_268,182136619,MID Reward Antici.,0.3084636594933771,B,23436.0
10m_268,182136619,MID Reward Antici.,0.290831524399271,B,23436.0
10m_1000,182136619,MID Reward Antici.,0.40812740944457826,B,23436.0
10m,182136619,MID Reward Antici.,0.5944658569298477,B,23436.0
100m,182136619,MID Reward Antici.,0.576333458559032,B,23436.0
1b,182136619,MID Reward Antici.,0.560639636897781,B,23436.0
10m_own,182136619,MID Reward Antici.,0.06998205863971918,B,23436.0
3m_268,182136619,MID Pos. Feedback,0.32290513593887343,B,23436.0
10m_268,182136619,MID Pos. Feedback,0.31099548818534706,B,23436.0
10m_1000,182136619,MID Pos. Feedback,0.4163548951448917,B,23436.0
10m,182136619,MID Pos. Feedback,0.6116288105588413,B,23436.0
100m,182136619,MID Pos. Feedback,0.6063114364379295,B,23436.0
1b,182136619,MID Pos. Feedback,0.5922629856411514,B,23436.0
10m_own,182136619,MID Pos. Feedback,0.049908088444047545,B,23436.0
3m_268,191996808,SST Stop Success,0.33345568539521164,B,23436.0
10m_268,191996808,SST Stop Success,0.3365692388818052,B,23436.0
10m_1000,191996808,SST Stop Success,0.4838834942637196,B,23436.0
10m,191996808,SST Stop Success,0.6418653364910243,B,23436.0
100m,191996808,SST Stop Success,0.62169416055449,B,23436.0
1b,191996808,SST Stop Success,0.6255892593772325,B,23436.0
10m_own,191996808,SST Stop Success,0.12513073644965456,B,23436.0
3m_268,191996808,SST Stop Failure,0.33429552871326623,B,23436.0
10m_268,191996808,SST Stop Failure,0.34508170365013724,B,23436.0
10m_1000,191996808,SST Stop Failure,0.4855824258464105,B,23436.0
10m,191996808,SST Stop Failure,0.6310469903745458,B,23436.0
100m,191996808,SST Stop Failure,0.6251601847457127,B,23436.0
1b,191996808,SST Stop Failure,0.6090557284279089,B,23436.0
10m_own,191996808,SST Stop Failure,0.105139239420312,B,23436.0
3m_268,191996808,MID Reward Antici.,0.37223776118070423,B,23436.0
10m_268,191996808,MID Reward Antici.,0.37584472963468024,B,23436.0
10m_1000,191996808,MID Reward Antici.,0.4866476648563509,B,23436.0
10m,191996808,MID Reward Antici.,0.6594689239831679,B,23436.0
100m,191996808,MID Reward Antici.,0.6433397135177705,B,23436.0
1b,191996808,MID Reward Antici.,0.6138779920747617,B,23436.0
10m_own,191996808,MID Reward Antici.,0.0628105043348258,B,23436.0
3m_268,191996808,MID Pos. Feedback,0.4159575435234595,B,23436.0
10m_268,191996808,MID Pos. Feedback,0.4145730566538077,B,23436.0
10m_1000,191996808,MID Pos. Feedback,0.5554756756085166,B,23436.0
10m,191996808,MID Pos. Feedback,0.6990734067848032,B,23436.0
100m,191996808,MID Pos. Feedback,0.6874278389551953,B,23436.0
1b,191996808,MID Pos. Feedback,0.6704775608822029,B,23436.0
10m_own,191996808,MID Pos. Feedback,0.054626989121951595,B,23436.0
SAR,112288,SST Stop Success,0.2885,native Shen-268 regional FC,
SAR,112288,SST Stop Failure,0.2495,native Shen-268 regional FC,
SAR,112288,MID Pos. Feedback,0.2068,native Shen-268 regional FC,
SAR,112288,MID Reward Antici.,0.2084,native Shen-268 regional FC,
SAR,16275727,SST Stop Success,0.2856,native Shen-268 regional FC,
SAR,16275727,SST Stop Failure,0.2621,native Shen-268 regional FC,
SAR,16275727,MID Pos. Feedback,0.1802,native Shen-268 regional FC,
SAR,16275727,MID Reward Antici.,0.2119,native Shen-268 regional FC,
SAR,44576096,SST Stop Success,0.289,native Shen-268 regional FC,
SAR,44576096,SST Stop Failure,0.2991,native Shen-268 regional FC,
SAR,44576096,MID Pos. Feedback,0.21,native Shen-268 regional FC,
SAR,44576096,MID Reward Antici.,0.2057,native Shen-268 regional FC,
SAR,63218063,SST Stop Success,0.2218,native Shen-268 regional FC,
SAR,63218063,SST Stop Failure,0.2318,native Shen-268 regional FC,
SAR,63218063,MID Pos. Feedback,0.261,native Shen-268 regional FC,
SAR,63218063,MID Reward Antici.,0.2754,native Shen-268 regional FC,
SAR,67342911,SST Stop Success,0.285,native Shen-268 regional FC,
SAR,67342911,SST Stop Failure,0.2655,native Shen-268 regional FC,
SAR,67342911,MID Pos. Feedback,0.2547,native Shen-268 regional FC,
SAR,67342911,MID Reward Antici.,0.2676,native Shen-268 regional FC,
SAR,67844279,SST Stop Success,0.2271,native Shen-268 regional FC,
SAR,67844279,SST Stop Failure,0.2186,native Shen-268 regional FC,
SAR,67844279,MID Pos. Feedback,0.2071,native Shen-268 regional FC,
SAR,67844279,MID Reward Antici.,0.1869,native Shen-268 regional FC,
SAR,111086310,SST Stop Success,0.2564,native Shen-268 regional FC,
SAR,111086310,SST Stop Failure,0.2025,native Shen-268 regional FC,
SAR,111086310,MID Pos. Feedback,0.0587,native Shen-268 regional FC,
SAR,111086310,MID Reward Antici.,0.0579,native Shen-268 regional FC,
SAR,112517217,SST Stop Success,0.2754,native Shen-268 regional FC,
SAR,112517217,SST Stop Failure,0.2401,native Shen-268 regional FC,
SAR,112517217,MID Pos. Feedback,0.2202,native Shen-268 regional FC,
SAR,112517217,MID Reward Antici.,0.2276,native Shen-268 regional FC,
SAR,113174215,SST Stop Success,0.3082,native Shen-268 regional FC,
SAR,113174215,SST Stop Failure,0.2671,native Shen-268 regional FC,
SAR,113174215,MID Pos. Feedback,0.2126,native Shen-268 regional FC,
SAR,113174215,MID Reward Antici.,0.2039,native Shen-268 regional FC,
SAR,168370463,SST Stop Success,0.3253,native Shen-268 regional FC,
SAR,168370463,SST Stop Failure,0.2779,native Shen-268 regional FC,
SAR,168370463,MID Pos. Feedback,0.206,native Shen-268 regional FC,
SAR,168370463,MID Reward Antici.,0.2127,native Shen-268 regional FC,
SAR,182136619,SST Stop Success,0.2854,native Shen-268 regional FC,
SAR,182136619,SST Stop Failure,0.2165,native Shen-268 regional FC,
SAR,182136619,MID Pos. Feedback,0.2086,native Shen-268 regional FC,
SAR,182136619,MID Reward Antici.,0.2437,native Shen-268 regional FC,
SAR,191996808,SST Stop Success,0.2855,native Shen-268 regional FC,
SAR,191996808,SST Stop Failure,0.2151,native Shen-268 regional FC,
SAR,191996808,MID Pos. Feedback,0.2223,native Shen-268 regional FC,
SAR,191996808,MID Reward Antici.,0.214,native Shen-268 regional FC,
rWW,112288,SST Stop Success,0.225,native Shen-268 regional FC,
rWW,112288,SST Stop Failure,0.1787,native Shen-268 regional FC,
rWW,112288,MID Pos. Feedback,0.1613,native Shen-268 regional FC,
rWW,112288,MID Reward Antici.,0.1518,native Shen-268 regional FC,
rWW,16275727,SST Stop Success,0.1811,native Shen-268 regional FC,
rWW,16275727,SST Stop Failure,0.1834,native Shen-268 regional FC,
rWW,16275727,MID Pos. Feedback,0.1101,native Shen-268 regional FC,
rWW,16275727,MID Reward Antici.,0.1501,native Shen-268 regional FC,
rWW,44576096,SST Stop Success,0.2123,native Shen-268 regional FC,
rWW,44576096,SST Stop Failure,0.1935,native Shen-268 regional FC,
rWW,44576096,MID Pos. Feedback,0.1251,native Shen-268 regional FC,
rWW,44576096,MID Reward Antici.,0.127,native Shen-268 regional FC,
rWW,63218063,SST Stop Success,0.1455,native Shen-268 regional FC,
rWW,63218063,SST Stop Failure,0.1511,native Shen-268 regional FC,
rWW,63218063,MID Pos. Feedback,0.1839,native Shen-268 regional FC,
rWW,63218063,MID Reward Antici.,0.1708,native Shen-268 regional FC,
rWW,67342911,SST Stop Success,0.1773,native Shen-268 regional FC,
rWW,67342911,SST Stop Failure,0.1484,native Shen-268 regional FC,
rWW,67342911,MID Pos. Feedback,0.1491,native Shen-268 regional FC,
rWW,67342911,MID Reward Antici.,0.1537,native Shen-268 regional FC,
rWW,67844279,SST Stop Success,0.099,native Shen-268 regional FC,
rWW,67844279,SST Stop Failure,0.1135,native Shen-268 regional FC,
rWW,67844279,MID Pos. Feedback,0.1447,native Shen-268 regional FC,
rWW,67844279,MID Reward Antici.,0.1246,native Shen-268 regional FC,
rWW,111086310,SST Stop Success,0.161,native Shen-268 regional FC,
rWW,111086310,SST Stop Failure,0.1248,native Shen-268 regional FC,
rWW,111086310,MID Pos. Feedback,0.0517,native Shen-268 regional FC,
rWW,111086310,MID Reward Antici.,0.0387,native Shen-268 regional FC,
rWW,112517217,SST Stop Success,0.1484,native Shen-268 regional FC,
rWW,112517217,SST Stop Failure,0.1326,native Shen-268 regional FC,
rWW,112517217,MID Pos. Feedback,0.1139,native Shen-268 regional FC,
rWW,112517217,MID Reward Antici.,0.111,native Shen-268 regional FC,
rWW,113174215,SST Stop Success,0.188,native Shen-268 regional FC,
rWW,113174215,SST Stop Failure,0.1708,native Shen-268 regional FC,
rWW,113174215,MID Pos. Feedback,0.136,native Shen-268 regional FC,
rWW,113174215,MID Reward Antici.,0.1413,native Shen-268 regional FC,
rWW,168370463,SST Stop Success,0.2131,native Shen-268 regional FC,
rWW,168370463,SST Stop Failure,0.1912,native Shen-268 regional FC,
rWW,168370463,MID Pos. Feedback,0.1135,native Shen-268 regional FC,
rWW,168370463,MID Reward Antici.,0.133,native Shen-268 regional FC,
rWW,182136619,SST Stop Success,0.1621,native Shen-268 regional FC,
rWW,182136619,SST Stop Failure,0.1303,native Shen-268 regional FC,
rWW,182136619,MID Pos. Feedback,0.1429,native Shen-268 regional FC,
rWW,182136619,MID Reward Antici.,0.1586,native Shen-268 regional FC,
rWW,191996808,SST Stop Success,0.1793,native Shen-268 regional FC,
rWW,191996808,SST Stop Failure,0.1244,native Shen-268 regional FC,
rWW,191996808,MID Pos. Feedback,0.1548,native Shen-268 regional FC,
rWW,191996808,MID Reward Antici.,0.1481,native Shen-268 regional FC,
