ID,Empirical NP,NP factor,Age,headmotion,sex,recruitmentSite,,ID,recruitmentSite,,ID,recruitmentSite,Group_response2
829055,1.259206929,-2.849281656,22,0.189808523,M,BERLIN,,829055,'BERLIN',,829055,'BERLIN',1
2190836,2.302604978,-1.656230318,21,0.115223957,F,LONDON,,2190836,'LONDON',,2190836,'LONDON',2
2270310,1.245393183,-1.086644192,22,0.202585833,F,LONDON,,2270310,'LONDON',,2270310,'LONDON',2
2904393,1.2305759,-1.197768735,23,0.201510729,F,LONDON,,2904393,'LONDON',,2904393,'LONDON',1
3287674,2.475285767,-2.002092691,22,0.157850716,M,LONDON,,3287674,'LONDON',,3287674,'LONDON',1
4631192,1.518247271,-0.962027202,21,0.097119738,F,BERLIN,,4631192,'BERLIN',,4631192,'BERLIN',1
5432841,2.101258321,0.384386263,22,0.134335373,F,LONDON,,5432841,'LONDON',,5432841,'LONDON',1
5978534,4.871490753,1.806120753,20,0.124865366,M,BERLIN,,5978534,'BERLIN',,5978534,'BERLIN',1
6314205,0.723457183,0.347560478,21,0.06176652,F,BERLIN,,6314205,'BERLIN',,6314205,'BERLIN',1
6502630,0.509266125,0.984944085,22,0.119980944,M,BERLIN,,6502630,'BERLIN',,6502630,'BERLIN',1
7127936,1.638314703,-0.045047875,22,0.15503107,F,LONDON,,7127936,'LONDON',,7127936,'LONDON',2
7764421,-0.737014655,0.670847501,22,0.08424857,M,LONDON,,7764421,'LONDON',,7764421,'LONDON',1
8043474,0.529169284,-1.407190698,22,0.132077546,F,LONDON,,8043474,'LONDON',,8043474,'LONDON',2
12029891,0.310293475,0.648772345,22,0.13007631,F,BERLIN,,12029891,'BERLIN',,12029891,'BERLIN',2
14850118,-0.967097344,0.809985373,22,0.147671308,M,LONDON,,14850118,'LONDON',,14850118,'LONDON',1
16708319,0.6046712,-0.736781102,19,0.25543093,F,LONDON,,16708319,'LONDON',,16708319,'LONDON',2
18904077,0.992685643,0.398398514,19,0.084744743,M,BERLIN,,18904077,'BERLIN',,18904077,'BERLIN',1
18952353,2.131727891,-0.962163657,19,0.155058226,M,LONDON,,18952353,'LONDON',,18952353,'LONDON',1
19031295,0.170854937,0.477946158,22,0.170377799,M,LONDON,,19031295,'LONDON',,19031295,'LONDON',1
19316057,0.828503603,0.595905499,22,0.077190294,F,LONDON,,19316057,'LONDON',,19316057,'LONDON',1
20051604,2.98314444,-1.671819608,23,0.127687653,F,LONDON,,20051604,'LONDON',,20051604,'LONDON',1
20830744,1.164083586,0.369150345,19,0.118137516,M,LONDON,,20830744,'LONDON',,20830744,'LONDON',2
21053574,-0.715595241,0.041222836,19,0.067695731,M,BERLIN,,21053574,'BERLIN',,21053574,'BERLIN',1
22084493,-0.559828311,-0.057874342,23,0.087228683,M,LONDON,,22084493,'LONDON',,22084493,'LONDON',1
23343892,1.662515386,0.565057265,22,0.127411704,M,LONDON,,23343892,'LONDON',,23343892,'LONDON',1
24115048,1.267094476,0.344040786,18,0.187377756,F,LONDON,,24115048,'LONDON',,24115048,'LONDON',2
25000478,1.434492297,0.621278911,19,0.130980697,M,LONDON,,25000478,'LONDON',,25000478,'LONDON',1
25821028,1.321161245,-1.293689532,22,0.111398699,F,LONDON,,25821028,'LONDON',,25821028,'LONDON',1
27363295,0.782625802,0.717796531,22,0.255692604,M,LONDON,,27363295,'LONDON',,27363295,'LONDON',1
28113492,0.823279663,-0.39116475,18,0.142874539,F,BERLIN,,28113492,'BERLIN',,28113492,'BERLIN',1
28264513,0.510234319,0.937835814,23,0.0998884,F,LONDON,,28264513,'LONDON',,28264513,'LONDON',1
30151696,0.6918243,0.702761977,22,0.138328658,M,BERLIN,,30151696,'BERLIN',,30151696,'BERLIN',1
30649663,2.816707874,0.311751707,19,0.113639241,F,LONDON,,30649663,'LONDON',,30649663,'LONDON',2
32581973,0.540175181,0.646437397,22,0.143445953,F,LONDON,,32581973,'LONDON',,32581973,'LONDON',1
34458922,2.343717988,-0.054661597,22,0.063934507,F,BERLIN,,34458922,'BERLIN',,34458922,'BERLIN',1
36383037,1.857007624,0.420728291,23,0.086853931,F,BERLIN,,36383037,'BERLIN',,36383037,'BERLIN',1
37280746,1.801372314,1.415416692,22,0.123970054,F,BERLIN,,37280746,'BERLIN',,37280746,'BERLIN',1
37805580,2.083180929,0.064249459,19,0.10218675,M,LONDON,,37805580,'LONDON',,37805580,'LONDON',1
38072766,1.753602816,1.028298326,22,0.113084112,F,LONDON,,38072766,'LONDON',,38072766,'LONDON',1
38666520,1.271061351,-0.201219916,22,0.087479168,F,LONDON,,38666520,'LONDON',,38666520,'LONDON',2
39453204,0.340578686,-0.088784882,22,0.127737556,F,BERLIN,,39453204,'BERLIN',,39453204,'BERLIN',1
39583981,-0.128961371,1.050193268,22,0.201954485,F,LONDON,,39583981,'LONDON',,39583981,'LONDON',1
40201562,4.803885028,0.548902946,22,0.168240329,M,LONDON,,40201562,'LONDON',,40201562,'LONDON',2
41213271,1.54961108,0.842222341,22,0.103142298,M,LONDON,,41213271,'LONDON',,41213271,'LONDON',1
41548748,1.939168613,0.507986567,23,0.142207626,M,LONDON,,41548748,'LONDON',,41548748,'LONDON',1
42449851,0.255973602,-0.598579431,20,0.289173949,M,BERLIN,,42449851,'BERLIN',,42449851,'BERLIN',1
43525440,1.40904824,0.455770914,19,0.20734093,M,BERLIN,,43525440,'BERLIN',,43525440,'BERLIN',2
44576096,3.347602598,-0.69288225,23,0.106758407,F,LONDON,,44576096,'LONDON',,44576096,'LONDON',1
48054415,1.390328399,-0.238970861,20,0.107611737,M,LONDON,,48054415,'LONDON',,48054415,'LONDON',1
51076110,1.486065126,-0.904611319,22,0.079469207,F,BERLIN,,51076110,'BERLIN',,51076110,'BERLIN',2
51649816,0.540259581,-0.186146547,22,0.118894632,M,LONDON,,51649816,'LONDON',,51649816,'LONDON',1
52071148,2.909335789,-1.240600913,22,0.060460835,M,LONDON,,52071148,'LONDON',,52071148,'LONDON',1
54633971,1.002568586,0.443504343,22,0.085884672,M,BERLIN,,53120454,'BERLIN',,54633971,'BERLIN',2
55417875,2.488112404,-0.495616751,22,0.201107861,F,LONDON,,54633971,'BERLIN',,55417875,'LONDON',1
55499880,1.745206167,-0.266453139,22,0.13723566,M,BERLIN,,55417875,'LONDON',,55499880,'BERLIN',1
55836894,2.470987292,0.555828628,22,0.079128894,F,LONDON,,55499880,'BERLIN',,55836894,'LONDON',1
57172435,2.4139246,0.193517606,24,0.089580115,F,LONDON,,55836894,'LONDON',,57172435,'LONDON',1
57930100,1.841376157,0.148008406,20,0.102352469,F,BERLIN,,57172435,'LONDON',,57930100,'BERLIN',1
59057693,3.142164233,0.226203456,22,0.077254503,F,LONDON,,57930100,'BERLIN',,59057693,'LONDON',1
59343528,1.674838297,-0.510581276,23,0.174618291,F,BERLIN,,59057693,'LONDON',,59343528,'BERLIN',1
60184938,1.083097235,0.519120476,23,0.088853385,F,LONDON,,59343528,'BERLIN',,60184938,'LONDON',1
60186708,-0.503853403,-0.265996871,22,0.141942148,F,LONDON,,60184938,'LONDON',,60186708,'LONDON',1
60334165,0.12047827,0.917541407,22,0.103317273,M,BERLIN,,60186708,'LONDON',,60334165,'BERLIN',1
60530234,1.205701275,1.125979896,22,0.111498871,M,LONDON,,60334165,'BERLIN',,60530234,'LONDON',1
61581707,1.079520954,-0.585331467,20,0.063724793,F,BERLIN,,60530234,'LONDON',,61581707,'BERLIN',2
63218063,4.18641023,0.653358745,22,0.123869651,F,BERLIN,,61581707,'BERLIN',,63218063,'BERLIN',1
64043761,2.064675239,-0.200360708,21,0.055601312,F,LONDON,,63218063,'BERLIN',,64043761,'LONDON',1
64082948,1.012307633,-0.492596863,22,0.096932826,M,BERLIN,,64043761,'LONDON',,64082948,'BERLIN',1
64309040,1.53934378,-2.226598606,22,0.181424056,M,LONDON,,64082948,'BERLIN',,64309040,'LONDON',1
110841481,0.817159602,0.56447874,20,0.143225199,M,LONDON,,64309040,'LONDON',,110841481,'LONDON2',1
110937433,0.289172889,-0.232832873,19,0.197089804,F,LONDON,,70910152,'LONDON',,110937433,'LONDON2',1
111086310,-0.131764706,-2.758611235,24,0.068965805,M,LONDON,,72155879,'LONDON',,111086310,'LONDON',1
111096801,0.113410758,-0.38000312,23,0.07193071,M,LONDON,,110841481,'LONDON2',,111096801,'LONDON',1
111844771,-0.538377304,-0.152961965,25,0.082744217,M,LONDON,,110937433,'LONDON2',,111844771,'LONDON',1
112091464,2.268943591,1.273190594,25,0.259849902,F,LONDON,,111086310,'LONDON',,112091464,'LONDON2',1
112517217,-0.396134792,-1.100730643,26,0.147370179,M,BERLIN,,111096801,'LONDON',,112517217,'BERLIN',1
112917188,-1.003590873,0.241708505,26,0.180345982,M,BERLIN,,111844771,'LONDON',,112917188,'BERLIN',1
112957066,0.339673877,-1.033110912,18,0.1034395,M,LONDON,,112091464,'LONDON2',,112957066,'LONDON',1
113174215,-2.44955258,-1.100780498,18,0.077859129,F,LONDON,,112517217,'BERLIN',,113174215,'LONDON',1
113237194,0.738537007,0.357603224,25,0.078075057,F,BERLIN,,112917188,'BERLIN',,113237194,'BERLIN',1
113387068,1.008780256,-0.607515362,24,0.082006427,F,LONDON,,112957066,'LONDON',,113387068,'LONDON2',1
114552708,2.618605185,1.180136723,23,0.109394607,M,BERLIN,,113174215,'LONDON',,114552708,'BERLIN',1
115212275,-0.838475281,0.602112702,23,0.203091501,F,LONDON,,113237194,'BERLIN',,115212275,'LONDON2',1
117385823,2.024720988,1.364630284,25,0.281137491,M,LONDON,,113387068,'LONDON2',,117385823,'LONDON2',1
118382279,-0.741393333,-0.453786376,22,0.168319504,M,BERLIN,,114552708,'BERLIN',,118382279,'BERLIN',1
121801833,-0.71445526,0.180723535,23,0.199818037,F,LONDON,,115212275,'LONDON2',,121801833,'LONDON2',1
122083369,-0.421768641,-0.872940288,23,0.106436935,F,LONDON,,117385823,'LONDON2',,122083369,'LONDON',1
122408481,2.763117125,1.291283985,25,0.113474701,F,BERLIN,,118382279,'BERLIN',,122408481,'BERLIN',1
123660597,-1.085247009,-0.828993342,18,0.086684791,F,LONDON,,121801833,'LONDON2',,123660597,'LONDON',1
123930959,-0.194125053,-0.43502482,23,0.119253572,F,LONDON,,122083369,'LONDON',,123930959,'LONDON',1
124782577,-0.694925115,-1.044618388,24,0.069879883,F,LONDON,,122408481,'BERLIN',,124782577,'LONDON',1
125237313,1.162126331,1.54872409,21,0.198670026,F,LONDON,,123660597,'LONDON',,125237313,'LONDON',1
125339679,1.600637191,-0.115342504,23,0.330041387,F,LONDON,,123930959,'LONDON',,125339679,'LONDON2',1
125524260,-0.121768786,-0.110330036,20,0.138789994,M,LONDON,,124782577,'LONDON',,125524260,'LONDON',1
130293488,-0.922736369,-0.092218111,25,0.173956067,M,LONDON,,125237313,'LONDON',,130293488,'LONDON',1
130597088,1.868160597,0.603015658,23,0.223106212,F,LONDON,,125339679,'LONDON2',,130597088,'LONDON',1
134330542,-0.205914296,-0.679720782,24,0.071106202,F,LONDON,,125524260,'LONDON',,134330542,'LONDON2',1
135517362,1.222849399,0.191189891,25,0.060538578,F,LONDON,,130293488,'LONDON',,135517362,'LONDON',1
135672596,0.825063746,-0.006975159,20,0.048026506,M,LONDON,,130597088,'LONDON',,135672596,'LONDON',1
135736530,-0.976203945,-0.035880618,22,0.217402812,F,LONDON,,134330542,'LONDON2',,135736530,'LONDON2',1
136295480,1.174162567,-0.16032373,21,0.398943986,M,BERLIN,,135517362,'LONDON',,136295480,'BERLIN',1
136348275,0.175413503,-0.122904088,20,0.326497834,F,LONDON,,135672596,'LONDON',,136348275,'LONDON',1
136981533,-0.04660998,0.420408577,20,0.09281502,F,LONDON,,135736530,'LONDON2',,136981533,'LONDON',1
137280633,1.821839158,0.78924832,22,0.092661282,F,LONDON,,136295480,'BERLIN',,137280633,'LONDON',1
138390224,3.69549033,0.632700127,24,0.274501425,M,LONDON,,136348275,'LONDON',,138390224,'LONDON2',1
140267022,4.635259161,0.187828258,20,0.122227848,F,LONDON,,136981533,'LONDON',,140267022,'LONDON',1
141253295,1.19536625,-0.079265084,21,0.087078447,M,BERLIN,,137280633,'LONDON',,141253295,'BERLIN',1
141542924,3.112019054,0.863628509,25,0.099362686,M,LONDON,,138390224,'LONDON2',,141542924,'LONDON',1
141831212,0.601413434,-0.568937649,20,0.128175566,F,LONDON,,140267022,'LONDON',,141831212,'LONDON',1
142392893,3.474662688,1.61855247,24,0.182396359,M,LONDON,,141253295,'BERLIN',,142392893,'LONDON2',1
143669176,2.373256845,0.870220489,23,0.101962907,F,LONDON,,141542924,'LONDON',,143669176,'LONDON',1
144855245,-0.875852124,-0.362529565,18,0.107072458,F,LONDON,,141831212,'LONDON',,144855245,'LONDON',1
144964754,1.149311246,0.290562606,20,0.088366483,F,LONDON,,142392893,'LONDON2',,144964754,'LONDON',2
146042158,0.808644859,0.391085957,22,0.088928883,F,LONDON,,143669176,'LONDON',,146042158,'LONDON',1
146061521,0.125303375,-0.062725635,23,0.103067797,F,LONDON,,144855245,'LONDON',,146061521,'LONDON',1
146906985,1.65256482,0.2602395,23,0.076318527,M,LONDON,,144964754,'LONDON',,146906985,'LONDON',1
147701848,-1.706321833,-0.771366303,18,0.134859435,F,BERLIN,,146042158,'LONDON',,147701848,'BERLIN',1
148868119,0.059295516,-0.984011757,22,0.075362761,F,LONDON,,146061521,'LONDON',,148868119,'LONDON',1
148952494,-0.345799087,0.409158341,20,0.089372573,M,LONDON,,146906985,'LONDON',,148952494,'LONDON',1
149709982,0.077663155,-1.036391972,23,0.131962295,F,LONDON,,147701848,'BERLIN',,149709982,'LONDON',1
149839536,0.340823786,-0.239188324,23,0.570043407,M,LONDON,,148868119,'LONDON',,149839536,'LONDON2',1
150038288,0.763290209,-0.261175647,23,0.05946335,F,BERLIN,,148952494,'LONDON',,150038288,'BERLIN',1
150237087,1.062726253,1.268647045,24,0.122189553,F,LONDON,,149709982,'LONDON',,150237087,'LONDON2',1
150299361,0.384429845,0.797863451,25,0.218636795,M,BERLIN,,149839536,'LONDON2',,150299361,'BERLIN',1
151408587,1.439516241,-0.60693748,25,0.073871412,M,LONDON,,150038288,'BERLIN',,151408587,'LONDON',1
152769231,1.797274945,0.37409205,18,0.143019189,M,LONDON,,150237087,'LONDON2',,152769231,'LONDON2',1
152958814,0.927999284,-0.051597198,25,0.094680502,M,LONDON,,150299361,'BERLIN',,152958814,'LONDON',1
153450897,-0.166245024,-0.343083919,22,0.09394355,F,LONDON,,151408587,'LONDON',,153450897,'LONDON',1
154461990,-0.042671724,-0.346924924,22,0.155967973,F,LONDON,,152769231,'LONDON2',,154461990,'LONDON',1
154704064,0.119353079,0.02109632,22,0.081352497,F,LONDON,,152958814,'LONDON',,154704064,'LONDON2',1
155190506,0.225727532,0.063358098,21,0.079225851,F,LONDON,,153450897,'LONDON',,155190506,'LONDON',1
155379621,-1.270171232,-0.051878486,22,0.103326611,F,LONDON,,154461990,'LONDON',,155379621,'LONDON2',1
156021841,-0.848821868,-1.141472348,21,0.06214647,F,LONDON,,154704064,'LONDON2',,156021841,'LONDON',1
157312444,-0.4449047,-1.166678515,21,0.114332664,F,LONDON,,155190506,'LONDON',,157312444,'LONDON',1
157655614,-0.372333203,-0.857956939,25,0.105207645,F,LONDON,,155379621,'LONDON2',,157655614,'LONDON2',1
157691935,2.265280504,0.598185153,22,0.176907763,F,LONDON,,156021841,'LONDON',,157691935,'LONDON2',1
159066706,-1.763110771,-0.521787904,22,0.148684491,M,LONDON,,157312444,'LONDON',,159066706,'LONDON',1
160259456,-0.589715921,0.218721051,25,0.115650893,F,LONDON,,157655614,'LONDON2',,160259456,'LONDON',1
161239003,0.552929719,-0.452160439,22,0.07911353,M,LONDON,,157691935,'LONDON2',,161239003,'LONDON',1
162353055,1.672526169,1.136577876,26,0.133832258,M,LONDON,,159066706,'LONDON',,162353055,'LONDON2',1
162354840,0.704460908,2.88E-05,22,0.134680499,F,LONDON,,160259456,'LONDON',,162354840,'LONDON',2
163186746,-1.684259903,-1.738417615,24,0.072214002,F,LONDON,,161239003,'LONDON',,163186746,'LONDON',1
164064591,1.766847392,0.688011623,22,0.079815639,F,LONDON,,162353055,'LONDON2',,164064591,'LONDON',1
164824205,-1.064920915,-0.226588765,23,0.147526038,F,LONDON,,162354840,'LONDON',,164824205,'LONDON',1
164874291,-0.747833249,-0.174539183,19,0.081149721,F,LONDON,,163186746,'LONDON',,164874291,'LONDON',1
165288521,0.559093883,0.300823041,23,0.132555262,F,LONDON,,164064591,'LONDON',,165288521,'LONDON2',1
165369327,1.725778103,0.456029274,25,0.305388543,M,LONDON,,164824205,'LONDON',,165369327,'LONDON2',1
165959237,-0.730107132,-1.15244913,19,0.093282841,F,LONDON,,164874291,'LONDON',,165959237,'LONDON',1
166274725,0.498146463,-0.012271489,22,0.082233384,F,LONDON,,165288521,'LONDON2',,166274725,'LONDON2',1
166338974,0.410958058,0.57159518,23,0.08491553,M,LONDON,,165369327,'LONDON2',,166338974,'LONDON',1
166386545,0.536858714,0.099374285,21,0.211140077,M,LONDON,,165959237,'LONDON',,166386545,'LONDON2',1
166471280,0.971544198,-0.188687878,25,0.109388493,F,LONDON,,166274725,'LONDON2',,166471280,'LONDON2',2
166741227,0.68524748,0.725806342,20,0.103029212,M,BERLIN,,166338974,'LONDON',,166741227,'BERLIN',1
166922849,0.330191712,0.795963499,18,0.122068925,M,LONDON,,166386545,'LONDON2',,166922849,'LONDON',1
168370463,-0.828675775,-1.7585712,21,0.228953679,F,LONDON,,166471280,'LONDON2',,168370463,'LONDON',1
168641000,-0.495142126,0.506233323,22,0.241719851,M,LONDON,,166741227,'BERLIN',,168641000,'LONDON2',2
169786920,-0.161035161,-0.268719003,20,0.107530952,F,LONDON,,166922849,'LONDON',,169786920,'LONDON',1
171526079,2.874281985,0.408759828,25,0.113175731,F,LONDON,,168370463,'LONDON',,171526079,'LONDON2',1
171674018,0.152006229,-0.343561113,24,0.312029194,F,LONDON,,168641000,'LONDON2',,171674018,'LONDON2',1
171990823,0.343992778,-0.160143909,22,0.089774587,F,BERLIN,,169786920,'LONDON',,171990823,'BERLIN',1
172283288,-0.452814903,-0.798103723,24,0.089641352,F,LONDON,,171526079,'LONDON2',,172283288,'LONDON',1
172442389,0.071331198,-0.738794771,25,0.082252116,F,LONDON,,171674018,'LONDON2',,172442389,'LONDON',1
174433203,1.058738235,0.443551897,22,0.290726743,F,LONDON,,171990823,'BERLIN',,174433203,'LONDON2',1
174603925,2.532118904,0.942567995,25,0.251721967,F,LONDON,,172283288,'LONDON',,174603925,'LONDON2',1
175029071,0.753851745,0.404623455,24,0.12722588,M,LONDON,,172442389,'LONDON',,175029071,'LONDON',1
175924853,2.669808633,0.652157932,25,0.081146114,F,BERLIN,,174433203,'LONDON2',,175924853,'BERLIN',1
176214110,0.525743856,-1.162236742,21,0.15006997,F,LONDON,,174603925,'LONDON2',,176214110,'LONDON',1
176617846,0.482883631,0.15943324,24,0.106092405,M,LONDON,,175029071,'LONDON',,176617846,'LONDON',1
177344780,1.202790435,1.312326142,24,0.146510804,F,LONDON,,175924853,'BERLIN',,177344780,'LONDON2',1
177528314,0.486402712,-0.182032463,24,0.098102791,F,BERLIN,,176214110,'LONDON',,177528314,'BERLIN',1
177688664,2.002113085,0.686439993,22,0.302721376,M,LONDON,,176617846,'LONDON',,177688664,'LONDON',1
177896969,-0.844489694,-0.726489961,20,0.06140477,M,LONDON,,177344780,'LONDON2',,177896969,'LONDON',1
178045655,-0.131568154,-0.447713365,20,0.137722877,M,LONDON,,177528314,'BERLIN',,178045655,'LONDON',1
178282579,-0.95171584,0.221664679,21,0.182704893,F,LONDON,,177688664,'LONDON',,178282579,'LONDON',1
178684006,0.636891153,-0.158951756,23,0.194119318,F,LONDON,,177896969,'LONDON',,178684006,'LONDON2',1
178998455,0.958705422,1.221948145,26,0.09874374,M,LONDON,,178045655,'LONDON',,178998455,'LONDON2',1
181526703,0.470822004,-0.77173845,22,0.311195328,F,LONDON,,178282579,'LONDON',,181526703,'LONDON',1
182136619,-2.615079945,-1.746260362,23,0.088185856,F,LONDON,,178684006,'LONDON2',,182136619,'LONDON2',2
183176019,1.104009023,0.247366434,24,0.092535843,M,LONDON,,178998455,'LONDON2',,183176019,'LONDON',1
183475605,-1.154104234,-0.996972787,26,0.089120478,F,LONDON,,181526703,'LONDON',,183475605,'LONDON',1
183762098,-0.398366212,0.291702535,20,0.107084124,F,LONDON,,182136619,'LONDON2',,183762098,'LONDON',1
184059377,-0.080081694,-1.292664161,21,0.105846254,F,LONDON,,183176019,'LONDON',,184059377,'LONDON',1
186213995,0.716438482,0.887802454,25,0.186494014,F,LONDON,,183475605,'LONDON',,186213995,'LONDON2',1
186940717,0.580554958,-0.031761323,23,0.11782663,F,LONDON,,183762098,'LONDON',,186940717,'LONDON2',1
187495574,1.143341489,0.332538899,21,0.096643835,M,LONDON,,184059377,'LONDON',,187495574,'LONDON',1
188448101,-0.192876793,-0.3749566,22,0.145450938,F,LONDON,,186213995,'LONDON2',,188448101,'LONDON',2
188764715,-0.173447576,-0.169414534,24,0.128744065,M,BERLIN,,186940717,'LONDON2',,188764715,'BERLIN',1
190042837,-0.709423396,-0.386057807,23,0.074804101,F,LONDON,,187495574,'LONDON',,190042837,'LONDON',1
191170875,1.224215848,-0.054608877,21,0.059948088,F,LONDON,,188448101,'LONDON',,191170875,'LONDON',2
191996808,-2.515771121,-2.404049676,20,0.078872655,F,LONDON,,188764715,'BERLIN',,191996808,'LONDON',1
193109536,0.658247472,0.218660447,21,0.192618515,M,LONDON,,190042837,'LONDON',,193109536,'LONDON2',1
195112416,-0.13884428,-0.293230301,21,0.192760199,F,LONDON,,191170875,'LONDON',,195112416,'LONDON2',1
195135326,-1.052173562,-0.891061615,19,0.143617335,F,LONDON,,191996808,'LONDON',,195135326,'LONDON2',1
195145348,-0.346334283,-1.27050781,21,0.08492219,F,LONDON,,193109536,'LONDON2',,195145348,'LONDON',1
195166026,-1.645377203,-1.159024621,20,0.110484309,F,LONDON,,195112416,'LONDON2',,195166026,'LONDON',1
195629783,1.665226066,0.523423233,21,0.085130808,F,LONDON,,195135326,'LONDON2',,195629783,'LONDON',1
195966822,1.348478748,0.636047532,26,0.094526466,F,BERLIN,,195145348,'LONDON',,195966822,'BERLIN',1
197382673,1.065885035,-0.573351009,20,0.108301314,M,LONDON,,195166026,'LONDON',,197382673,'LONDON',1
198118454,-1.136746775,-0.285937512,24,0.495531434,M,LONDON,,195629783,'LONDON',,198118454,'LONDON2',1
199436480,1.773834879,1.025589067,22,0.100635535,F,LONDON,,195966822,'BERLIN',,199436480,'LONDON',1
458976,1.392450464,0.68565677,18,0.129479079,F,DRESDEN,,197382673,'LONDON',,458976,DRESDEN,1
1647364,1.078390919,0.076879292,18,0.194648489,M,NOTTINGHAM,,198118454,'LONDON2',,1647364,NOTTINGHAM,1
2695459,1.106391305,-0.290664711,18,0.14770876,F,DUBLIN,,199436480,'LONDON',,2695459,DUBLIN,1
4254555,-2.014385493,-1.932258557,19,0.059010467,F,PARIS,,,,,4254555,PARIS,1
4794212,0.744534147,-0.870304955,18,0.177854088,F,NOTTINGHAM,,,,,4794212,NOTTINGHAM,1
4885471,2.920213299,0.937286436,19,0.23512092,F,LONDON2,,,,,4885471,LONDON2,2
5182386,2.143499328,0.231953978,20,0.220042096,F,BERLIN,,,,,5182386,BERLIN,1
5901115,1.262319025,0.399175874,18,0.074112855,F,HAMBURG,,,,,5901115,HAMBURG,1
6000160,-2.226521382,-0.933374532,18,0.139611511,F,DUBLIN,,,,,6000160,DUBLIN,2
7478069,-0.11928923,-0.812418618,20,0.164774962,M,PARIS,,,,,7478069,PARIS,1
10058298,-0.596361239,-0.513948471,20,0.118391342,F,BERLIN,,,,,10058298,BERLIN,1
10121092,-2.188661014,-1.033564303,18,0.141123446,F,BERLIN,,,,,10121092,BERLIN,1
11922061,0.90203159,-0.636584209,18,0.151782216,F,LONDON2,,,,,11922061,LONDON2,2
13471924,-1.490413238,-0.785860553,18,0.114460895,F,DUBLIN,,,,,13471924,DUBLIN,1
14759699,0.331871995,-0.093114605,18,0.132477151,F,HAMBURG,,,,,14759699,HAMBURG,2
14783858,-0.310771552,0.044479271,18,0.082598133,F,DRESDEN,,,,,14783858,DRESDEN,2
14893890,-1.842332109,-2.833014504,18,0.092483189,F,BERLIN,,,,,14893890,BERLIN,1
15059321,1.359111908,1.824112455,18,0.266514759,F,LONDON2,,,,,15059321,LONDON2,1
16190159,-0.28436146,-0.451322548,18,0.099337414,F,NOTTINGHAM,,,,,16190159,NOTTINGHAM,1
16275727,0.116971138,-0.649731413,19,0.189738883,M,PARIS,,,,,16275727,PARIS,1
17213220,1.574269047,-0.091443063,19,0.084990572,F,DRESDEN,,,,,17213220,DRESDEN,1
17696979,0.476675641,1.132311716,18,0.235570703,M,NOTTINGHAM,,,,,17696979,NOTTINGHAM,1
18455372,1.921034798,0.156377109,19,0.119972579,F,LONDON2,,,,,18455372,LONDON2,1
18801650,-0.500603449,0.334212401,18,0.112484413,F,DUBLIN,,,,,18801650,DUBLIN,1
19432693,2.453869945,0.970351946,18,0.051119926,F,HAMBURG,,,,,19432693,HAMBURG,1
21313420,-2.059800949,-0.502306951,18,0.108616942,F,HAMBURG,,,,,21313420,HAMBURG,1
24495953,-0.588669714,-0.682794816,18,0.086309431,F,HAMBURG,,,,,24495953,HAMBURG,1
25067315,-1.092559615,0.453697213,18,0.162271985,F,NOTTINGHAM,,,,,25067315,NOTTINGHAM,1
25356336,1.86828814,-0.138220201,18,0.105262385,F,PARIS,,,,,25356336,PARIS,1
25517914,0.874815665,-0.257109631,18,0.16248752,M,LONDON2,,,,,25517914,LONDON2,1
26901488,-0.318111437,-1.082252932,18,0.063626424,F,DRESDEN,,,,,26901488,DRESDEN,1
27578624,-2.150904321,-0.161932462,18,0.158290839,F,MANNHEIM,,,,,27578624,MANNHEIM,1
29658673,-0.261173099,-0.248701854,19,0.203008923,F,DUBLIN,,,,,29658673,DUBLIN,1
29751086,1.238267227,-0.479162379,19,0.125300957,M,NOTTINGHAM,,,,,29751086,NOTTINGHAM,1
29871328,2.111770032,1.578782602,18,0.161930025,F,BERLIN,,,,,29871328,BERLIN,1
30276332,-1.899007504,-0.787193152,18,0.255671293,F,NOTTINGHAM,,,,,30276332,NOTTINGHAM,1
30779144,2.138878347,0.901750924,18,0.151780204,F,DUBLIN,,,,,30779144,DUBLIN,1
31070544,1.248646607,0.44730807,20,0.145582825,F,PARIS,,,,,31070544,PARIS,1
31171219,0.759321669,0.828600766,19,0.176539174,F,MANNHEIM,,,,,31171219,MANNHEIM,2
31825112,1.46468039,0.165687831,18,0.115281435,F,BERLIN,,,,,31825112,BERLIN,1
31851798,-1.125075643,-0.402757828,19,0.08863322,F,PARIS,,,,,31851798,PARIS,2
35704260,-0.226647345,-0.05640318,19,0.122730619,M,DUBLIN,,,,,35704260,DUBLIN,1
38521433,-0.668758281,0.130907338,18,0.077863281,F,MANNHEIM,,,,,38521433,MANNHEIM,2
39776858,2.292645697,1.718640286,19,0.078627699,F,MANNHEIM,,,,,39776858,MANNHEIM,1
41383458,-2.334269982,-1.952693127,18,0.103173543,F,LONDON2,,,,,41383458,LONDON2,2
41429086,-0.310749402,-0.676034591,20,0.315231029,F,NOTTINGHAM,,,,,41429086,NOTTINGHAM,1
42823353,-0.246347516,-1.106116948,18,0.06154876,F,HAMBURG,,,,,42823353,HAMBURG,2
43720294,-0.329099696,0.797717233,18,0.079926762,F,MANNHEIM,,,,,43720294,MANNHEIM,1
43926786,-0.923592358,0.127231912,18,0.181991176,M,NOTTINGHAM,,,,,43926786,NOTTINGHAM,1
45544719,0.455082813,0.029729395,18,0.105896535,F,NOTTINGHAM,,,,,45544719,NOTTINGHAM,1
48028426,0.576029895,-0.073820799,18,0.289476407,F,NOTTINGHAM,,,,,48028426,NOTTINGHAM,1
50395729,-2.060617979,-1.80015234,18,0.140802479,F,NOTTINGHAM,,,,,50395729,NOTTINGHAM,1
52801880,0.063813766,0.065852208,18,0.106522765,M,LONDON2,,,,,52801880,LONDON2,1
53120454,1.22734151,0.940747826,18,0.138920835,F,BERLIN,,,,,53120454,BERLIN,1
54741718,-0.103336233,-0.425529311,18,0.085982793,F,MANNHEIM,,,,,54741718,MANNHEIM,1
55619168,1.658210132,1.152001164,19,0.194951968,F,LONDON2,,,,,55619168,LONDON2,1
56819618,0.022419708,0.201603107,18,0.145313441,M,NOTTINGHAM,,,,,56819618,NOTTINGHAM,1
57348284,0.609278894,0.332048785,19,0.227632788,F,LONDON2,,,,,57348284,LONDON2,1
57968987,0.108103749,0.08925414,18,0.138602738,F,LONDON2,,,,,57968987,LONDON2,2
60281382,-0.402492672,0.176513655,18,0.090973012,F,HAMBURG,,,,,60281382,HAMBURG,1
61756624,2.471707899,1.359808575,18,0.374099653,F,MANNHEIM,,,,,61756624,MANNHEIM,1
63213959,0.21775468,-1.207662996,19,0.08519713,F,MANNHEIM,,,,,63213959,MANNHEIM,2
63989137,0.119322189,0.466348257,18,0.111695982,M,LONDON2,,,,,63989137,LONDON2,1
65620046,0.290549212,0.529103504,18,0.168515108,F,LONDON2,,,,,65620046,LONDON2,1
66092324,2.035321658,1.483001119,20,0.097860451,F,LONDON2,,,,,66092324,LONDON2,1
66847819,0.664665392,0.508043625,18,0.22561677,F,LONDON2,,,,,66847819,LONDON2,2
67342911,-1.904867918,-1.945695851,18,0.10528679,F,LONDON2,,,,,67342911,LONDON2,1
67844279,-1.34853189,-0.199022915,18,0.10281366,F,BERLIN,,,,,67844279,BERLIN,1
68000499,-2.429240588,-1.390698597,18,0.125370458,F,LONDON2,,,,,68000499,LONDON2,2
69159223,1.685588351,0.603017889,19,0.488300761,M,NOTTINGHAM,,,,,69159223,NOTTINGHAM,1
69366941,-0.837372886,-0.685465569,18,0.144323616,F,NOTTINGHAM,,,,,69366941,NOTTINGHAM,1
69973472,0.13833052,-1.180709717,19,0.109921138,F,MANNHEIM,,,,,69973472,MANNHEIM,1
70910152,1.106267922,0.429269356,18,0.130200528,F,LONDON2,,,,,70910152,LONDON2,1
72155879,2.562396256,0.670812492,19,0.066216269,M,LONDON2,,,,,72155879,LONDON2,1
72358748,-0.196856722,0.174337435,20,0.095682263,F,PARIS,,,,,72358748,PARIS,1
79630427,-0.468566143,-0.045954705,18,0.129206084,F,NOTTINGHAM,,,,,79630427,NOTTINGHAM,1
80301458,0.581536191,-0.39308788,18,0.076433265,F,DRESDEN,,,,,80301458,DRESDEN,1
80461839,1.192056731,0.30053059,19,0.14225069,F,MANNHEIM,,,,,80461839,MANNHEIM,2
82149344,-0.94939951,-0.949783424,18,0.142413377,F,LONDON2,,,,,82149344,LONDON2,1
83236777,-1.321719615,0.305798756,20,0.553851534,F,MANNHEIM,,,,,83236777,MANNHEIM,1
83490451,-0.686569465,0.817054265,18,0.172966085,F,LONDON2,,,,,83490451,LONDON2,2
84037702,-0.355870719,-0.654887951,18,0.106126196,F,NOTTINGHAM,,,,,84037702,NOTTINGHAM,1
84828767,-0.102459487,-0.000608006,19,0.150529084,M,PARIS,,,,,84828767,PARIS,1
90973178,1.478328183,0.972645001,19,0.066817647,M,BERLIN,,,,,90973178,BERLIN,1
92159995,2.18425921,1.605924678,18,0.106475476,F,HAMBURG,,,,,92159995,HAMBURG,2
92432902,0.866297487,0.910533654,19,0.099007403,F,PARIS,,,,,92432902,PARIS,1
92523261,0.190741429,0.018833249,18,0.15051882,F,LONDON2,,,,,92523261,LONDON2,1
94345446,0.818428833,-0.414455557,19,0.100286591,M,DUBLIN,,,,,94345446,DUBLIN,1
94998851,0.389540317,0.328348032,18,0.114331003,F,LONDON2,,,,,94998851,LONDON2,1
97970921,-2.382722574,-0.671443643,18,0.196081559,F,NOTTINGHAM,,,,,97970921,NOTTINGHAM,1