all_between,all_within
-0.022388821,0.171331897
0.020448178,0.130354911
-0.030488495,0.080692597
-0.039878622,0.121928327
-0.047216203,0.084032089
-0.011841225,0.102970719
-0.0422468,0.091449402
-0.030594718,0.13340424
-0.090912439,0.074681237
-0.018482938,0.085407883
0.003638765,0.091957219
-0.053886171,0.073167861
-0.019036213,0.174288437
-0.125453189,0.219567582
-0.009516883,0.139387682
-0.055819821,0.184649184
-0.089884259,0.169677973
-0.104324505,0.1580192
-0.08399944,0.13415578
-0.000538597,0.193194851
-0.085644051,0.146190464
-0.058753856,0.135818481
-0.038862001,0.150754079
0.050893147,0.142147288
-0.051338807,0.181176767
-0.087939195,0.197213843
-0.032630332,0.194169089
-0.067588925,0.19453831
-0.059232805,0.172460333
-0.028388141,0.151347458
-0.001705123,0.168300927
-0.042300045,0.205796853
0.004954066,0.157599255
-0.022499762,0.155518994
-0.009251165,0.166886955
-0.02475303,0.165423825
-0.057254054,0.175526366
0.026665425,0.189096227
-0.060155015,0.143398091
-0.074483275,0.225982592
-0.070185825,0.168423474
-0.037627049,0.151418522
-0.080954522,0.154714525
-0.011389231,0.195275232
-0.132334992,0.138304651
-0.044386744,0.135792017
-0.019078767,0.153710976
-0.076274417,0.129287407
-0.011736175,0.221881792
-0.107633725,0.220612928
0.014460161,0.167143196
-0.047340639,0.241184816
-0.067572095,0.256120026
-0.10801284,0.187743202
-0.086326078,0.180567309
-0.004977836,0.217935905
-0.056345757,0.165066272
-0.050024483,0.156320468
-0.026974889,0.181723565
0.057602081,0.162270054
-0.05813041,0.143577829
-0.105286814,0.161623448
-0.019533182,0.096251801
-0.056020871,0.151573047
-0.053305544,0.133090317
-0.038043298,0.171592176
-0.003766579,0.106559291
-0.032488536,0.16395843
-0.046733793,0.103749976
-0.043865334,0.137907997
-0.043369059,0.106862359
-0.042814363,0.090285584
-0.065877415,0.151534528
0.029325936,0.157758728
-0.073972911,0.129833072
-0.074778572,0.166411936
-0.076938793,0.132296667
-0.049265523,0.118231282
-0.094249681,0.185667172
-0.027908465,0.17065616
-0.140603527,0.11657501
-0.054340333,0.115795009
-0.012143753,0.138546512
-0.066778682,0.113566227
-0.014031693,0.168576613
-0.127773762,0.191509485
0.010570509,0.148727536
-0.059269216,0.184527382
-0.077612944,0.165087461
-0.120318644,0.156198516
-0.104317084,0.144191727
-0.011365755,0.236658484
-0.070696488,0.15295203
-0.050811272,0.149650395
-0.029239029,0.158709884
0.072793797,0.134507507
-0.060309961,0.135229692
-0.10279204,0.175370246
-0.019014426,0.134160519
-0.072808541,0.161140218
-0.045499746,0.133291379
-0.034907077,0.133195519
0.004535701,0.133227408
-0.037654776,0.186600164
-0.036976609,0.162125379
-0.026643567,0.136790901
-0.028430527,0.135241643
-0.045682285,0.126663685
-0.060977891,0.13148053
0.018119847,0.153158426
-0.064528324,0.119336829
-0.078353308,0.150462642
-0.079389736,0.121798322
-0.041281182,0.151992202
-0.074636348,0.120185427
-0.021461694,0.171452641
-0.132731631,0.122494042
-0.050530531,0.179790035
-0.024637276,0.114466906
-0.058156017,0.101230182
-0.006033898,0.138108879
-0.103309609,0.157056972
0.022783071,0.112325251
-0.039425328,0.147476897
-0.065841265,0.115061775
-0.111075647,0.102602333
-0.078321375,0.121264674
0.001041571,0.163760617
-0.062655695,0.110981919
-0.036778491,0.103769571
-0.011789943,0.14884758
0.056836754,0.100799628
-0.088074066,0.206244081
-0.132709146,0.231573492
-0.045564521,0.205452204
-0.080247186,0.235238656
-0.080245256,0.212384522
-0.070675008,0.188150227
-0.020348743,0.198168963
-0.055086657,0.232843786
-0.049936105,0.198682144
-0.052825354,0.176862121
-0.057376467,0.184789792
-0.0677251,0.290895969
-0.057713322,0.177274406
0.045741607,0.165536284
-0.053065516,0.135985002
-0.073621973,0.123979881
-0.06427002,0.117884211
-0.045265444,0.158958241
-0.070041478,0.126656368
0.02180586,0.112976588
-0.106107384,0.12704581
-0.033062484,0.158439919
-0.02304958,0.15299131
-0.054330375,0.03978543
0.008217399,0.130512014
-0.063786313,0.287714601
0.064841084,0.135387257
-0.02901618,0.118911348
-0.022109,0.109766342
-0.086733356,0.139493689
-0.054336738,0.108061902
0.020040195,0.161262304
-0.006880708,0.131940603
-0.004164333,0.158015296
-0.007931201,0.173577994
0.036646478,0.000471758
-0.072704956,0.148296684
-0.127231568,0.174830347
-0.023130329,0.218204662
-0.049101878,0.149844036
-0.065093897,0.142098263
-0.049324628,0.171404585
-0.009983001,0.154230654
-0.020964948,0.141255811
-0.06997022,0.155092448
-0.031194238,0.181580409
-0.065483734,0.178583831
-0.059386209,0.035774086
-0.043115914,0.127286538
0.03508763,0.173076198
-0.035068963,0.157278225
-0.056133784,0.178505436
-0.06139617,0.122524783
-0.015998526,0.16532518
-0.056194052,0.131374553
-0.000930746,0.122881919
-0.102258854,0.135005683
-0.02680758,0.154045954
-0.009119976,0.173314348
-0.065834641,0.04046046
-0.015330339,0.175260291
-0.104691103,0.19943963
0.032118302,0.191300154
-0.0338379,0.171634316
-0.065799884,0.213729709
-0.110026166,0.185093582
-0.067551784,0.163767323
0.009450286,0.158299565
-0.055704243,0.174258947
-0.031146672,0.191072464
-0.018807603,0.221610263
0.04554585,0.055171683
-0.066003613,0.108746551
-0.116592325,0.155716255
-0.039688781,0.140850693
-0.070029922,0.106576167
-0.064344153,0.100968398
-0.04890551,0.195773885
-0.024434052,0.10334634
-0.042891987,0.120843343
-0.04381587,0.100745648
-0.034660738,0.14184837
-0.046607584,0.152560979
-0.033226158,0.030885449
-0.06503889,0.12282376
0.026199551,0.146789595
-0.079744965,0.15397729
-0.080086336,0.115582384
-0.095282525,0.110825524
-0.048807394,0.146420047
-0.092468433,0.183436498
-0.044429161,0.127665594
-0.130321637,0.136893839
-0.062128045,0.151611179
-0.031444065,0.151181147
-0.066435635,0.058649976
-0.01136717,0.086050048
-0.13447614,0.183428407
0.01434837,0.118443422
-0.060466439,0.089496136
-0.087596744,0.095815584
-0.129891679,0.099049971
-0.102336884,0.096467741
-0.01314844,0.237387687
-0.086111501,0.114757732
-0.044123009,0.151834697
-0.036877196,0.128039256
0.082255833,0.01375212
-0.083060265,0.139990807
-0.117340609,0.170667619
-0.034171931,0.148948625
-0.084228247,0.134540305
-0.064232141,0.133978546
-0.051137224,0.158510342
-0.016852239,0.139603943
-0.06555564,0.140834853
-0.039457716,0.205553636
-0.035485338,0.168431759
-0.041266955,0.150452033
-0.059447903,0.028803183
-0.052728936,0.133241951
0.031521186,0.170329884
-0.054951306,0.14516066
-0.063988306,0.114100948
-0.069579959,0.111061402
-0.034154579,0.146490306
-0.079527967,0.117281616
-0.005717398,0.152205825
-0.122501723,0.134941563
-0.0358111,0.201360181
-0.017908493,0.147109494
-0.077038914,0.034249965
-0.004013397,0.129604965
-0.104094379,0.181709081
0.014669764,0.150263518
-0.041256677,0.138749197
-0.063111067,0.127685055
-0.107465833,0.156893581
-0.082108676,0.128516838
-0.007819923,0.117921911
-0.064124376,0.118449286
-0.040778767,0.152948201
-0.020851536,0.217684135
0.060321704,0.035381075
-0.064819179,0.137434423
-0.099883653,0.111357301
-0.020563072,0.115570255
-0.072586112,0.105208293
-0.052185833,0.083779171
-0.042210624,0.125710383
-0.00154245,0.131461874
-0.047450989,0.115266964
-0.033783,0.073677748
-0.04621394,0.158610418
-0.047874685,0.128674492
-0.042093314,0.311931431
-0.048329316,0.297835648
0.02233777,0.057564817
-0.059970982,0.110402323
-0.063057616,0.185353369
-0.064115658,0.125146791
-0.036646355,0.10793408
-0.077113271,0.130511805
-0.019422015,0.157510832
-0.124860331,0.075139254
-0.041219503,0.152338803
-0.018061629,0.107023753
-0.061908074,0.137951791
-0.01198153,0.166679114
-0.094769679,0.285609484
0.00770829,0.254167646
-0.043782886,0.291690797
-0.064589553,0.217618138
-0.096559793,0.218613669
-0.074823067,0.272545636
-0.005874506,0.253845602
-0.068251036,0.207880542
-0.05253667,0.233967707
-0.025825473,0.203821287
0.045636419,-0.074201822
-0.079733104,0.117288068
-0.097936377,0.129192084
-0.021937465,0.294005215
-0.088012755,0.199124575
-0.06051407,0.142206103
-0.038889103,0.139951453
-0.010855676,0.17242372
-0.064207725,0.218818232
-0.03843765,0.148663446
-0.058300503,0.189835578
-0.048545789,0.175101072
-0.038756799,-0.025460692
-0.041532561,0.167453662
0.033185981,0.155168697
-0.045670956,0.209963679
-0.052035186,0.306148142
-0.065987535,0.15200752
-0.019698489,0.154143408
-0.062273197,0.216592774
-0.015294568,0.213293448
-0.113671407,0.142266154
-0.04085714,0.219165176
-0.009488411,0.207723543
-0.066008151,-0.000816522
-0.026417667,0.190227285
-0.118199132,0.186105654
0.012905669,0.234565035
-0.050390366,0.242670432
-0.086650223,0.25507769
-0.123287268,0.194421589
-0.08446987,0.215248048
-0.015059215,0.248505116
-0.079883084,0.192086264
-0.055613652,0.218293384
-0.033540621,0.160775557
0.050245423,-0.018867211
-0.076989315,0.174068734
-0.116282456,0.182361081
-0.040488187,0.218106344
-0.085201338,0.245701641
-0.072581597,0.178354204
-0.049360145,0.234822065
-0.031825695,0.215897381
-0.057745449,0.244781122
-0.043466259,0.159394279
-0.039273106,0.212856457
-0.053441156,0.172167033
-0.036502946,-0.031635113
-0.064837702,0.170288026
0.020191992,0.213176697
-0.071699902,0.236814082
-0.079096697,0.276108921
-0.083464354,0.174688771
-0.045739472,0.195604205
-0.093179911,0.330837458
-0.031195367,0.237942904
-0.13163422,0.175696388
-0.054549966,0.222602278
-0.025590269,0.200121313
-0.091410771,-0.082712516
-0.003815419,0.157881811
-0.099479608,0.155489892
0.015585856,0.251313895
-0.034316834,0.239784822
-0.056730453,0.170087293
-0.094082236,0.177136749
-0.081392281,0.211036086
0.000974123,0.346504807
-0.059954934,0.156827301
-0.031926692,0.228636146
-0.021774538,0.159908891
0.064205945,-0.042312849
-0.056925897,0.204465792
-0.094600767,0.211861551
-0.017521963,0.245511621
-0.0645089,0.285774708
-0.045898937,0.232635945
-0.048877925,0.205077514
-0.00938721,0.258065134
-0.040751826,0.257513344
-0.024644261,0.279981375
-0.044917937,0.267860323
-0.039729785,0.187485814
-0.046141542,-0.029508591
-0.050205227,0.165888399
0.050345629,0.137751251
-0.070594668,0.224614188
-0.06448929,0.258513838
-0.064814255,0.156307757
-0.058125108,0.157443002
-0.076876812,0.19851698
-0.005737037,0.229613677
-0.126837909,0.14289403
-0.049847774,0.289405406
-0.020683518,0.208178386
-0.02290334,-0.003534379
-0.024380967,0.106180958
-0.111036919,0.166609541
0.016860433,0.232343659
-0.065248884,0.259115875
-0.079414986,0.114840917
-0.110042438,0.147935688
-0.087516606,0.203610078
0.004439969,0.171031386
-0.056932237,0.127832502
-0.052645642,0.216833904
-0.024388915,0.374954551
0.012957301,-0.02779109
-0.078396693,0.24499099
-0.111321062,-0.13513504
-0.035461817,-0.024349635
-0.090802073,0.000932619
-0.050702505,-0.014867355
-0.027979339,-0.036954317
0.012448801,-0.124411397
-0.061087068,-0.041959673
-0.055381078,-0.074619837
-0.031724337,-0.027688889
-0.033540331,-0.070122831
-0.03875095,0.55005759
-0.110008582,0.259746879
-0.094561353,0.128361091
-0.136077181,0.117006972
-0.10322091,0.158252731
-0.130640134,0.192534387
-0.063545696,0.160952881
-0.104641028,0.131518885
-0.095242217,0.203614444
-0.117067702,0.177672312
-0.079744726,0.157788545
-0.117140315,0.189685091
-0.107886478,0.086004399
-0.04746788,0.226808146
-0.011287938,0.319611043
0.075165123,0.236258805
0.001700097,0.184275523
-0.031037668,0.259447396
-0.050436717,0.267343163
0.030183289,0.25250414
0.025429804,0.218161955
-0.037102453,0.254914373
0.014725962,0.230737284
-0.012082919,0.23321937
-0.070798084,0.150207326
0.030824948,0.14361684
0.004337678,0.126914307
-0.063823156,0.252090484
0.012783667,0.138116717
0.008149757,0.16180943
0.0231933,0.141852468
-0.0018019,0.193315476
0.013959988,0.17904292
0.069391258,0.129204363
0.035750017,0.148696095
0.086847462,0.123339131
0.089890562,0.098693565
-0.057122178,0.178527728
-0.039297502,0.115626
-0.088911742,0.122662172
-0.048490271,0.247822911
-0.062077787,0.152549118
-0.026649574,0.161532238
-0.06716758,0.137889192
-0.046618801,0.220274076
-0.062219802,0.172149107
-0.035336871,0.156413063
-0.060894702,0.171796873
-0.047276672,0.068657227
-0.041692022,0.232982829
-0.024803452,0.189367458
0.080235772,0.168813959
-0.023120709,0.15858233
-0.016558401,0.291390121
-0.047795653,0.194193646
0.007535004,0.171855643
0.029417289,0.196250468
-0.014430141,0.202835366
0.015050255,0.169316307
-0.02672399,0.212020382
-0.064670935,0.113860451
0.048312299,0.147498861
-0.000136213,0.154940262
-0.047350936,0.112493478
0.045704115,0.136370152
0.019122103,0.149719104
0.036092278,0.291178316
0.011529491,0.162973031
0.040317241,0.150084823
0.046708614,0.188846782
0.059531275,0.15382883
0.072976515,0.229492649
0.080014735,0.087695964
-0.094280034,0.142547011
-0.094152912,0.165156737
-0.145608544,0.177138373
-0.101677753,0.122252069
-0.128210902,0.161501393
-0.053812452,0.177599296
-0.121254906,0.295496672
-0.098779008,0.145087495
-0.126362428,0.19482702
-0.077090032,0.178470358
-0.120189838,0.190271288
-0.112033814,0.111913115
-0.019392136,0.211302564
0.012511103,0.131206438
0.103221148,0.141280234
0.018376658,0.203192651
-0.004386867,0.164419472
-0.029900076,0.150029838
0.055766534,0.136245534
0.045541439,0.285505235
-0.004848893,0.200308934
0.039691243,0.177385911
-0.021566182,0.195762098
-0.069867156,0.091248721
0.037736889,0.183882564
-0.006683283,0.14800632
-0.050262257,0.11316023
0.031333752,0.156281516
-0.005832071,0.172862381
0.023738103,0.203047186
-0.001424177,0.169861764
0.042095203,0.203107506
0.068439096,0.303301454
0.045336638,0.205392852
0.073839106,0.249450743
0.099428356,0.119443372
-0.093827896,0.151481569
-0.078089796,0.149129257
-0.120843239,0.150486499
-0.093172826,0.131300896
-0.112109981,0.161352977
-0.042235646,0.161929935
-0.095434889,0.172229424
-0.080575302,0.173183829
-0.101073794,0.186098635
-0.056523532,0.30180797
-0.097358994,0.193351939
-0.093606688,0.096496493
-0.026344646,0.158802897
-0.018842984,0.123406291
0.091142923,0.062819451
-0.001365989,0.119763739
-0.017135344,0.157057792
-0.05038508,0.198453799
0.028522214,0.133100301
0.032971188,0.162326604
-0.016695656,0.221272036
0.021904318,0.187258348
-0.024696618,0.330621332
-0.054783478,0.098196909
0.048256058,0.086347982
0.011775395,0.070639923
-0.043911632,0.10375265
0.029258898,0.040634833
0.020895513,0.100853309
0.028942661,0.106534645
0.014177684,0.108466655
0.033078071,0.112018637
0.056629628,0.128061205
0.059215415,0.105424821
0.072541155,0.126780316
0.09337192,0.291714311
-0.087318547,
-0.077138573,
-0.120900281,
-0.089919336,
-0.101688258,
-0.051940985,
-0.114766859,
-0.088214613,
-0.104536593,
-0.076249003,
-0.106878802,
-0.085467897,
-0.01745249,
-0.000893241,
0.099785082,
0.005360415,
0.002692783,
-0.034986015,
0.038754128,
0.051281564,
-0.000104573,
0.033107769,
-0.023684273,
-0.07403712,
0.051360663,
-0.012793522,
-0.062914595,
0.025576152,
0.006431823,
0.036215767,
0.010544287,
0.0484442,
0.060493916,
0.038937289,
0.085537933,
0.08144521,
-0.059986569,
-0.047498673,
-0.097756334,
-0.051308684,
-0.067326605,
-0.033359639,
-0.073811166,
-0.060780253,
-0.075983681,
-0.044622198,
-0.074819945,
-0.069254123,
-0.031900853,
-0.033157781,
0.09601561,
-0.014035871,
-0.017301932,
-0.075894125,
0.008839427,
0.027885977,
-0.014053527,
0.028543795,
-0.044691529,
-0.044309225,
0.041427344,
-0.030325618,
-0.049723774,
0.03361332,
0.004852495,
0.024641182,
-0.002747515,
0.056269668,
0.035871282,
0.042881377,
0.054182969,
0.066277996,
-0.083749399,
-0.070282072,
-0.119553022,
-0.067895018,
-0.093992062,
-0.034000892,
-0.089445382,
-0.077401854,
-0.093479455,
-0.055376641,
-0.095931426,
-0.090507567,
-0.028562479,
0.000661848,
0.102579556,
0.003387226,
-0.005763123,
-0.049077164,
0.042775977,
0.036775444,
7.9305E-05,
0.04272202,
-0.022049645,
-0.065619938,
0.05125637,
0.00231785,
-0.052417845,
0.038914423,
0.016388459,
0.03281372,
-0.001222469,
0.05331675,
0.064504996,
0.060378555,
0.078944676,
0.090402186,
-0.063467965,
-0.04534512,
-0.087119743,
-0.047324229,
-0.060322307,
-0.039197128,
-0.08076711,
-0.058562342,
-0.057647485,
-0.049530439,
-0.066733316,
-0.052460246,
-0.010170021,
0.045669112,
0.122192807,
0.024428818,
0.049910657,
-0.007766012,
0.065021887,
0.060855307,
0.039788343,
0.063409738,
-0.007362408,
-0.086737618,
0.050161403,
0.002212323,
-0.027731301,
0.05640202,
0.030282041,
0.026399139,
0.016942229,
0.061555482,
0.036121044,
0.036023773,
0.056983251,
0.090432078,
-0.107788898,
-0.098708436,
-0.138933316,
-0.108803786,
-0.125322521,
-0.067573503,
-0.105285406,
-0.101529017,
-0.12257266,
-0.085259348,
-0.116443336,
-0.117129594,
-0.020940119,
0.013911068,
0.095555283,
0.010543435,
0.009718304,
-0.022407237,
0.050753817,
0.040394496,
-0.016259998,
0.038771216,
-0.006431364,
-0.061649099,
0.044114411,
0.019920817,
-0.050483137,
0.035412502,
0.02224768,
0.024585377,
0.012010097,
0.031034203,
0.070505939,
0.052121464,
0.082470573,
0.097171538,
-0.095843963,
-0.088291503,
-0.129357696,
-0.092059709,
-0.11413721,
-0.061023451,
-0.103796981,
-0.091030292,
-0.110054232,
-0.078729466,
-0.107261002,
-0.104471102,
-0.026193781,
0.01324378,
0.103421211,
0.016833046,
0.004849792,
-0.033836853,
0.050036147,
0.040973105,
-0.001131645,
0.041713044,
-0.012673855,
-0.076258205,
0.037313495,
-0.001358756,
-0.053781297,
0.031740054,
0.009267688,
0.021490403,
-0.000449854,
0.040244866,
0.061736479,
0.036260765,
0.074484207,
0.089240402,
-0.088362128,
-0.071782418,
-0.105378054,
-0.079323053,
-0.104605153,
-0.04551724,
-0.084789567,
-0.075294346,
-0.090475529,
-0.058772903,
-0.085767433,
-0.082364053,
-0.017619461,
0.004918544,
0.095740668,
0.011070953,
-0.005204262,
-0.035668496,
0.045956217,
0.044411276,
-0.000601809,
0.033821937,
-0.015736481,
-0.069411553,
0.054428309,
-0.004453293,
-0.050514806,
0.024713995,
0.009931625,
0.01557692,
0.004742421,
0.034787647,
0.052693699,
0.042085379,
0.068110839,
0.078132041,
-0.043760441,
-0.05258498,
-0.060446348,
-0.015219667,
-0.055921137,
-0.017798696,
-0.013098286,
-0.043994572,
-0.072199129,
-0.031262372,
-0.071554363,
-0.029145552,
-0.058912497,
-0.109823324,
0.065844662,
-0.054796036,
-0.081464708,
-0.149405673,
-0.035435963,
-0.015243911,
-0.057741381,
-0.014392517,
-0.071115203,
-0.02774293,
-0.024201095,
-0.077036649,
-0.126230642,
-0.012879827,
-0.046224248,
0.003286908,
-0.043360032,
-0.007258217,
0.018397525,
0.028752496,
0.049100652,
0.005866633,
-0.074209005,
-0.0500733,
-0.057786498,
-0.061891623,
-0.070111468,
-0.045315687,
-0.061780382,
-0.014499844,
-0.059815209,
-0.039706498,
-0.064507231,
-0.044233456,
-0.032760706,
-0.010186911,
-0.008552595,
-0.00562267,
-0.011528993,
-0.014923506,
-0.041118972,
-0.049979929,
-0.049743161,
-0.002753093,
0.025466166,
-0.085826173,
-0.028406261,
-0.03998559,
-0.053685516,
-0.057143338,
-0.029997237,
-0.03168954,
-0.017507117,
-0.019481448,
0.018831316,
-0.004688072,
0.012149973,
-0.040378414,
-0.105350867,
-0.07397528,
-0.084282547,
-0.057488017,
-0.058327105,
-0.029715931,
-0.090330176,
-0.025488559,
-0.078215688,
-0.041321844,
-0.080276862,
-0.061079629,
-0.003884515,
0.021764085,
0.01908954,
0.011723289,
0.014639936,
0.018393271,
0.016662857,
0.028047323,
0.010961222,
0.033693176,
0.037098423,
-0.058295481,
-0.031337567,
-0.048291385,
-0.056941029,
-0.055770811,
-0.030747959,
-0.052162997,
-0.05370187,
-0.0154542,
-0.02079712,
-0.043652087,
-0.021564929,
-0.010654405,
-0.045192324,
-0.03755581,
-0.033668298,
-0.015688,
-0.020189278,
-0.00728923,
-0.053991392,
0.007282633,
-0.04788569,
-0.008335259,
-0.047190614,
-0.021174524,
0.017673263,
0.039941095,
0.049166992,
0.042025503,
0.043722562,
0.036019176,
0.036482681,
0.027038952,
0.001791691,
0.049421523,
0.059247706,
-0.025988514,
-0.00601787,
-0.047762357,
-0.059311356,
-0.027980728,
-0.033827864,
-0.001234229,
-0.022473341,
0.02523678,
0.036974151,
0.007405563,
0.033295192,
0.013281508,
-0.105396651,
-0.067801215,
-0.079063155,
-0.06667088,
-0.074193552,
-0.027833868,
-0.084666729,
-0.019143278,
-0.077047981,
-0.032361086,
-0.081859425,
-0.066551216,
-0.012929747,
0.005958369,
0.00738363,
0.00935445,
0.000112451,
0.02781065,
0.007413853,
-0.010810824,
-0.01368616,
0.019731726,
0.028269652,
-0.067572996,
-0.026824402,
-0.040737718,
-0.064395346,
-0.057299159,
-0.030788537,
-0.034912419,
-0.051649116,
-0.011792797,
0.005191725,
-0.011633905,
0.002870116,
-0.004541348,
-0.061132006,
-0.038720474,
-0.047709834,
-0.037283089,
-0.028868722,
-0.018648218,
-0.068801552,
-0.001267608,
-0.045924805,
-0.023172952,
-0.04801698,
-0.030836785,
-0.010380758,
0.042289067,
0.020351166,
0.015989959,
0.026974691,
0.015685916,
0.002275232,
0.029150022,
0.003005441,
0.032680329,
0.042574797,
-0.06955491,
-0.000349539,
-0.032824963,
-0.043323785,
-0.00940636,
-0.010224955,
-0.018591411,
-0.029101785,
0.032917224,
0.008869621,
-0.001746852,
0.008949936,
-0.012017907,
-0.081620269,
-0.063264102,
-0.072543927,
-0.053105623,
-0.055653471,
-0.028889183,
-0.085618399,
-0.012959476,
-0.069312125,
-0.035830885,
-0.07332807,
-0.050060835,
-0.014731344,
0.038475346,
0.004956802,
0.00237213,
0.006615221,
0.018251754,
-0.003419501,
0.013881293,
-0.003251935,
0.023289155,
0.033501372,
-0.093707077,
-0.033654001,
-0.049738828,
-0.059201334,
-0.048198067,
-0.034884728,
-0.049046755,
-0.044751178,
-0.008347629,
-0.020525534,
-0.016219048,
-0.017208502,
-0.025812896,
-0.094715148,
-0.08203242,
-0.095236711,
-0.058730882,
-0.063284613,
-0.018517854,
-0.086611122,
-0.023989465,
-0.080444388,
-0.031984478,
-0.098621748,
-0.070403628,
0.002132232,
0.018474529,
0.029714404,
0.020827293,
0.020487951,
0.032914527,
0.025931826,
0.018222423,
0.019937087,
0.034729149,
0.042485606,
-0.060215127,
-0.043818291,
-0.056188334,
-0.074228413,
-0.053873267,
-0.057472385,
-0.048298907,
-0.068809837,
-0.023631115,
-0.022263227,
-0.017910579,
-0.025322497,
-0.009561324,
-0.068246759,
-0.066831477,
-0.073560305,
-0.044994216,
-0.051364262,
-0.020884031,
-0.06883046,
-0.01135117,
-0.070839457,
-0.032236714,
-0.074713536,
-0.048797205,
0.018161161,
0.039829884,
0.022534609,
0.025916662,
0.015539208,
0.040175859,
0.032950304,
0.019017998,
0.01166451,
0.040490605,
0.050594378,
-0.054102737,
-0.026569616,
-0.04960449,
-0.075756505,
-0.050909992,
-0.0549291,
-0.024174696,
-0.049710207,
-0.01404892,
0.010118952,
0.007115023,
0.012882832,
-0.020747069,
-0.077328339,
-0.056954991,
-0.078222513,
-0.053511821,
-0.055514812,
-0.030126935,
-0.089866668,
-0.023843374,
-0.071711548,
-0.040185936,
-0.068711974,
-0.050559197,
-0.024087738,
0.010611528,
0.011145408,
0.002794706,
0.009705455,
0.006238137,
0.001018037,
0.010198556,
-0.013481732,
0.023504425,
0.02624804,
-0.072657421,
0.010059798,
-0.022001341,
-0.033253022,
-0.017814079,
0.001877449,
-0.02427694,
-0.02397462,
0.028550165,
0.019767798,
-0.005167836,
0.0166876,
0.014496691,
-0.09000434,
-0.082984835,
-0.084370375,
-0.069344305,
-0.079205923,
-0.048622407,
-0.08668296,
-0.032621637,
-0.093676679,
-0.049720071,
-0.083775163,
-0.067529194,
-0.01718715,
-0.002770474,
0.002999537,
-0.000366309,
-0.005149045,
0.01411605,
-0.004661441,
-0.024232754,
-0.016085818,
0.016642105,
0.014683294,
-0.071937464,
-0.006221305,
-0.021789519,
-0.055128116,
-0.033541225,
-0.010637559,
-0.018325163,
-0.021071183,
0.00328511,
0.047065131,
0.015909117,
0.039896686,
0.007774483,
-0.076198049,
-0.066324987,
-0.068786412,
-0.031282194,
-0.049701087,
-0.028690724,
-0.063670963,
-0.01278659,
-0.077171229,
-0.036496229,
-0.065961771,
-0.044443868,
-0.002145267,
0.010985753,
-0.000403177,
-0.0011575,
0.005866237,
0.000598925,
-0.011302475,
0.003947045,
0.002897435,
0.02282148,
-0.002633236,
-0.051599935,
-0.034791049,
-0.020301895,
-0.034065958,
-0.042852663,
-0.013906809,
-0.023963979,
-0.013841914,
-0.033027757,
0.034822494,
-0.007031831,
0.007033265,
0.03839615,
0.048149217,
0.082928024,
0.077061281,
0.072496057,
0.07427904,
0.046419848,
0.082261503,
0.078046456,
0.055099942,
0.080787748,
0.050592635,
0.058460157,
-0.054973979,
-0.001749452,
-0.046346199,
-0.030340379,
-0.04713222,
-0.008903221,
-0.060190056,
-0.059824072,
-0.061254449,
-0.057080742,
-0.011646953,
-0.088450871,
-0.005637532,
0.011934248,
0.024349861,
-0.009617341,
0.027380215,
-0.001721759,
-0.003951829,
0.0329771,
-0.00989062,
0.090655826,
-0.008102199,
-0.06446515,
-0.043598428,
-0.026226033,
-0.064406298,
-0.072734222,
-0.079387873,
-0.034532662,
-0.099233039,
-0.044296026,
-0.061024319,
-0.031564198,
-0.063125446,
-0.037901465,
0.024594693,
0.03741961,
0.031846408,
0.032656036,
0.023265669,
0.051631346,
0.010668277,
-0.002205829,
-0.041494779,
-0.005391306,
0.073825888,
-0.080173545,
-0.011609508,
-0.068054102,
-0.006894446,
-0.021266162,
-0.025771039,
-0.065732867,
-0.041006498,
-0.016509833,
-0.047979191,
-0.028818361,
-0.063558996,
0.001541671,
-0.02845059,
-0.009782269,
-0.016853794,
-0.064141877,
-0.062519893,
-0.006460276,
-0.067178749,
-0.012409776,
-0.018652264,
0.001591822,
-0.041092515,
0.008012948,
0.040224906,
0.042886816,
0.039687116,
0.071174875,
0.05026643,
0.051701635,
0.032666266,
-0.000575699,
-0.015401809,
0.003600095,
0.075011283,
-0.069634818,
-0.030619074,
-0.063298933,
-0.041314308,
-0.043076243,
-0.045991246,
-0.053542037,
-0.050559461,
-0.036896151,
-0.078555159,
-0.068876751,
-0.045014374,
0.023116309,
0.011703232,
0.021106182,
-0.009079072,
-0.013724533,
-0.017810538,
0.003769589,
-0.04444674,
0.005438452,
-0.002372256,
0.008246972,
-0.01721062,
0.018414566,
-0.0335625,
0.01198392,
-0.008746848,
-0.004434004,
-0.024454813,
-0.004524973,
-0.044084761,
-0.026794797,
-0.088254355,
-0.059278063,
0.0260104,
-0.121681772,
-0.013706724,
-0.072057948,
-0.026774997,
-0.045467064,
-0.04996229,
-0.084124826,
-0.064274311,
-0.042677879,
-0.063943908,
-0.056941066,
-0.047968253,
0.015213521,
-0.032508489,
-0.032456923,
-0.087657847,
-0.064999469,
-0.071235329,
-0.042429388,
-0.102507576,
-0.048700228,
-0.074702896,
-0.039930437,
-0.07918977,
-0.058345996,
0.023402344,
0.063582182,
0.047645256,
0.031513751,
0.01639813,
0.051786926,
0.023188677,
0.032027137,
-0.026933029,
0.010447907,
0.065741181,
-0.077058882,
-0.018808762,
-0.064239517,
-0.006586481,
-0.036157094,
-0.023336677,
-0.069222502,
-0.03476714,
-0.020811073,
-0.054198921,
-0.033499058,
-0.072513826,
-0.012907859,
-0.037693053,
0.000615025,
-0.021322172,
-0.052639458,
-0.051972426,
-0.00864923,
-0.06859798,
-0.010455801,
-0.025411645,
-0.000457986,
-0.035784464,
0.006973619,
0.016568655,
0.037271503,
0.009630854,
0.034866948,
0.016021328,
0.046326712,
0.003456904,
-0.002682716,
-0.045045491,
-0.015433222,
0.061112877,
-0.085456498,
-0.022976587,
-0.066810794,
-0.030286198,
-0.029291434,
-0.03526824,
-0.071378015,
-0.060320292,
-0.039593596,
-0.069621027,
-0.050937656,
-0.050225496,
0.019233171,
-0.035254162,
-0.016345475,
-0.050924338,
-0.055181585,
-0.062312707,
-0.014825517,
-0.076799698,
-0.02628243,
-0.035388939,
-0.021724293,
-0.069396459,
-0.008567055,
0.064456858,
0.050823532,
0.047910057,
0.061293632,
0.047625456,
0.051463932,
0.041564956,
0.011320727,
-0.013372558,
0.012586326,
0.071252845,
-0.031418543,
-0.051562313,
-0.074053258,
-0.04235227,
-0.054502744,
-0.075645924,
-0.08287859,
-0.052753687,
-0.041647922,
-0.098539591,
-0.079157487,
-0.067588516,
-0.023598228,
-0.010946051,
0.006782335,
-0.017667832,
-0.033606466,
-0.048600685,
-0.00294691,
-0.047769733,
0.00776504,
-0.015461373,
0.007703044,
-0.034851067,
0.017566236,
0.030515218,
0.043742236,
0.018565862,
0.047198296,
0.022745088,
0.050927676,
0.006775438,
-0.008278332,
-0.029186564,
-0.012124513,
0.058853123,
-0.083742984,
-0.03612886,
-0.109992839,
-0.066548362,
-0.069882162,
-0.089184381,
-0.08912655,
-0.07363376,
-0.055781644,
-0.120276988,
-0.088762,
-0.073301308,
-0.00096905,
-0.054874729,
-0.048584696,
-0.089177474,
-0.088251926,
-0.094329715,
-0.058931939,
-0.120979123,
-0.066950031,
-0.08394137,
-0.062306024,
-0.087182544,
-0.067368224,
0.001716443,
0.027833994,
0.02798317,
0.024717268,
0.010927011,
0.041324988,
0.011662049,
-0.009762466,
-0.047620215,
-0.00668965,
0.056532759,
-0.087930247,
0.019321295,
-0.061787922,
0.002572787,
-0.007677005,
-0.006534856,
-0.054478753,
-0.024264585,
-0.005438844,
-0.03679074,
-0.015671732,
-0.060448565,
0.017995078,
-0.016826825,
-0.034439191,
-0.055573985,
-0.057762418,
-0.068278372,
-0.029269477,
-0.075796477,
-0.046613738,
-0.066577815,
-0.034712605,
-0.07010638,
-0.02592691,
0.062738888,
0.062432226,
0.055105623,
0.045768145,
0.046311982,
0.063489027,
0.039148916,
0.015593893,
-0.012683214,
0.020071503,
0.084872253,
-0.056581866,
-0.037592951,
-0.104623161,
-0.010941017,
-0.057776336,
-0.075972371,
-0.091016948,
-0.068798952,
-0.027961962,
-0.094976433,
-0.049353372,
-0.062087789,
0.002599779,
-0.017565327,
-0.028137933,
-0.047049947,
-0.046909265,
-0.057598513,
-0.022591759,
-0.060612388,
-0.032842074,
-0.053816084,
-0.017352924,
-0.053487066,
-0.033476532,
0.018485034,
0.053141654,
0.013881145,
0.039632179,
-0.005545937,
0.038459782,
0.009657356,
-0.010689177,
-0.038260035,
-0.010724531,
0.054293253,
-0.07227844,
-0.005204729,
-0.117119253,
-0.015441848,
-0.045610629,
-0.067946695,
-0.0983347,
-0.08225055,
-0.047598865,
-0.096899301,
-0.039336454,
-0.051697258,
0.059365835,
-0.03328732,
-0.03038777,
-0.054651044,
-0.070638642,
-0.08822982,
-0.039934754,
-0.084086552,
-0.044114143,
-0.072799511,
-0.039717026,
-0.080142111,
-0.031893119,
0.078257889,
0.071986787,
0.045625709,
0.051145945,
0.039044429,
0.076312043,
0.045763053,
0.006774416,
-0.014247856,
0.035355918,
0.093460001,
-0.034884624,
-0.035401132,
-0.105210222,
-0.026382124,
-0.039924454,
-0.071324185,
-0.089749761,
-0.066819407,
-0.008403417,
-0.105853029,
-0.038605981,
-0.058059964,
0.001331944,
-0.025444979,
-0.001148246,
-0.036664709,
-0.023155805,
-0.04110118,
0.015208134,
-0.059758931,
-0.009166117,
-0.021258106,
0.017331326,
-0.050391011,
0.008940025,
0.02948375,
0.029590653,
0.017623486,
0.030596232,
0.010296389,
0.043411303,
0.013986842,
0.012516572,
-0.023307754,
-0.014172673,
0.030584833,
-0.068526246,
-0.04315732,
-0.04187341,
0.010110922,
-0.014172624,
-0.050750826,
-0.060194705,
-0.025409507,
-0.027115012,
-0.054233674,
-0.038496561,
-0.049317013,
-0.036157064,