null_values_mdd,actual_value_mdd,null_values_aud,actual_value_aud,null_values_hc01,actual_value_hc01,null_values_hc02,actual_value_hc02
0.04134129,0.02151715,0.102952235,0.025575032,0.064016146,0.009526965,0.11290695,0.000654774
0.069829042,,0.088380536,,0.115698933,,0.187049103,
0.101613252,,0.108547605,,0.210120349,,0.111733655,
0.037322572,,0.068830557,,0.095162428,,0.091689754,
0.048616474,,0.055219561,,0.056348385,,0.125428664,
0.076859426,,0.088660392,,0.073588211,,0.096371186,
0.083223305,,0.095971141,,0.101436187,,0.09137306,
0.082448411,,0.128590184,,0.086067384,,0.082439636,
0.078665428,,0.135190337,,0.037214127,,0.136393901,
0.040176833,,0.051202105,,0.116593253,,0.110145039,
0.067417268,,0.111252756,,0.071216381,,0.098031762,
0.123111309,,0.156972793,,0.187550233,,0.12809169,
0.094809261,,0.11609932,,0.067995399,,0.170130275,
0.097144227,,0.187325316,,0.073135481,,0.141971728,
0.096258064,,0.082808638,,0.111919992,,0.123186563,
0.073589387,,0.067677627,,0.127386586,,0.093993554,
0.057861245,,0.079183318,,0.133170071,,0.082928626,
0.065433746,,0.122515117,,0.07634125,,0.081808147,
0.058274143,,0.134717375,,0.08446096,,0.04382136,
0.084719044,,0.105878648,,0.055884257,,0.162070934,
0.049835549,,0.104769611,,0.015262033,,0.076858068,
0.059586831,,0.089567285,,0.052974038,,0.15090547,
0.049673254,,0.102130726,,0.08240579,,0.113099021,
0.066691459,,0.123893626,,0.087278406,,0.08225679,
0.04483562,,0.076112786,,0.087717937,,0.084289735,
0.083621658,,0.119596432,,0.108666221,,0.173277226,
0.075546297,,0.10173344,,0.087807891,,0.09667438,
0.038887354,,0.092318745,,0.014911834,,0.059792231,
0.051465331,,0.109555158,,0.115135604,,0.082658552,
0.056408081,,0.097491631,,0.108706237,,0.15783239,
0.077881468,,0.134424674,,0.019922435,,0.072068484,
0.059600331,,0.078131184,,0.047988378,,0.120316144,
0.125811431,,0.192471959,,0.103753612,,0.159346112,
0.102741613,,0.183397021,,0.05594654,,0.071708848,
0.05534964,,0.102718598,,0.053183863,,0.088859038,
0.081846217,,0.088482442,,0.049511167,,0.130730798,
0.120670899,,0.157749454,,0.130694,,0.118933881,
0.040841847,,0.086492172,,0.046972601,,0.061755397,
0.060606897,,0.092895914,,0.022041143,,0.114216135,
0.144239144,,0.142222365,,0.113910922,,0.119819195,
0.041933769,,0.036494581,,0.071075216,,0.090560924,
0.065626337,,0.074299514,,0.073814889,,0.079276382,
0.108333765,,0.182917725,,0.067417902,,0.112822076,
0.082197101,,0.0838216,,0.031823546,,0.125942542,
0.046089765,,0.033518073,,0.091202694,,0.117629917,
0.081583353,,0.146274398,,0.074510105,,0.138109367,
0.04095101,,0.074221843,,0.058630085,,0.049844895,
0.07189598,,0.101834895,,0.070870355,,0.114738966,
0.054743812,,0.105609153,,0.018123005,,0.097291148,
0.13494742,,0.202642283,,0.064505445,,0.183080837,
0.092568907,,0.068622199,,0.14991799,,0.152275842,
0.097502269,,0.148366239,,0.066833072,,0.127720133,
0.094785328,,0.102970633,,0.075020409,,0.127278235,
0.113379596,,0.12823561,,0.055702083,,0.120532163,
0.098951027,,0.120905418,,0.077676855,,0.125262793,
0.081792252,,0.083418058,,0.10134984,,0.086393753,
0.092243614,,0.113241276,,0.097749395,,0.102061159,
0.033126401,,0.063392704,,0.041181007,,0.04710649,
0.10138173,,0.159520891,,0.058104929,,0.120617038,
0.050717649,,0.044305583,,0.091576204,,0.113801873,
0.057652747,,0.077871831,,0.081739328,,0.098324891,
0.02649134,,0.053423625,,0.027337668,,0.057703202,
0.060194914,,0.07501154,,0.05287999,,0.127839911,
0.073117771,,0.142975169,,0.081101058,,0.092749088,
0.096085501,,0.147000253,,0.055435657,,0.169484148,
0.263788233,,0.310451138,,0.209657388,,0.191515996,
0.044996708,,0.110373948,,0.041871005,,0.052180953,
0.067820436,,0.100312084,,0.082612296,,0.077645617,
0.076982113,,0.101961859,,0.077046063,,0.177107686,
0.058258137,,0.079764858,,0.132701895,,0.095422304,
0.093059194,,0.171742126,,0.168088478,,0.141098524,
0.086134039,,0.107802331,,0.096271622,,0.080295821,
0.173214495,,0.183157886,,0.116968677,,0.288965784,
0.067676563,,0.10381067,,0.062472654,,0.062128105,
0.15707934,,0.17444555,,0.163188072,,0.138161356,
0.142555108,,0.131255202,,0.164106604,,0.138285737,
0.092316546,,0.15236846,,0.071657257,,0.075757828,
0.086003241,,0.165319693,,0.051399804,,0.085299706,
0.023657176,,0.07420745,,0.063326067,,0.059104891,
0.077779431,,0.122786356,,0.058105565,,0.083447566,
0.055593378,,0.081253386,,0.056701886,,0.102763303,
0.06990807,,0.141923948,,0.094659854,,0.139677364,
0.158565022,,0.129923502,,0.150132525,,0.223281538,
0.092315619,,0.08972667,,0.107408833,,0.142193196,
0.039942497,,0.085523266,,0.041999015,,0.08073556,
0.063122007,,0.162672402,,0.064713679,,0.087764343,
0.131559147,,0.198338237,,0.090714346,,0.178144221,
0.07660117,,0.197099319,,0.095184668,,0.122436996,
0.063104097,,0.087345072,,0.074429878,,0.125291748,
0.124327458,,0.162764283,,0.115892934,,0.057512651,
0.061344517,,0.098337988,,0.074878519,,0.106375057,
0.065520925,,0.13667063,,0.103841911,,0.053626866,
0.063639295,,0.100574922,,0.054388734,,0.068203493,
0.053600151,,0.092634533,,0.070262343,,0.117149642,
0.034851248,,0.070607751,,0.082053824,,0.028510758,
0.066108146,,0.088980008,,0.107017801,,0.051931763,
0.033088061,,0.083614645,,0.0670167,,0.040800893,
0.048619187,,0.111889139,,0.026750884,,0.063196201,
0.077060763,,0.135764037,,0.055250719,,0.060964236,
0.063580552,,0.120074785,,0.127400142,,0.084200279,
0.064334612,,0.074238645,,0.034639509,,0.107823413,
0.096065695,,0.111566137,,0.166521681,,0.162035694,
0.097679673,,0.124601882,,0.060190702,,0.107441706,
0.052960354,,0.123763451,,0.057346991,,0.113815068,
0.058121547,,0.070957752,,0.074674463,,0.107032222,
0.068688876,,0.095769828,,0.109127611,,0.153784478,
0.106555406,,0.154926165,,0.053705712,,0.10244998,
0.045073232,,0.147270315,,0.062361149,,0.032900824,
0.077756529,,0.140539153,,0.071072944,,0.133039934,
0.111346563,,0.18020596,,0.113579283,,0.110235625,
0.083705055,,0.117927582,,0.092387704,,0.131197414,
0.098835621,,0.069801506,,0.174009866,,0.180052251,
0.030331566,,0.086835668,,0.024278399,,0.076138048,
0.033284847,,0.034895179,,0.085957267,,0.080204955,
0.102760942,,0.050540108,,0.186120682,,0.136414678,
0.045214574,,0.109103872,,0.135881621,,0.13238203,
0.077506251,,0.097017134,,0.115567149,,0.127629525,
0.087640821,,0.147423231,,0.074081458,,0.097143197,
0.141698104,,0.193156069,,0.089348631,,0.145391166,
0.07203556,,0.124087223,,0.080965562,,0.128830205,
0.12231583,,0.155420023,,0.108154554,,0.145557329,
0.04182027,,0.093160205,,0.046008826,,0.055373373,
0.059857602,,0.071250644,,0.076429452,,0.082361247,
0.072701517,,0.108149155,,0.114349684,,0.088991435,
0.102071365,,0.147633587,,0.098020747,,0.059028515,
0.041063893,,0.075987048,,0.056327154,,0.100156775,
0.049064195,,0.069811841,,0.092728218,,0.059507061,
0.121861071,,0.201728817,,0.132623353,,0.087731883,
0.070163468,,0.088751546,,0.045047776,,0.105220057,
0.058514023,,0.09802887,,0.117482018,,0.135606346,
0.088865942,,0.117156598,,0.060736951,,0.128140983,
0.142316967,,0.179256565,,0.137240562,,0.118285622,
0.119735891,,0.162786134,,0.099202146,,0.093572574,
0.054135337,,0.102464862,,0.112996044,,0.062599942,
0.223215207,,0.318818418,,0.13980646,,0.241522394,
0.053452358,,0.086924793,,0.0640994,,0.105742675,
0.012124999,,0.05784477,,0.04481727,,0.057675558,
0.078792584,,0.109299453,,0.043827299,,0.072462857,
0.031553297,,0.044917308,,0.071681055,,0.090786304,
0.059142428,,0.101905029,,0.06360032,,0.071976688,
0.099335561,,0.124207293,,0.138547814,,0.087016587,
0.093464882,,0.181267197,,0.123574824,,0.212771134,
0.100957101,,0.077659737,,0.133841566,,0.153492187,
0.108372436,,0.163329369,,0.105935513,,0.108952975,
0.100844363,,0.205814768,,0.095249449,,0.0856763,
0.032042665,,0.067289807,,0.074315289,,0.055787675,
0.115836741,,0.130166509,,0.097546776,,0.127690886,
0.039210812,,0.043167414,,0.053297815,,0.078408041,
0.099976403,,0.122374294,,0.093572415,,0.199625904,
0.064095742,,0.137591341,,0.070920962,,0.109262749,
0.046506341,,0.119718444,,0.096151988,,0.113688015,
0.054092859,,0.088257278,,0.100996209,,0.107964274,
0.059449411,,0.073792412,,0.057250357,,0.063944999,
0.038632719,,0.093031607,,0.080651184,,0.095629357,
0.046142208,,0.100781099,,0.07449439,,0.123042672,
0.082406434,,0.122178086,,0.071901538,,0.101219622,
0.082193158,,0.183373971,,0.057609757,,0.088208958,
0.103211769,,0.117855801,,0.18023315,,0.134397436,
0.016175814,,0.072621437,,0.068370667,,0.111854101,
0.064240298,,0.097151708,,0.084369877,,0.110521239,
0.038565227,,0.083847362,,0.060427279,,0.058619298,
0.069270089,,0.083053467,,0.06623442,,0.066494736,
0.075331369,,0.095589441,,0.116262947,,0.093832215,
0.116887446,,0.121928567,,0.229159912,,0.147059516,
0.039557613,,0.077386031,,0.036416293,,0.073493024,
0.055686593,,0.063580713,,0.094316034,,0.082782469,
0.051757643,,0.082365216,,0.046509925,,0.057822775,
0.053123319,,0.092241176,,0.066741219,,0.086829269,
0.081132073,,0.141712878,,0.048434659,,0.101318458,
0.02923965,,0.091591862,,0.080680381,,0.069620489,
0.061039123,,0.120476065,,0.04805323,,0.125501703,
0.029994081,,0.072364889,,0.029186396,,0.080133552,
0.080907795,,0.111252873,,0.081924537,,0.123474598,
0.118597506,,0.210076892,,0.072620088,,0.090637686,
0.122204987,,0.122160483,,0.143587837,,0.209206849,
0.036383421,,0.095328534,,0.047252336,,0.063695695,
0.049568436,,0.106574687,,0.082153246,,0.150197507,
0.071861825,,0.103804992,,0.117962459,,0.140831641,
0.061208785,,0.112903939,,0.05999119,,0.122411211,
0.051148956,,0.08209992,,0.094251292,,0.10826234,
0.107769446,,0.201894221,,0.066805255,,0.04333799,
0.108983814,,0.107677166,,0.080046766,,0.129273675,
0.086025801,,0.190147662,,0.105085805,,0.123388157,
0.034309957,,0.068300925,,0.074152886,,0.087887489,
0.103048536,,0.122273725,,0.160857543,,0.147531174,
0.114545121,,0.197096187,,0.076001817,,0.092549762,
0.083627781,,0.152538365,,0.072741552,,0.050056245,
0.05952656,,0.100618541,,0.073726071,,0.047878505,
0.068008263,,0.098187076,,0.060024175,,0.039639783,
0.151472909,,0.153644235,,0.208075103,,0.144072897,
0.045430252,,0.099353659,,0.096094708,,0.050992092,
0.049589226,,0.108421477,,0.059841858,,0.077137034,
0.167406429,,0.138597967,,0.13371997,,0.187451932,
0.094714077,,0.111401085,,0.125559532,,0.098847503,
0.040485284,,0.091649958,,0.078830444,,0.097193252,
0.220022166,,0.242739781,,0.227729724,,0.175833154,
0.055595662,,0.060424353,,0.132971161,,0.079203998,
0.037483829,,0.084379473,,0.060465752,,0.084883383,
0.037075949,,0.069013246,,0.083942706,,0.041789256,
0.035518263,,0.056031678,,0.065603611,,0.03410801,
0.047721663,,0.102586444,,0.074423862,,0.042398374,
0.064728208,,0.12668587,,0.082077301,,0.088954781,
0.064375424,,0.11667898,,0.041855235,,0.056590971,
0.047753191,,0.12229864,,0.045897126,,0.059211771,
0.061753067,,0.102240541,,0.069510925,,0.102772509,
0.099431962,,0.152116735,,0.134847859,,0.20795358,
0.075562715,,0.086358464,,0.105763175,,0.066188063,
0.111190731,,0.122378291,,0.113183145,,0.076263609,
0.132023637,,0.254168729,,0.22042756,,0.204004256,
0.119519639,,0.096962154,,0.247232633,,0.18376828,
0.177192489,,0.237556518,,0.365722031,,0.243368769,
0.050959093,,0.069595359,,0.065459333,,0.080843383,
0.060972115,,0.108455597,,0.081768321,,0.078567492,
0.060330393,,0.054865415,,0.094837731,,0.120605483,
0.018212917,,0.061263435,,0.019436054,,0.053417528,
0.113134345,,0.137012984,,0.074528466,,0.101220426,
0.097364243,,0.134954028,,0.093808108,,0.088857981,
0.08993307,,0.124145691,,0.058850732,,0.104350113,
0.07511487,,0.149518094,,0.054551674,,0.089417054,
0.086338726,,0.218273777,,0.102333908,,0.078938136,
0.095470645,,0.060925426,,0.100938383,,0.172279121,
0.074413306,,0.066421902,,0.092667262,,0.137329361,
0.047748311,,0.08375644,,0.126874107,,0.063187977,
0.073291612,,0.095813261,,0.052538041,,0.073901048,
0.034607415,,0.082519815,,0.053480371,,0.067756519,
0.063132019,,0.106871833,,0.066862611,,0.085837302,
0.06900071,,0.138204946,,0.04848968,,0.075330302,
0.016077575,,0.082642884,,0.052649006,,0.080016186,
0.086487741,,0.089745868,,0.107646505,,0.099124033,
0.095053306,,0.110674083,,0.120596805,,0.092457801,
0.059552115,,0.106375566,,0.101802131,,0.088726629,
0.021693181,,0.085183589,,0.045831108,,0.070098529,
0.073695038,,0.147791458,,0.078505404,,0.124784571,
0.102816038,,0.096466598,,0.095250968,,0.116345654,
0.075556541,,0.16765272,,0.125616304,,0.090037208,
0.051005898,,0.101444881,,0.086511671,,0.113207763,
0.0469344,,0.078517207,,0.072188851,,0.080093101,
0.066967406,,0.045848959,,0.062296598,,0.124823665,
0.061360802,,0.103205124,,0.053169731,,0.040507944,
0.049600746,,0.090959636,,0.077221963,,0.102130888,
0.149051161,,0.156359836,,0.26217273,,0.257331665,
0.065264475,,0.157512285,,0.066845563,,0.072417982,
0.092647428,,0.171171494,,0.04913546,,0.110393855,
0.091403502,,0.182203703,,0.055270329,,0.123243637,
0.036481434,,0.120955772,,0.05386481,,0.044312718,
0.120380448,,0.200167387,,0.089717648,,0.108641142,
0.086727618,,0.083914069,,0.140646301,,0.180872074,
0.061351078,,0.082779811,,0.045932127,,0.075459195,
0.023614342,,0.07503907,,0.058547068,,0.034945016,
0.082502267,,0.115509407,,0.05969699,,0.119412999,
0.04093852,,0.047772841,,0.068898702,,0.137294604,
0.024425042,,0.050310422,,0.040641775,,0.0777132,
0.064095817,,0.118717172,,0.092166575,,0.070015423,
0.064813875,,0.127703497,,0.055215489,,0.147665445,
0.043018939,,0.087137104,,0.055710136,,0.03925666,
0.046751149,,0.080341879,,0.064887946,,0.075175035,
0.080024538,,0.127252404,,0.071614841,,0.028558887,
0.097487045,,0.16905269,,0.101446285,,0.111417887,
0.091616797,,0.141410754,,0.076589522,,0.056229399,
0.04953889,,0.086694141,,0.060541352,,0.059315884,
0.065528284,,0.170132345,,0.094479191,,0.064042026,
0.06084428,,0.118837943,,0.059164609,,0.157137661,
0.078274575,,0.07630359,,0.076776246,,0.10873962,
0.066841433,,0.111250444,,0.060949533,,0.070371527,
0.071220626,,0.08862006,,0.074622829,,0.067589769,
0.165489188,,0.263562753,,0.072131682,,0.116751095,
0.029103983,,0.045808438,,0.047683028,,0.072016084,
0.029478403,,0.055646199,,0.045882016,,0.062270005,
0.122469286,,0.08157312,,0.2207883,,0.207843992,
0.053245968,,0.104255684,,0.077965875,,0.072091791,
0.086442752,,0.1695696,,0.049407994,,0.082144582,
0.075648144,,0.155235921,,0.155083074,,0.070710809,
0.041447222,,0.050881935,,0.040683394,,0.046685394,
0.059660861,,0.091925746,,0.051448408,,0.069465446,
0.076857051,,0.084148149,,0.056429118,,0.108893346,
0.109490681,,0.244788207,,0.085990152,,0.124410986,
0.0246734,,0.06391966,,0.092812777,,0.064215593,
0.061245421,,0.08079292,,0.032709556,,0.080023095,
0.04232313,,0.060776784,,0.043072492,,0.09706367,
0.083233856,,0.108942919,,0.077698132,,0.089500375,
0.076581103,,0.166729304,,0.072323273,,0.137434066,
0.202118445,,0.122451955,,0.20853649,,0.207125024,
0.077456462,,0.187473594,,0.085125373,,0.096094754,
0.076068586,,0.118482143,,0.10941806,,0.196533098,
0.043714063,,0.102561365,,0.071486173,,0.041201915,
0.037898771,,0.085610691,,0.077383524,,0.075208213,
0.069914546,,0.104931324,,0.092775461,,0.07314088,
0.085060806,,0.123588621,,0.09373331,,0.071836202,
0.037619104,,0.088600592,,0.066192543,,0.043556021,
0.177859297,,0.1737915,,0.157617453,,0.141565301,
0.139447614,,0.248869586,,0.185329191,,0.099613437,
0.12141111,,0.149596511,,0.103294637,,0.194481649,
0.037745672,,0.050671383,,0.045763709,,0.059340045,
0.110472321,,0.129198611,,0.102141515,,0.09336754,
0.09156107,,0.121132579,,0.132960076,,0.086991323,
0.070513563,,0.083807836,,0.163286684,,0.108119912,
0.075740414,,0.106370793,,0.078865916,,0.123907467,
0.068684756,,0.095554061,,0.052964654,,0.090263374,
0.048579877,,0.108448537,,0.048329208,,0.108742668,
0.059155455,,0.077188032,,0.092666677,,0.049404772,
0.040637494,,0.067146894,,0.019452299,,0.073109003,
0.077740651,,0.164367181,,0.086242687,,0.067366394,
0.131814682,,0.21170071,,0.136347125,,0.169424649,
0.041412582,,0.087542133,,0.055993855,,0.038665635,
0.088023045,,0.049828917,,0.158545634,,0.156168601,
0.073149987,,0.114134839,,0.058357308,,0.137742179,
0.070599237,,0.105828575,,0.080988468,,0.17735056,
0.059623152,,0.082077134,,0.070398041,,0.043702574,
0.109195097,,0.136558014,,0.082271185,,0.087371184,
0.030741817,,0.080871407,,0.068363388,,0.067483075,
0.051004659,,0.067295618,,0.046178708,,0.059623954,
0.099031389,,0.100707295,,0.133284162,,0.170940738,
0.09123987,,0.103406851,,0.129224526,,0.182562053,
0.041076525,,0.041518821,,0.087428955,,0.102944027,
0.076637482,,0.114491898,,0.086494655,,0.054376372,
0.082112279,,0.134995993,,0.054822781,,0.073266635,
0.101620467,,0.098128637,,0.127581226,,0.075066416,
0.040854963,,0.079823582,,0.033078861,,0.068140636,
0.051627663,,0.075961105,,0.07612201,,0.132936005,
0.046163901,,0.095996041,,0.064912731,,0.054743732,
0.115706491,,0.095749462,,0.134882047,,0.197701067,
0.039658013,,0.075994461,,0.056771576,,0.042559912,
0.031053884,,0.098329962,,0.057071986,,0.063394459,
0.085351654,,0.12843223,,0.114451081,,0.074380289,
0.019299954,,0.078947855,,0.058678087,,0.03942649,
0.056711705,,0.148021598,,0.049294654,,0.080481346,
0.07104614,,0.091928852,,0.047279005,,0.040634088,
0.028321784,,0.04789551,,0.028727326,,0.047847758,
0.093303178,,0.139388968,,0.029312582,,0.094263244,
0.059380187,,0.114159302,,0.013306821,,0.074346519,
0.064314967,,0.117382251,,0.058350169,,0.109728242,
0.0600127,,0.126317008,,0.04266584,,0.067177417,
0.059918388,,0.153436901,,0.044890267,,0.05766341,
0.08364607,,0.161213169,,0.112317072,,0.073888722,
0.068466111,,0.062911767,,0.088092727,,0.135556054,
0.241862214,,0.407173959,,0.270196763,,0.306269591,
0.028612137,,0.052795779,,0.058492544,,0.070464933,
0.068527052,,0.151917335,,0.085869431,,0.068001809,
0.045171564,,0.115708326,,0.016485821,,0.076091589,
0.053344216,,0.076715261,,0.042568876,,0.083005819,
0.088485909,,0.149998971,,0.102775977,,0.072084381,
0.111505936,,0.164551737,,0.13267251,,0.034995173,
0.03267654,,0.065536577,,0.072291147,,0.053589939,
0.041899104,,0.069134969,,0.056971593,,0.06709079,
0.034366852,,0.087282928,,0.079112898,,0.054321298,
0.046395,,0.123492275,,0.033298227,,0.08774899,
0.040807017,,0.096527128,,0.040355418,,0.082811677,
0.032507267,,0.085706828,,0.060012666,,0.067440658,
0.06097849,,0.069833111,,0.076918178,,0.091842219,
0.047541907,,0.125083983,,0.058665542,,0.055177281,
0.094652322,,0.149644824,,0.063153195,,0.116919236,
0.094449481,,0.10347325,,0.08560218,,0.104306452,
0.090865214,,0.131034365,,0.031394699,,0.13484417,
0.072750933,,0.114046383,,0.032714296,,0.094731733,
0.02822522,,0.050545351,,0.102173966,,0.0756537,
0.062586152,,0.097953014,,0.086631656,,0.07929846,
0.14118254,,0.134405507,,0.160435839,,0.191807061,
0.040243421,,0.066554162,,0.097231922,,0.104719017,
0.098006481,,0.131883283,,0.136967604,,0.098531976,
0.07558237,,0.174106941,,0.063621163,,0.095815646,
0.136744307,,0.135043677,,0.23870994,,0.217863836,
0.038405935,,0.148843163,,0.096075681,,0.088370032,
0.113856536,,0.119571705,,0.126879609,,0.072231763,
0.071100253,,0.153122951,,0.049002725,,0.091131399,
0.173157868,,0.223248481,,0.095691057,,0.109385639,
0.046979207,,0.110436863,,0.058557637,,0.016155024,
0.011833429,,0.05072304,,0.055267676,,0.05964094,
0.078460539,,0.095856618,,0.110921759,,0.136451136,
0.044534857,,0.093273115,,0.106404662,,0.060975301,
0.044066984,,0.065261461,,0.032800362,,0.037525185,
0.063257997,,0.092160387,,0.049439054,,0.070041382,
0.074711337,,0.077616729,,0.105692655,,0.141989346,
0.05329589,,0.117667097,,0.060258152,,0.112287183,
0.049534675,,0.124735168,,0.071752281,,0.106686534,
0.085949067,,0.098224095,,0.067607745,,0.113288847,
0.122442083,,0.091787543,,0.078292644,,0.138369558,
0.03021046,,0.07242243,,0.080818899,,0.030258865,
0.052092097,,0.073511662,,0.071795466,,0.073856607,
0.042332691,,0.122003016,,0.090707014,,0.100083709,
0.087840594,,0.112862237,,0.031278399,,0.116877706,
0.095210468,,0.120697994,,0.071718181,,0.085984658,
0.02794159,,0.051918501,,0.077982054,,0.064576341,
0.032688216,,0.09770881,,0.081712331,,0.097508412,
0.046772894,,0.101145835,,0.080129252,,0.081377494,
0.040232785,,0.059009479,,0.096159574,,0.073691068,
0.033415577,,0.095439129,,0.081911251,,0.104183659,
0.100286665,,0.076911474,,0.158191906,,0.127811246,
0.141640405,,0.150393356,,0.18247703,,0.182531969,
0.053515326,,0.094384663,,0.078014483,,0.082460699,
0.073291667,,0.125101535,,0.100736551,,0.067024532,
0.115450139,,0.124543279,,0.125825153,,0.145521289,
0.207865553,,0.206324511,,0.172485407,,0.184739979,
0.076943332,,0.094282519,,0.085062861,,0.170732089,
0.054181392,,0.046179297,,0.059383732,,0.076118527,
0.04501333,,0.127615203,,0.103662631,,0.099965893,
0.109099285,,0.119327349,,0.137548071,,0.109414824,
0.04941672,,0.097361991,,0.040172782,,0.103535405,
0.036488231,,0.065958018,,0.01105235,,0.085812469,
0.048096071,,0.096443475,,0.084843277,,0.039929824,
0.021868195,,0.078148794,,0.038702342,,0.046468814,
0.090648822,,0.149162173,,0.028343885,,0.066785645,
0.076318651,,0.171763278,,0.055661672,,0.067654481,
0.052320368,,0.085953089,,0.067498358,,0.064047652,
0.060443564,,0.070800454,,0.118191546,,0.130966799,
0.055113902,,0.058745816,,0.05162938,,0.069318948,
0.056159536,,0.092578769,,0.10201634,,0.09377512,
0.066579632,,0.121974244,,0.059883238,,0.044521856,
0.043254203,,0.080114283,,0.065238293,,0.051025874,
0.0606707,,0.090669747,,0.085089807,,0.086651708,
0.073837281,,0.157703984,,0.099778395,,0.151418543,
0.047252075,,0.107961156,,0.028556046,,0.108690534,
0.043213127,,0.088801418,,0.082793994,,0.018133744,
0.107899571,,0.202063236,,0.077258058,,0.110825706,
0.045162325,,0.086465687,,0.091079096,,0.107142847,
0.042748557,,0.07287194,,0.053740089,,0.091619362,
0.070240564,,0.08951504,,0.11101309,,0.041665258,
0.068414068,,0.126719116,,0.06666648,,0.115500176,
0.091872929,,0.087415991,,0.083324162,,0.156684149,
0.080793576,,0.204271895,,0.096182644,,0.115914862,
0.11490627,,0.161804302,,0.063280721,,0.104254158,
0.0536864,,0.042396253,,0.119566596,,0.123036389,
0.129911924,,0.12844037,,0.187150051,,0.166306887,
0.057419466,,0.092929531,,0.087854824,,0.081248298,
0.103601866,,0.152175115,,0.106445705,,0.091798309,
0.061668489,,0.119292843,,0.118579643,,0.146644663,
0.028816317,,0.051981198,,0.078991835,,0.07685145,
0.054339005,,0.066574305,,0.041136794,,0.113542667,
0.080657363,,0.082456838,,0.131272671,,0.083293324,
0.052294639,,0.077131552,,0.098837561,,0.129656699,
0.053510531,,0.077568113,,0.086053284,,0.071562556,
0.087586099,,0.121180661,,0.068057169,,0.159838829,
0.10492876,,0.221962143,,0.084542007,,0.074842884,
0.038109689,,0.096147174,,0.043951834,,0.04701476,
0.052861414,,0.100012849,,0.080177552,,0.10013985,
0.086448019,,0.196858452,,0.090235307,,0.05240057,
0.104428583,,0.109345411,,0.118872587,,0.136675615,
0.051289303,,0.062384477,,0.086603029,,0.035264409,
0.096093236,,0.086081164,,0.150341135,,0.117735695,
0.100533087,,0.189425837,,0.110220445,,0.098295217,
0.075398584,,0.156825413,,0.047033445,,0.110659317,
0.110078402,,0.125779225,,0.103530966,,0.076617262,
0.016488939,,0.057305117,,0.061040872,,0.051060895,
0.076418011,,0.089867277,,0.07128043,,0.155925872,
0.049085268,,0.101805305,,0.049657278,,0.094424067,
0.03384449,,0.102408574,,0.043117672,,0.012787309,
0.059900685,,0.129576044,,0.041214139,,0.047648717,
0.043297388,,0.15028437,,0.051243907,,0.073222071,
0.071698657,,0.130432344,,0.076350446,,0.045166035,
0.04748064,,0.125920761,,0.071893576,,0.022887178,
0.073356733,,0.115742323,,0.109937007,,0.111745594,
0.049343106,,0.080965023,,0.062959823,,0.06432985,
0.095245796,,0.15088619,,0.165038902,,0.113792604,
0.091362561,,0.15265561,,0.066637908,,0.064418928,
0.099503379,,0.1080785,,0.103473181,,0.121291412,
0.042986718,,0.075089997,,0.111092794,,0.084129828,
0.11223833,,0.188652193,,0.06518931,,0.068191788,
0.046918092,,0.135528746,,0.063121274,,0.094129849,
0.124929749,,0.209428547,,0.072674553,,0.113395741,
0.028793797,,0.065805755,,0.077819138,,0.054453775,
0.045250773,,0.111549517,,0.08782567,,0.086823374,
0.090443439,,0.065458555,,0.143863322,,0.115892835,
0.046128276,,0.071790548,,0.061405422,,0.089743917,
0.100318485,,0.083229927,,0.133743773,,0.135310592,
0.027105895,,0.077144214,,0.062557449,,0.041002251,
0.146244914,,0.180448862,,0.139600732,,0.116946339,
0.082735296,,0.05827953,,0.105215133,,0.107912034,
0.109466041,,0.074631064,,0.129164229,,0.136803766,
0.071824026,,0.061722626,,0.094679184,,0.186546834,
0.076949409,,0.108241041,,0.061917303,,0.081410541,
0.045769669,,0.108715061,,0.074590461,,0.054230389,
0.047485466,,0.066507188,,0.09237909,,0.100389876,
0.053996466,,0.05750293,,0.104040426,,0.106084433,
0.065258032,,0.133527583,,0.07008142,,0.085535433,
0.024852735,,0.077850751,,0.08580381,,0.076401417,
0.048070941,,0.05215484,,0.083365798,,0.048912379,
0.109456299,,0.119509491,,0.185979373,,0.114364207,
0.076561205,,0.128532888,,0.093866065,,0.118484589,
0.076129944,,0.12223126,,0.101144299,,0.123632601,
0.243377998,,0.351295299,,0.135063351,,0.229984511,
0.063508568,,0.069198688,,0.092145842,,0.090966118,
0.060119969,,0.118380777,,0.071839302,,0.041861471,
0.048435343,,0.123073385,,0.096584215,,0.063755129,
0.037243458,,0.14413824,,0.089926462,,0.067865574,
0.049679527,,0.068782988,,0.050712873,,0.120884348,
0.038997414,,0.12713205,,0.058797569,,0.067912298,
0.043355232,,0.124904005,,0.032293613,,0.022852329,
0.035071329,,0.11221507,,0.065971768,,0.076870704,
0.024488829,,0.075255024,,0.065042799,,0.106595875,
0.039696313,,0.054070376,,0.070024094,,0.065556179,
0.06517752,,0.087820924,,0.042199562,,0.111310316,
0.199884145,,0.322836404,,0.149838868,,0.179183999,
0.051632852,,0.044000822,,0.078878852,,0.119751205,
0.062128275,,0.114732433,,0.097871425,,0.069726112,
0.061515856,,0.123734294,,0.034910868,,0.071597037,
0.2733761,,0.465243579,,0.259939219,,0.237613578,
0.0380653,,0.062029154,,0.040169224,,0.085078492,
0.057139199,,0.081064747,,0.064597913,,0.079305016,
0.066104394,,0.071883659,,0.154238432,,0.1386583,
0.032636862,,0.065273549,,0.068453758,,0.066955052,
0.158582881,,0.102139692,,0.192608508,,0.152146788,
0.075375367,,0.156310069,,0.097851837,,0.123718668,
0.092599652,,0.122035164,,0.07260047,,0.127963739,
0.05730571,,0.099867837,,0.084492377,,0.090052509,
0.09705297,,0.164803019,,0.047081702,,0.121648018,
0.128430063,,0.13132608,,0.100729479,,0.11928326,
0.068919748,,0.041487716,,0.079321144,,0.095683777,
0.053071625,,0.070275466,,0.071914232,,0.075658638,
0.032066659,,0.074568684,,0.048183092,,0.036173057,
0.065250662,,0.078678749,,0.080872465,,0.082726292,
0.035205297,,0.092245492,,0.065301425,,0.082170449,
0.030887418,,0.07494598,,0.093569301,,0.127319307,
0.042644451,,0.077494025,,0.020009695,,0.055673937,
0.058754322,,0.139606376,,0.049444441,,0.118425623,
0.040623797,,0.062288716,,0.083550628,,0.051307506,
0.017625077,,0.082940632,,0.064024459,,0.065243807,
0.094440446,,0.12007328,,0.171198936,,0.111054335,
0.067663899,,0.10294589,,0.11034464,,0.057798951,
0.083098594,,0.141257646,,0.072275489,,0.122073253,
0.136743559,,0.132849783,,0.155091555,,0.218616911,
0.028181753,,0.069898759,,0.073555578,,0.070308725,
0.028567479,,0.04913208,,0.051960579,,0.072055608,
0.103808025,,0.124188851,,0.134268289,,0.193092502,
0.098969902,,0.121562168,,0.043612381,,0.15943874,
0.08967233,,0.175356813,,0.065198612,,0.050335231,
0.051285816,,0.124234697,,0.04748388,,0.051124309,
0.058635574,,0.139192462,,0.022116621,,0.073466945,
0.018938194,,0.065103824,,0.036046115,,0.074051042,
0.119381106,,0.143733668,,0.066160313,,0.17226769,
0.058005177,,0.083460289,,0.082160713,,0.060902129,
0.07125673,,0.124303345,,0.053845091,,0.135336392,
0.055525007,,0.069359053,,0.120605041,,0.087199537,
0.067808367,,0.061460341,,0.087955033,,0.156391503,
0.044421018,,0.063537016,,0.074158739,,0.109740288,
0.067990192,,0.186161088,,0.091137684,,0.106403437,
0.076408557,,0.172350899,,0.048437808,,0.15016829,
0.073080809,,0.050199315,,0.103095838,,0.080706601,
0.080384747,,0.114473566,,0.091775553,,0.07710498,
0.033313261,,0.108350209,,0.046706329,,0.053541067,
0.031292617,,0.109292246,,0.04785761,,0.083654825,
0.126842639,,0.226282479,,0.043524373,,0.162849074,
0.102708284,,0.139312344,,0.095562754,,0.126718354,
0.135247977,,0.197030964,,0.128942933,,0.228264704,
0.032241119,,0.095167812,,0.074764973,,0.098186036,
0.027885158,,0.057518313,,0.067200001,,0.094377093,
0.108599909,,0.19465913,,0.101776353,,0.104018991,
0.058015734,,0.091851428,,0.049185774,,0.089700943,
0.096226788,,0.113668556,,0.094657584,,0.14270752,
0.045945935,,0.099904192,,0.061154086,,0.081874763,
0.158993716,,0.224013434,,0.198515869,,0.179327978,
0.100377518,,0.181081735,,0.06578704,,0.160403326,
0.100122802,,0.126123538,,0.070327296,,0.139548866,
0.037161168,,0.046809709,,0.071878528,,0.073393385,
0.025928129,,0.054645727,,0.032284452,,0.065190006,
0.100816497,,0.104631332,,0.068793028,,0.104006699,
0.047960485,,0.101229118,,0.044432648,,0.093136516,
0.070181125,,0.126817354,,0.044474999,,0.12571856,
0.168458661,,0.152106344,,0.120611333,,0.12813964,
0.0253103,,0.090352588,,0.060087748,,0.024906868,
0.107603401,,0.144586191,,0.071699231,,0.124019241,
0.061985468,,0.124337815,,0.112135749,,0.112738285,
0.059692217,,0.06666014,,0.080213601,,0.092477468,
0.035014623,,0.065455879,,0.017213041,,0.087427354,
0.067058957,,0.071612261,,0.06807847,,0.114340552,
0.041771361,,0.089821587,,0.070700127,,0.140789195,
0.044803499,,0.052294251,,0.058047425,,0.0999744,
0.055230692,,0.098737478,,0.111402746,,0.134434446,
0.031292979,,0.059215401,,0.053070568,,0.104732929,
0.067202186,,0.103546784,,0.042477195,,0.113769772,
0.058592237,,0.131871971,,0.044080484,,0.099710132,
0.083680276,,0.1283907,,0.125970401,,0.137287842,
0.116047313,,0.161958487,,0.148694906,,0.108917591,
0.034039339,,0.039137489,,0.058138533,,0.120647405,
0.093104333,,0.091724926,,0.120587753,,0.213021661,
0.019539459,,0.04607883,,0.048869751,,0.054995658,
0.095994714,,0.184716615,,0.113119593,,0.128811383,
0.085992645,,0.120564563,,0.14335433,,0.131646819,
0.046289269,,0.055298092,,0.108653478,,0.109769142,
0.098674325,,0.115744196,,0.05973668,,0.070036016,
0.043973634,,0.105009411,,0.045893434,,0.035514164,
0.074128057,,0.133723316,,0.089442144,,0.067877945,
0.02019415,,0.076933431,,0.047178251,,0.100098588,
0.085464693,,0.065612027,,0.100075835,,0.125938222,
0.065106266,,0.134654703,,0.118544411,,0.06758308,
0.036763558,,0.065207661,,0.025182753,,0.067155545,
0.080610352,,0.082320864,,0.097562868,,0.091977199,
0.092950812,,0.172318376,,0.062376117,,0.129088916,
0.058871204,,0.10246229,,0.085796781,,0.089853021,
0.078020586,,0.133659069,,0.049814474,,0.087578915,
0.069460637,,0.0970521,,0.071442162,,0.0943498,
0.09134175,,0.164592107,,0.105152765,,0.10979247,
0.065009421,,0.113655609,,0.08392166,,0.073307926,
0.084559116,,0.096383622,,0.140246959,,0.082099983,
0.132568038,,0.192506328,,0.240994522,,0.238948307,
0.06961514,,0.127461572,,0.096902997,,0.08571031,
0.309018505,,0.431369377,,0.174506737,,0.243565606,
0.157299369,,0.120403421,,0.157274567,,0.146433268,
0.065839475,,0.107091534,,0.056585056,,0.07391267,
0.06777924,,0.16942521,,0.042227744,,0.073264682,
0.042528073,,0.105172424,,0.123688146,,0.120971896,
0.035310976,,0.086693567,,0.047909205,,0.126169483,
0.103208105,,0.179933823,,0.040928213,,0.156106762,
0.233152718,,0.193522954,,0.288975727,,0.210191829,
0.031914643,,0.068384964,,0.060027382,,0.054597971,
0.064501765,,0.116998197,,0.110007427,,0.089678543,
0.090276157,,0.129924831,,0.104156894,,0.064821534,
0.04703341,,0.040007697,,0.090672728,,0.07872022,
0.073451198,,0.115948493,,0.081400206,,0.091062085,
0.148588384,,0.145120008,,0.13769156,,0.166865321,
0.080534461,,0.157555705,,0.037644943,,0.099947791,
0.040714437,,0.068286494,,0.059377877,,0.066168472,
0.065124041,,0.056406632,,0.086930636,,0.138439464,
0.049269473,,0.059639435,,0.098117198,,0.130590148,
0.06376573,,0.12813255,,0.098322665,,0.079945147,
0.071086718,,0.139802814,,0.086794611,,0.071379271,
0.096216755,,0.087440885,,0.085001756,,0.160542138,
0.053753637,,0.118418596,,0.060360804,,0.053173594,
0.021839682,,0.050445382,,0.044416103,,0.08875139,
0.049298116,,0.117011786,,0.064087283,,0.084675127,
0.079254799,,0.072543813,,0.046886992,,0.09159611,
0.106234653,,0.138743718,,0.120771305,,0.080743151,
0.07867004,,0.103951419,,0.040399754,,0.047706497,
0.050991492,,0.084195654,,0.066272614,,0.059809481,
0.061464218,,0.087887139,,0.07543536,,0.130909968,
0.045385799,,0.101568414,,0.093884674,,0.071811804,
0.092920673,,0.104967589,,0.068170813,,0.134797738,
0.054949555,,0.115137142,,0.042613606,,0.086000059,
0.052306541,,0.097449525,,0.060570584,,0.058117729,
0.05460014,,0.099530324,,0.035403582,,0.087899609,
0.016211207,,0.075618628,,0.037866745,,0.077528907,
0.054508562,,0.086371518,,0.049782687,,0.131163674,
0.099885576,,0.135351754,,0.116264953,,0.185768501,
0.046213378,,0.09381865,,0.036218162,,0.066678156,
0.045223214,,0.11773182,,0.053964775,,0.106963121,
0.125100631,,0.099676906,,0.099190864,,0.161701523,
0.082589728,,0.09856015,,0.172661553,,0.185501977,
0.062905289,,0.119893364,,0.023337287,,0.093305853,
0.079172858,,0.126393306,,0.093941319,,0.07674516,
0.064922071,,0.061531161,,0.072123664,,0.130390241,
0.0499766,,0.085818199,,0.036801178,,0.105430049,
0.052726463,,0.090129174,,0.05860625,,0.100106354,
0.077994179,,0.149498297,,0.073384684,,0.079313531,
0.06601899,,0.094360191,,0.11284807,,0.158150475,
0.093613282,,0.127691217,,0.091519852,,0.080854262,
0.109305194,,0.14683192,,0.11105063,,0.103078474,
0.089645655,,0.084700586,,0.160631584,,0.176901426,
0.055179877,,0.129769287,,0.026379838,,0.084247886,
0.058611665,,0.04273752,,0.107556835,,0.122078382,
0.042137968,,0.087976677,,0.044233469,,0.098219277,
0.033442018,,0.072964487,,0.067669587,,0.093793317,
0.055034468,,0.032251291,,0.079432968,,0.130471778,
0.086967831,,0.066041501,,0.073389319,,0.111076415,
0.048095654,,0.107192674,,0.040956794,,0.078330568,
0.160352759,,0.103982196,,0.129360537,,0.181248085,
0.096077647,,0.195983127,,0.077816264,,0.179137984,
0.018070613,,0.059038911,,0.050418237,,0.073052681,
0.087595214,,0.125240984,,0.069270935,,0.129049577,
0.140457368,,0.131820018,,0.118291389,,0.194689618,
0.09321971,,0.120672205,,0.058540844,,0.115744898,
0.030024792,,0.104160319,,0.091620466,,0.052202116,
0.197959829,,0.31912596,,0.095925094,,0.180269309,
0.06678301,,0.083168872,,0.116008849,,0.127891926,
0.058783062,,0.093337561,,0.034118189,,0.071938816,
0.173513201,,0.146891651,,0.117916633,,0.210446692,
0.058023919,,0.10069393,,0.043731099,,0.047201997,
0.10713785,,0.13712227,,0.052637171,,0.105761782,
0.072699897,,0.058630126,,0.043636466,,0.112734237,
0.036985891,,0.045157571,,0.044841158,,0.092690234,
0.027516753,,0.103162377,,0.060557838,,0.08264593,
0.036301461,,0.093686694,,0.075679178,,0.077462878,
0.03840149,,0.11749372,,0.061983566,,0.099558762,
0.102576485,,0.141194976,,0.061598805,,0.085962934,
0.034922671,,0.066363374,,0.050887291,,0.081147341,
0.049703838,,0.128071867,,0.117670354,,0.10638378,
0.084612359,,0.137335731,,0.125948237,,0.161179347,
0.155682662,,0.120837304,,0.152591109,,0.177485022,
0.058399417,,0.078178201,,0.072873643,,0.138380066,
0.040932922,,0.082908922,,0.030869826,,0.094350317,
0.067896399,,0.090754909,,0.050216704,,0.046316901,
0.054732775,,0.120538873,,0.06472,,0.044792232,
0.068343584,,0.066663149,,0.110430578,,0.109501713,
0.029568434,,0.072520776,,0.076172523,,0.104151006,
0.042159903,,0.08381713,,0.013979836,,0.058174923,
0.081126232,,0.055299807,,0.111831823,,0.136015123,
0.067351348,,0.020185231,,0.122405514,,0.140874246,
0.046978675,,0.050087505,,0.119409229,,0.139289279,
0.031868642,,0.055004335,,0.080059805,,0.100662924,
0.128825568,,0.071679789,,0.190095663,,0.23901468,
0.060537002,,0.07767287,,0.074950063,,0.097187037,
0.093927024,,0.160433089,,0.0518128,,0.111938299,
0.070655845,,0.075343747,,0.108295057,,0.130767293,
0.076368835,,0.040739809,,0.076331146,,0.185142319,
0.061608374,,0.130328776,,0.054958558,,0.089645062,
0.068729645,,0.132480253,,0.029818892,,0.074964979,
0.102947402,,0.149087378,,0.102866442,,0.156779219,
0.050895718,,0.062510404,,0.103599507,,0.104302483,
0.141629902,,0.16129524,,0.127930723,,0.167433633,
0.085529158,,0.085281532,,0.068806101,,0.125949641,
0.075513445,,0.07363993,,0.056074906,,0.103307051,
0.074767774,,0.172790471,,0.088046668,,0.123322222,
0.061390175,,0.067860763,,0.095790764,,0.084958498,
0.048233929,,0.11225461,,0.083607547,,0.108044562,
0.065991004,,0.095833695,,0.076384088,,0.089081718,
0.088753686,,0.149913857,,0.041592932,,0.119986856,
0.094969046,,0.149410342,,0.031886013,,0.069405633,
0.040684857,,0.063948189,,0.04238053,,0.111838233,
0.051597064,,0.107411736,,0.05037502,,0.078406819,
0.123730662,,0.176722723,,0.109377968,,0.139133199,
0.103414495,,0.117968797,,0.037278491,,0.133173163,
0.047557049,,0.096937677,,0.074385968,,0.080740622,
0.087022833,,0.063324909,,0.129119655,,0.17725639,
0.048104163,,0.081660715,,0.060188884,,0.141675674,
0.033273772,,0.067195305,,0.042799111,,0.103591431,
0.053581793,,0.101751114,,0.045115242,,0.054625256,
0.075428698,,0.098540197,,0.037913809,,0.106850921,
0.056927381,,0.121941535,,0.034374945,,0.0794755,
0.049613421,,0.119511191,,0.112811815,,0.110607441,
0.061417174,,0.066765943,,0.040891883,,0.113214905,
0.066652407,,0.107873802,,0.057364531,,0.119598193,
0.070543037,,0.15249406,,0.048577816,,0.116332615,
0.120810999,,0.148454332,,0.193843865,,0.124129344,
0.016409974,,0.078616326,,0.057767507,,0.092434784,
0.027428277,,0.091097915,,0.043540162,,0.091730658,
0.059905989,,0.089012271,,0.041788147,,0.076563061,
0.037775563,,0.074289451,,0.055621848,,0.102049987,
0.039498284,,0.094150893,,0.043720409,,0.1036703,
0.040423991,,0.129561412,,0.032994538,,0.06194922,
0.187814287,,0.182212827,,0.164557778,,0.221548481,
0.064330841,,0.065267025,,0.137824898,,0.102330563,
0.054686721,,0.03912196,,0.074282211,,0.118114443,
0.046982549,,0.121754031,,0.086902515,,0.035901351,
0.053271893,,0.093455017,,0.053048497,,0.104694691,
0.078080391,,0.130753327,,0.083893593,,0.103204433,
0.078933575,,0.110237705,,0.074263598,,0.126097266,
0.055716959,,0.093710341,,0.042285031,,0.127460235,
0.062367177,,0.078379602,,0.081978529,,0.100244079,
0.03549817,,0.085303656,,0.055229787,,0.093447942,
0.085001783,,0.120539316,,0.041846994,,0.101046502,
0.064313898,,0.146396069,,0.093351959,,0.055278138,
0.034541328,,0.065639001,,0.032166133,,0.064316453,
0.053443975,,0.118406094,,0.083390498,,0.067415258,
0.083971276,,0.13561479,,0.066719339,,0.165925481,
0.035048798,,0.095553794,,0.058546526,,0.077149088,
0.051094209,,0.062847305,,0.064310978,,0.069490948,
0.072632628,,0.074011868,,0.070066457,,0.112451011,
0.064152675,,0.085681876,,0.031843087,,0.092926056,
0.07093185,,0.140380925,,0.084058589,,0.129057163,
0.089916239,,0.135910676,,0.121491878,,0.143566808,
0.103814884,,0.121583799,,0.080735855,,0.184451399,
0.068767206,,0.102792834,,0.013474812,,0.09880404,
0.072080286,,0.071060736,,0.075540844,,0.159093054,
0.122916636,,0.133749724,,0.121147409,,0.130611376,
0.043800826,,0.053393644,,0.056977128,,0.113679771,
0.056089742,,0.09417783,,0.029756029,,0.08912821,
0.037372126,,0.118061358,,0.040436898,,0.06627665,
0.112666931,,0.102828374,,0.158101596,,0.138561568,
0.031314619,,0.056276524,,0.052082319,,0.070114805,
0.100177024,,0.14544776,,0.100165157,,0.078528999,
0.060532211,,0.058154426,,0.101691577,,0.112993126,
0.049862635,,0.055669769,,0.066876303,,0.065892211,
0.089606862,,0.160629495,,0.078588592,,0.086880093,
0.0502721,,0.069807258,,0.057817086,,0.114075399,
0.064572059,,0.080790162,,0.084525802,,0.141958006,
0.053996739,,0.099442248,,0.084257362,,0.075228331,
0.037499529,,0.061820326,,0.067744055,,0.124266632,
0.078817174,,0.116353643,,0.081803934,,0.157193597,
0.169621766,,0.202719618,,0.086909114,,0.106847551,
0.081632798,,0.081912071,,0.115912342,,0.116146946,
0.108710619,,0.157814626,,0.084853517,,0.124664499,
0.068198641,,0.056838524,,0.119683772,,0.137137741,
0.067872212,,0.098071867,,0.135749188,,0.173080509,
0.088741109,,0.121925778,,0.070859629,,0.20077655,
0.052903967,,0.107354579,,0.068729769,,0.099871613,
0.04138607,,0.054807185,,0.037832932,,0.096707556,
0.084800541,,0.097049067,,0.171376656,,0.179248694,
0.08921414,,0.117920192,,0.056032766,,0.14340814,
0.068555893,,0.10955267,,0.086276572,,0.075552619,
0.036072674,,0.123270357,,0.053941353,,0.100089887,
0.052166527,,0.111824569,,0.04710786,,0.122894451,
0.086582951,,0.130766131,,0.080739461,,0.086450239,
0.063034496,,0.119649215,,0.08537373,,0.115592235,
0.087122666,,0.158013817,,0.051140971,,0.058048675,
0.062974653,,0.048286683,,0.12851264,,0.114236348,
0.039456349,,0.071890984,,0.035282604,,0.031766219,
0.048951019,,0.09708305,,0.053613906,,0.045239164,
0.200463512,,0.284388605,,0.094704559,,0.232425627,
0.078355456,,0.126560235,,0.105604189,,0.097749736,
0.067391472,,0.093047427,,0.091087318,,0.125149773,
0.067529886,,0.099806407,,0.123124598,,0.112093131,
0.086626511,,0.09373367,,0.099217827,,0.168177465,
0.106142506,,0.153791264,,0.038250364,,0.16222979,
0.045035129,,0.043775077,,0.094483747,,0.148051465,
0.012698739,,0.069528246,,0.070229517,,0.099534641,
0.08850014,,0.115737833,,0.076247415,,0.109934954,
0.018262831,,0.078887983,,0.035113487,,0.057736857,
0.067428725,,0.127370299,,0.084136817,,0.093738413,
0.097962897,,0.146235452,,0.087008161,,0.103537687,
0.046205391,,0.100039683,,0.130138172,,0.079497172,
0.08732391,,0.120170283,,0.097354878,,0.119104446,
0.058538163,,0.067721083,,0.045642971,,0.061290712,
0.056358112,,0.127630065,,0.078047805,,0.102722862,
0.030712807,,0.039380228,,0.041901339,,0.049006478,
0.06132451,,0.151473226,,0.065748377,,0.074759788,
0.061785003,,0.103894123,,0.04748433,,0.141088337,
0.061800158,,0.089659287,,0.069436649,,0.073436081,
0.077366945,,0.084179771,,0.069838953,,0.094060876,
0.188227114,,0.261690605,,0.292424594,,0.301230865,
0.074194008,,0.114960131,,0.107281143,,0.142897361,
0.05154581,,0.110174201,,0.08292606,,0.070643149,
0.078298863,,0.142349803,,0.104487701,,0.14789887,
0.067559336,,0.100155001,,0.060243254,,0.081241939,
0.107770756,,0.12837067,,0.043113847,,0.095987232,
0.119351112,,0.144355581,,0.060103907,,0.133053881,
0.043172117,,0.096253876,,0.077790984,,0.09500615,
0.043327255,,0.06372673,,0.045326665,,0.056165998,
0.049827351,,0.115272694,,0.081563757,,0.129663192,
0.107471509,,0.128616719,,0.088564201,,0.181514246,
0.068362909,,0.056122441,,0.112314482,,0.138077696,
0.04301452,,0.114072964,,0.030727902,,0.042728846,
0.056445675,,0.087312832,,0.053084381,,0.055529062,
0.034301079,,0.065708323,,0.113067469,,0.102929507,
0.045695797,,0.064863386,,0.108645931,,0.172474036,
0.05222377,,0.081516332,,0.051196033,,0.145268958,
0.076180584,,0.137443176,,0.077209886,,0.088529828,
0.119661265,,0.225178328,,0.089477452,,0.110678993,
0.084887982,,0.139749562,,0.088195167,,0.127819079,
0.086362443,,0.088406039,,0.15907261,,0.200534576,
0.069944211,,0.119258591,,0.088562263,,0.116159443,
0.078449033,,0.152638861,,0.037186586,,0.077794919,
0.058653303,,0.080775182,,0.044165702,,0.129454023,
0.123435587,,0.172618202,,0.053102708,,0.147111932,
0.038879347,,0.087166176,,0.059095612,,0.121554027,
0.050005468,,0.137254775,,0.073633197,,0.079223128,
0.103001455,,0.160507558,,0.150779677,,0.227569341,
0.076465854,,0.099714797,,0.07970026,,0.087236228,
0.038508779,,0.060445924,,0.037287028,,0.097192171,
0.063702528,,0.117674322,,0.05504837,,0.087705693,
0.043139101,,0.067678154,,0.090013128,,0.1268473,
0.049423134,,0.103138634,,0.025291725,,0.076884343,
0.034123115,,0.082569989,,0.063488527,,0.041664968,
0.068566616,,0.076049262,,0.061883954,,0.128792183,
0.064257481,,0.126442359,,0.031871332,,0.089828421,
0.068274203,,0.123908822,,0.089044261,,0.132898671,
0.155354898,,0.230928405,,0.112216861,,0.096163309,
0.104408607,,0.140503021,,0.076848481,,0.183529549,
0.100789006,,0.148255851,,0.067362679,,0.06930602,
0.056632111,,0.129422692,,0.136486084,,0.149371314,
0.08217909,,0.100258968,,0.097787141,,0.176320582,
0.187816234,,0.100893531,,0.289526074,,0.252230529,
0.026525369,,0.071941028,,0.067011648,,0.12641126,
0.165604773,,0.218457924,,0.114242659,,0.141270572,
0.066371995,,0.099649635,,0.116020237,,0.132290189,
0.077277086,,0.156434655,,0.063157114,,0.046952353,
0.086255992,,0.181824261,,0.109070816,,0.10193662,
0.060569816,,0.121014603,,0.077379658,,0.036296364,
0.035244626,,0.063783793,,0.071372406,,0.114836375,
0.034065987,,0.094812016,,0.054183819,,0.059950603,
0.108157834,,0.142711207,,0.078244559,,0.112039542,
0.033311338,,0.123330902,,0.04908901,,0.059428474,
0.046180185,,0.099284469,,0.073041541,,0.041939102,
0.071711053,,0.12359763,,0.055968978,,0.131780442,
0.114610188,,0.151886112,,0.079593816,,0.088538967,
0.053834436,,0.140063914,,0.061519387,,0.095183704,
0.108044269,,0.101514686,,0.101044969,,0.161072028,
0.095905084,,0.0844364,,0.119862801,,0.090606247,
0.032753961,,0.079855608,,0.054982568,,0.07083471,
0.09180291,,0.063780421,,0.142932822,,0.125019798,
0.049839115,,0.124962804,,0.048575093,,0.114295577,
0.040033007,,0.090237567,,0.071010574,,0.071308492,
0.040133277,,0.086227539,,0.071026679,,0.107125838,
0.060569899,,0.123279399,,0.069498258,,0.086612927,
0.056496618,,0.116194561,,0.040052709,,0.138293759,
0.058832924,,0.128245064,,0.050083298,,0.066660668,
0.083120791,,0.173650097,,0.05711355,,0.078712203,
0.141428559,,0.221351247,,0.123087098,,0.129756795,
0.044171218,,0.056841953,,0.048961033,,0.100253881,
0.052159655,,0.074903315,,0.076452078,,0.076176948,
0.05317312,,0.112186988,,0.080842708,,0.06271273,
0.043724852,,0.110941939,,0.038141745,,0.083678746,
0.104406133,,0.119936371,,0.076823884,,0.127626477,
0.028008423,,0.045614925,,0.070065255,,0.082267544,
0.045824935,,0.091156242,,0.072949508,,0.058837803,
0.072762433,,0.13663213,,0.032648335,,0.083397415,
0.064204414,,0.043700921,,0.121195178,,0.116914795,
0.095209623,,0.187384348,,0.11006872,,0.164901762,
0.034628247,,0.045710489,,0.063687217,,0.066671214,
0.081227503,,0.096566552,,0.03401989,,0.107383763,
0.057081844,,0.133041199,,0.09317824,,0.191311217,
0.05815824,,0.148198287,,0.080035927,,0.051642558,
0.043993954,,0.123995754,,0.027392238,,0.063766738,
0.092936426,,0.116862899,,0.110798805,,0.121520677,
0.088637035,,0.127466706,,0.110811836,,0.155975324,
0.10608519,,0.20308031,,0.114704065,,0.082762216,
0.085458179,,0.093021093,,0.107247921,,0.143907519,
0.063090836,,0.105318295,,0.039608039,,0.064086828,
0.121695561,,0.202003217,,0.064520014,,0.140244098,
0.080990819,,0.084511934,,0.055955566,,0.097068409,
0.065785106,,0.16707917,,0.049378397,,0.060664787,
0.043819958,,0.0838203,,0.052632979,,0.150824417,
0.034015205,,0.081153489,,0.083755834,,0.06892012,
0.074432211,,0.078986702,,0.119201459,,0.182386619,
0.069289063,,0.08010561,,0.067286765,,0.140391739,
0.071117877,,0.124145933,,0.053322744,,0.136271526,
0.038688159,,0.051863573,,0.078546666,,0.082674879,
0.02591896,,0.087251652,,0.104701294,,0.110407033,
0.078914637,,0.196342069,,0.076440252,,0.096946619,
0.076378353,,0.154528784,,0.033260951,,0.09781027,
0.116350575,,0.228999926,,0.065652403,,0.087240839,
0.065703423,,0.14476688,,0.066135056,,0.115228532,
0.034853108,,0.074172344,,0.052156347,,0.116856549,
0.105925647,,0.091515986,,0.102651228,,0.148892989,
0.037254337,,0.074195831,,0.017937141,,0.083492203,
0.046838689,,0.073409431,,0.052930204,,0.083790125,
0.059381555,,0.14210931,,0.046180972,,0.097561025,
0.098499641,,0.07991642,,0.112949092,,0.194440695,
0.074473619,,0.166557,,0.040755202,,0.111895401,
0.060421022,,0.119626817,,0.02718806,,0.097707841,
0.077071089,,0.067784123,,0.097485437,,0.095478743,
0.022629851,,0.102821645,,0.062290682,,0.099581961,
0.02499128,,0.071002119,,0.036506126,,0.077931515,
0.042745883,,0.112095427,,0.040393925,,0.03300409,
0.090661993,,0.088633047,,0.09069694,,0.177689089,
0.078403347,,0.09280092,,0.069919272,,0.141022288,
0.06440069,,0.142234207,,0.062367305,,0.152446194,
0.053476956,,0.078466218,,0.058713269,,0.123133941,
0.127470494,,0.157505391,,0.074486077,,0.15002165,
0.056283739,,0.077749812,,0.064939484,,0.068598437,
0.05453774,,0.144716191,,0.067333498,,0.087170824,
0.0551058,,0.083243178,,0.079204491,,0.112160032,
0.102551789,,0.132597368,,0.069018964,,0.112355039,
0.056727125,,0.084769887,,0.114324002,,0.102392117,
0.062949407,,0.094544966,,0.098807134,,0.069960896,
0.139257175,,0.097517724,,0.1221671,,0.21335134,
0.058814361,,0.163210697,,0.089573576,,0.048742111,
0.078743864,,0.119383984,,0.11529213,,0.102567866,
0.029752372,,0.065111331,,0.070455209,,0.049396933,
0.09823518,,0.19478829,,0.087984074,,0.139030135,
0.07468413,,0.121945383,,0.124983106,,0.172734673,
0.026396235,,0.095848809,,0.089296893,,0.121427559,
0.041811924,,0.045313435,,0.052718785,,0.11255934,
0.0394594,,0.106055321,,0.045784883,,0.087445364,
0.093078716,,0.107778859,,0.077305728,,0.07799688,
0.034744812,,0.095996431,,0.034569006,,0.054230172,
0.129538358,,0.167381269,,0.051521433,,0.122501808,
0.09097994,,0.099530881,,0.115587049,,0.117790077,
0.119210083,,0.210092769,,0.074698193,,0.114702066,
0.10209044,,0.122312619,,0.044190134,,0.08993684,
0.047667849,,0.107904067,,0.033906044,,0.028283567,
0.030563715,,0.070187809,,0.043884133,,0.074109048,
0.035730612,,0.12367916,,0.086630849,,0.119791015,
0.041219234,,0.077196782,,0.10268755,,0.100712831,
0.030897344,,0.085364363,,0.060275271,,0.100030066,
0.05676612,,0.104724566,,0.052323014,,0.071725293,
0.040831915,,0.091429123,,0.035307793,,0.074213954,
0.037174873,,0.089335788,,0.049655678,,0.072027959,
0.03452193,,0.100862891,,0.012655849,,0.082544518,
0.051554623,,0.104758246,,0.068382485,,0.084731758,
0.070313777,,0.074167246,,0.102414473,,0.138831034,
0.032305309,,0.096288413,,0.085553508,,0.048098606,
0.116402456,,0.200556936,,0.070535945,,0.19610482,
0.086668788,,0.170173731,,0.067915468,,0.137383735,
0.064806818,,0.029465211,,0.146519459,,0.204470131,
0.035544921,,0.073282545,,0.095790457,,0.069424313,
0.090437555,,0.111377307,,0.082197568,,0.113521719,
0.105757188,,0.110827146,,0.11818222,,0.13639732,
0.079320392,,0.089906377,,0.126935429,,0.199840214,
0.017219122,,0.068069507,,0.062336391,,0.058046387,
0.06616959,,0.166713335,,0.07859589,,0.149545536,
0.069719017,,0.130133064,,0.1211085,,0.171087787,
0.043096097,,0.078271686,,0.047672299,,0.087507904,
0.021261175,,0.049784551,,0.048875829,,0.071570587,
0.04358987,,0.077994146,,0.077327056,,0.129350122,
0.110050174,,0.19265762,,0.112599655,,0.153759334,
0.036999178,,0.078827676,,0.074342181,,0.074427807,
0.041182675,,0.0765533,,0.052332765,,0.064792931,
0.04069978,,0.082575092,,0.025210978,,0.099685032,
0.035625831,,0.058391678,,0.059967072,,0.077748843,
0.035386771,,0.103842239,,0.046642256,,0.096434789,
0.056689894,,0.120895869,,0.043309958,,0.068982941,
0.041244266,,0.072189214,,0.074748814,,0.082352862,
0.064714456,,0.088503092,,0.065568968,,0.130983472,
0.029226159,,0.044207861,,0.043518035,,0.08679777,
0.065977776,,0.052228719,,0.078636175,,0.116974579,
0.046375483,,0.062043841,,0.077723647,,0.115075039,
0.091633316,,0.094481503,,0.057009694,,0.058056988,
0.033651231,,0.049318981,,0.099856249,,0.073079217,
0.103480214,,0.15759845,,0.072204752,,0.138393337,
0.030948163,,0.066885643,,0.067205396,,0.07583463,
0.061741668,,0.167042563,,0.059184404,,0.067210615,
0.094316543,,0.103256179,,0.115766627,,0.103892031,
0.030522281,,0.079056173,,0.054778582,,0.087930848,
0.012356337,,0.038973651,,0.05079759,,0.073656165,
0.061949664,,0.080854871,,0.088969745,,0.082272893,
0.046914833,,0.111691438,,0.07056902,,0.11091535,
0.136564933,,0.137367656,,0.176814773,,0.233984084,
0.031301368,,0.069597902,,0.063099315,,0.125274812,
0.074191391,,0.110570905,,0.081670879,,0.211339586,
0.055635693,,0.073352295,,0.070402586,,0.081638327,
0.054450973,,0.053282093,,0.092593491,,0.103106534,
0.085856605,,0.110214958,,0.03945359,,0.129370515,
0.071660395,,0.149677167,,0.058272311,,0.075535743,
0.075290225,,0.12657678,,0.048502043,,0.091060316,
0.08354418,,0.133527455,,0.079142937,,0.182858009,
0.03809814,,0.068651809,,0.109544584,,0.107883296,
0.073949999,,0.086752081,,0.073728897,,0.146872452,
0.052799498,,0.037998215,,0.094772086,,0.123296937,
0.097447786,,0.166220549,,0.07942264,,0.159916881,
0.062308405,,0.134953724,,0.048740852,,0.097989798,
0.034577374,,0.056776061,,0.068281809,,0.066891858,
0.068741066,,0.149511151,,0.053398432,,0.113550373,
0.090470053,,0.083778139,,0.109380201,,0.139048248,
0.116033987,,0.177199201,,0.123492968,,0.074349594,
0.057903847,,0.096359065,,0.072622606,,0.104444285,
0.076125491,,0.132834735,,0.042469394,,0.061201309,
0.061011145,,0.074221151,,0.055444025,,0.129298156,
0.06594581,,0.130494217,,0.064703752,,0.088293241,
0.088744065,,0.142575126,,0.043530682,,0.058813797,
0.04932623,,0.070908597,,0.051929109,,0.108519535,
0.038828365,,0.098034884,,0.053809154,,0.080424273,
0.061511686,,0.062688251,,0.047604793,,0.069925934,
0.029493997,,0.049966603,,0.047348958,,0.119312015,
0.094508734,,0.090252427,,0.062591672,,0.134345386,
0.089246792,,0.121351273,,0.05119989,,0.164375326,
0.06892018,,0.067058991,,0.060902032,,0.115820016,
0.04058134,,0.056514626,,0.056437531,,0.070217638,
0.079338393,,0.094468828,,0.109150911,,0.120323763,
0.060853458,,0.107795043,,0.030822,,0.069895613,
0.064833688,,0.094867238,,0.069597769,,0.058986241,
0.062835509,,0.132959256,,0.039816744,,0.083666095,
0.045401572,,0.057749183,,0.047411981,,0.103914269,
0.098960582,,0.192106296,,0.064541644,,0.12412149,
0.049647594,,0.13094155,,0.055825819,,0.144466048,
0.071712816,,0.125907981,,0.100329198,,0.110803926,
0.049771784,,0.11113124,,0.047760244,,0.062807994,
0.073240962,,0.068343281,,0.094072266,,0.146311024,
0.100019737,,0.124760449,,0.150527244,,0.149857612,
0.082546492,,0.149506407,,0.059615556,,0.111376357,
0.038031632,,0.088055558,,0.030922791,,0.094857443,
0.032360473,,0.075848501,,0.07675879,,0.109739458,
0.113697092,,0.162390368,,0.087070396,,0.06770051,
0.044237769,,0.064550542,,0.094186767,,0.074182971,
0.038689984,,0.057021735,,0.043508134,,0.07972039,
0.035683217,,0.065233856,,0.0622105,,0.095523739,
0.096636975,,0.127730111,,0.058245879,,0.117288571,
0.130921663,,0.170114417,,0.070668663,,0.141140681,
0.050629479,,0.083058711,,0.046270331,,0.131347764,
0.030716414,,0.061134887,,0.033233822,,0.049113481,
0.076428516,,0.180775831,,0.06947909,,0.130193898,
0.125881433,,0.158881933,,0.061961237,,0.16259917,
0.056769035,,0.142902885,,0.06511235,,0.061087929,
0.045697907,,0.114644427,,0.065677349,,0.063810095,
0.050696371,,0.121303767,,0.058446645,,0.116019036,
0.040242688,,0.063321394,,0.052277899,,0.088671643,
0.094860294,,0.152507615,,0.052564552,,0.105955362,
0.079560229,,0.140570867,,0.052114849,,0.106721626,
0.140009668,,0.245722035,,0.073156359,,0.116226517,
0.06254197,,0.158185741,,0.05403397,,0.064435,
0.097431752,,0.113897375,,0.110662526,,0.176382806,
0.057362835,,0.049514453,,0.060666625,,0.108967538,
0.066654491,,0.085093562,,0.065118716,,0.126966162,
0.090366809,,0.082501045,,0.056063277,,0.11104375,
0.078303293,,0.056936998,,0.133057783,,0.155795774,
0.065797766,,0.102750966,,0.114233332,,0.089268565,
0.076107867,,0.149842672,,0.059152268,,0.083788238,
0.051143948,,0.051636617,,0.106433412,,0.105799036,
0.074529384,,0.087477611,,0.037264069,,0.099717354,
0.043260553,,0.060688532,,0.071171016,,0.141497568,
0.066293562,,0.141139617,,0.050846035,,0.05805713,
0.072843104,,0.113159456,,0.043753038,,0.072433111,
0.059156788,,0.049148526,,0.046598484,,0.090877938,
0.066914408,,0.083655903,,0.064170567,,0.144554408,
0.159969328,,0.281929938,,0.227510207,,0.216369363,
0.080500023,,0.108176199,,0.032843793,,0.107667695,
0.05496465,,0.093916726,,0.075332413,,0.138925193,
0.037742349,,0.072068239,,0.067911803,,0.056436929,
0.075376459,,0.133754493,,0.049334678,,0.080711852,
0.050239184,,0.134633297,,0.073750181,,0.05689927,
0.031076554,,0.07294629,,0.044309926,,0.098395927,
0.038267039,,0.090483189,,0.060369257,,0.062133128,
0.073225391,,0.140068217,,0.119053017,,0.091033565,
0.074507514,,0.089330285,,0.111543735,,0.124315476,
0.086451855,,0.089603248,,0.081955597,,0.156426133,
0.097335625,,0.131307659,,0.084111774,,0.104402196,
0.091035129,,0.128118373,,0.126011288,,0.137384291,
0.054875748,,0.088450275,,0.034236566,,0.102100066,
0.137184282,,0.113847677,,0.136063653,,0.233305708,
0.077235251,,0.102629541,,0.04511041,,0.079802953,
0.052329776,,0.089320582,,0.035064872,,0.059569089,
0.103004921,,0.115907966,,0.100116149,,0.166911128,
0.04164456,,0.106717644,,0.061408001,,0.120409238,
0.060262832,,0.112853321,,0.059318454,,0.161524216,
0.140404623,,0.171565551,,0.113202718,,0.096852243,
0.10127031,,0.157250834,,0.056400503,,0.10377307,
0.141658961,,0.181256792,,0.131764136,,0.255655793,
0.04527051,,0.081507772,,0.081386318,,0.115997101,
0.039143343,,0.039884937,,0.071062329,,0.097808892,
0.042589042,,0.063430322,,0.070601628,,0.067373121,
0.010366891,,0.043900302,,0.059281968,,0.058930076,
0.037386515,,0.085214409,,0.045466697,,0.092538593,
0.025780031,,0.105265973,,0.058686192,,0.089261506,
0.06271455,,0.109441252,,0.014889784,,0.096201299,
0.069814451,,0.132816078,,0.124683226,,0.078239663,
0.044823608,,0.061664641,,0.119457091,,0.132684389,
0.065007694,,0.12290728,,0.069024867,,0.07773437,
0.041153775,,0.104822735,,0.078858873,,0.102089366,
0.080708873,,0.133076105,,0.030507873,,0.08905069,
0.088822216,,0.15657595,,0.076074179,,0.164763232,
0.047688797,,0.07870535,,0.079433628,,0.116585503,
0.040007264,,0.049104338,,0.047675911,,0.05520814,
0.090945196,,0.113555345,,0.062135668,,0.119051404,
0.049006735,,0.103442845,,0.035230631,,0.085495056,
0.030605523,,0.099041933,,0.045577895,,0.059836064,
0.086002913,,0.074524907,,0.083086765,,0.142775976,
0.071330935,,0.124279097,,0.041977163,,0.084840354,
0.064383379,,0.107851303,,0.059525373,,0.108441481,
0.074996374,,0.128136013,,0.04657257,,0.11301963,
0.082667707,,0.102381513,,0.053643578,,0.135592245,
0.061089804,,0.09086997,,0.056200707,,0.147435576,
0.080474428,,0.063055082,,0.119614114,,0.219532604,
0.059703397,,0.10300743,,0.063166433,,0.110603502,
0.030693223,,0.082592238,,0.050228215,,0.107138995,
0.11859863,,0.208971099,,0.138979605,,0.116197142,
0.111933976,,0.128694208,,0.134340151,,0.137541588,
0.059210369,,0.110233754,,0.07210859,,0.075892953,
0.050761593,,0.130489756,,0.087972504,,0.098654263,
0.049272147,,0.151823891,,0.057881893,,0.066896042,
0.039846945,,0.075348216,,0.04012469,,0.062437169,
0.046757976,,0.06672196,,0.07275065,,0.064705352,
0.123269921,,0.127899113,,0.147308687,,0.146692853,
0.070173583,,0.113326628,,0.050590248,,0.082794865,
0.06381396,,0.099754347,,0.090915743,,0.122722211,
0.05766028,,0.131765362,,0.024887212,,0.064420356,
0.051934544,,0.092506963,,0.074794618,,0.024897985,
0.064016749,,0.163365573,,0.110234336,,0.070602923,
0.059776059,,0.083967085,,0.069958366,,0.060308555,
0.103100272,,0.157426445,,0.060923656,,0.110866447,
0.031176609,,0.052235465,,0.099500051,,0.095119806,
0.049681803,,0.076068874,,0.06624777,,0.119691877,
0.143682663,,0.254745504,,0.049414456,,0.116935292,
0.079669414,,0.136013715,,0.057367285,,0.140956557,
0.073752412,,0.157283787,,0.079901583,,0.100375405,
0.071623435,,0.041290661,,0.095450123,,0.112852964,
0.230295354,,0.368882782,,0.206010584,,0.191204382,
0.044203581,,0.124169415,,0.077022007,,0.059742616,
0.045069987,,0.117278682,,0.061933856,,0.075863935,
0.132477798,,0.215799637,,0.099193073,,0.144927876,
0.052238332,,0.048075837,,0.030548022,,0.088098143,
0.057276967,,0.123100239,,0.064578784,,0.099661916,
0.066254645,,0.114497472,,0.038933167,,0.081138989,
0.023321917,,0.084565416,,0.042636289,,0.079592373,
0.088685166,,0.183196027,,0.07683632,,0.095091931,
0.035809876,,0.094663023,,0.031960695,,0.067709507,
0.076411839,,0.074915819,,0.060320616,,0.1144309,
0.056485886,,0.093325409,,0.065211975,,0.06532134,
0.062511663,,0.112796193,,0.056811062,,0.060966218,
0.039595243,,0.087408742,,0.014617602,,0.076864873,
0.046660578,,0.102598556,,0.043380157,,0.086851586,
0.063124332,,0.085177948,,0.076081863,,0.075022327,
0.070388307,,0.103105681,,0.053253178,,0.107630504,
0.094781164,,0.125017082,,0.125137419,,0.090748411,
0.048842549,,0.074033594,,0.100814517,,0.118186522,
0.078203902,,0.177383086,,0.111008651,,0.151969526,
0.071732988,,0.088410654,,0.055756703,,0.076845692,
0.049018147,,0.108066962,,0.024838875,,0.11174038,
0.040050613,,0.062314585,,0.100190242,,0.137848653,
0.152195471,,0.186508068,,0.130245351,,0.198706624,
0.045257898,,0.081018553,,0.056216569,,0.078258489,
0.044632831,,0.140375599,,0.038477023,,0.03656403,
0.048114005,,0.132568629,,0.072384128,,0.099434622,
0.071664492,,0.124338929,,0.050282907,,0.171199174,
0.031450053,,0.019382305,,0.080650081,,0.087501115,
0.080930331,,0.088131326,,0.106472272,,0.105917186,
0.049686774,,0.107355981,,0.083340792,,0.110335089,
0.050645241,,0.04421111,,0.075280607,,0.124601593,
0.045167742,,0.039360863,,0.088498459,,0.063481144,
0.087307693,,0.078251046,,0.127330922,,0.12968071,
0.110460578,,0.145285129,,0.108228687,,0.210849979,
0.0129959,,0.026171514,,0.058260344,,0.076984839,
0.12060844,,0.193357607,,0.106370318,,0.130007384,
0.080477456,,0.179675082,,0.036535395,,0.118801719,
0.058390686,,0.101921553,,0.073399808,,0.075144929,
0.032514933,,0.060236079,,0.075153306,,0.087846374,
0.021075396,,0.040417461,,0.06339664,,0.065300927,
0.030767918,,0.09565364,,0.084621423,,0.060152836,
0.018361495,,0.044946674,,0.055824261,,0.065451552,
0.096404494,,0.124637713,,0.03343115,,0.066346466,
0.077618832,,0.153484457,,0.072326534,,0.080538168,
0.072601468,,0.147052577,,0.030568784,,0.054208452,
0.052799971,,0.144099864,,0.051064636,,0.08329901,
0.074606819,,0.096656901,,0.054101034,,0.083137665,
0.060536195,,0.103205919,,0.018837702,,0.061321571,
0.099091298,,0.15410931,,0.106763027,,0.102170865,
0.042394688,,0.085752182,,0.048292447,,0.044041946,
0.112362564,,0.1361745,,0.074602274,,0.15591865,
0.128960941,,0.214212294,,0.140115573,,0.142566586,
0.047060573,,0.130994701,,0.067793018,,0.111612108,
0.071625274,,0.127072721,,0.03355778,,0.130687923,
0.054866322,,0.124853404,,0.047389627,,0.08559913,
0.07750998,,0.135740887,,0.054603619,,0.081641094,
0.083745991,,0.088491833,,0.117795764,,0.162265843,
0.037089343,,0.082253425,,0.075219245,,0.096895055,
0.040865112,,0.074069974,,0.06610738,,0.06094774,
0.135302465,,0.192676807,,0.157334347,,0.205043315,
0.085742123,,0.108408978,,0.051294449,,0.124326928,
0.066894483,,0.08368966,,0.040697724,,0.055993798,
0.026605606,,0.063308924,,0.036788603,,0.076761725,
0.066153894,,0.080820876,,0.0674285,,0.16270783,
0.178437678,,0.170553056,,0.170957453,,0.24005419,
0.083487972,,0.178405402,,0.079428827,,0.087358973,
0.102610619,,0.110268919,,0.114012809,,0.157180216,
0.039784125,,0.115942393,,0.063415128,,0.062133972,
0.143253095,,0.110264479,,0.098214073,,0.19840815,
0.032564498,,0.043683538,,0.074482794,,0.091724362,
0.119056932,,0.158946697,,0.143247339,,0.103210364,
0.057533362,,0.102735648,,0.080154842,,0.105126664,
0.06701704,,0.088568724,,0.067551758,,0.067286822,
0.085622269,,0.100959188,,0.069191694,,0.132741536,
0.094219787,,0.08625197,,0.196907298,,0.217478875,
0.086743963,,0.13470733,,0.107732415,,0.145366984,
0.013181012,,0.073994634,,0.053738334,,0.065576051,
0.02643563,,0.076812015,,0.085158451,,0.050247981,
0.115924171,,0.160108225,,0.084963424,,0.089826859,
0.140959283,,0.086465704,,0.17270486,,0.250722946,
0.06750854,,0.104301533,,0.018722648,,0.099980626,
0.063137469,,0.128697848,,0.057902541,,0.113491061,
0.084267805,,0.13027145,,0.081391253,,0.084104404,
0.048370254,,0.058698771,,0.043147597,,0.108505685,
0.058443956,,0.123466855,,0.063560714,,0.096121614,
0.039509875,,0.086433107,,0.049980856,,0.090290284,
0.029356892,,0.124370316,,0.08768497,,0.081156481,
0.033937163,,0.098670084,,0.059689528,,0.070824761,
0.037906149,,0.087157798,,0.016583949,,0.058635893,
0.047349918,,0.079525762,,0.071528804,,0.099690187,
0.057493139,,0.099675205,,0.058627961,,0.099566238,
0.100379628,,0.202832534,,0.073950805,,0.063735014,
0.021507095,,0.059658225,,0.086262059,,0.0866424,
0.057778496,,0.040669741,,0.069023066,,0.167145952,
0.102157893,,0.217891122,,0.076032853,,0.116019489,
0.052953211,,0.117573454,,0.043682556,,0.095341014,
0.088447512,,0.139660969,,0.080228028,,0.116971785,
0.067782778,,0.099985017,,0.032438682,,0.118213409,
0.039593107,,0.068267716,,0.050500309,,0.10069628,
0.135689866,,0.144195193,,0.136189696,,0.198309826,
0.143994681,,0.170697801,,0.146595239,,0.090590069,
0.067013045,,0.070969781,,0.046882451,,0.082607426,
0.042301388,,0.06634967,,0.085892325,,0.119627185,
0.094605682,,0.103512522,,0.055871831,,0.126960426,
0.090376658,,0.140986524,,0.10193948,,0.091327789,
0.049814272,,0.064969809,,0.1100273,,0.143743732,
0.065657684,,0.092182912,,0.103668188,,0.083411491,
0.090211713,,0.139218029,,0.071944265,,0.126947927,
0.048765913,,0.072319423,,0.08020362,,0.106406862,
0.076185708,,0.14957083,,0.056781728,,0.081453127,
0.063221588,,0.132776221,,0.053047397,,0.108290448,
0.109831689,,0.098309589,,0.140722951,,0.110150926,
0.063576526,,0.070211638,,0.050911431,,0.057468013,
0.054543731,,0.053939672,,0.098200036,,0.152952839,
0.01615745,,0.071427306,,0.042232657,,0.073998063,
0.097698001,,0.078099304,,0.097130131,,0.132696054,
0.055743566,,0.147623641,,0.085684831,,0.058061844,
0.091441762,,0.155618187,,0.053935237,,0.113258925,
0.033282629,,0.061617238,,0.07064352,,0.06935267,
0.073440531,,0.095573646,,0.039834293,,0.112509467,
0.020237064,,0.074183103,,0.065093253,,0.073462075,
0.074017441,,0.071259773,,0.07548503,,0.139754235,
0.066477462,,0.094530414,,0.097326489,,0.044551666,
0.104689216,,0.130586153,,0.041086519,,0.084666083,
0.02660928,,0.064860625,,0.04381937,,0.077169759,
0.032803782,,0.071113679,,0.076874797,,0.06918167,
0.102650274,,0.181485124,,0.092481342,,0.18207417,
0.055454723,,0.054225967,,0.104881805,,0.097510483,
0.037157494,,0.076643244,,0.043779297,,0.047014602,
0.04429322,,0.071251786,,0.068403668,,0.110076459,
0.037554744,,0.063910103,,0.065474146,,0.089346385,
0.08724099,,0.089506743,,0.09414548,,0.08125921,
0.105075925,,0.156603107,,0.053514383,,0.114371241,
0.103695404,,0.212030955,,0.117578051,,0.103950261,
0.06585984,,0.082776596,,0.075870854,,0.118784431,
0.075523218,,0.114631584,,0.081791771,,0.116042989,
0.04120028,,0.12483955,,0.040285584,,0.045470906,
0.08320556,,0.128724629,,0.043303739,,0.114096345,
0.024083333,,0.062492823,,0.064452373,,0.067482744,
0.127947214,,0.237366505,,0.071347731,,0.087928985,
0.043770166,,0.089067594,,0.088837711,,0.084835325,
0.053908771,,0.074309297,,0.050148735,,0.128417912,
0.059274551,,0.112900066,,0.080103687,,0.164699876,
0.054932964,,0.110384804,,0.034536431,,0.033923086,
0.124807843,,0.175415474,,0.069008441,,0.108522115,
0.05264898,,0.103658808,,0.030353227,,0.112433931,
0.082021418,,0.10089121,,0.140644424,,0.126122517,
0.022642187,,0.076151742,,0.064429683,,0.098200985,
0.030327739,,0.049942091,,0.05373309,,0.080631139,
0.03280345,,0.076313127,,0.045156123,,0.09245654,
0.060915845,,0.103997474,,0.099533066,,0.118280171,
0.091379995,,0.135379108,,0.105365475,,0.086881835,
0.07858655,,0.11582886,,0.083753925,,0.129150704,
0.042258427,,0.093491717,,0.080020236,,0.060305292,
0.092806581,,0.137380522,,0.052952063,,0.119299047,
0.026107777,,0.053661753,,0.057735164,,0.046062817,
0.08875994,,0.151324645,,0.042432471,,0.135706671,
0.020292259,,0.051787757,,0.045989604,,0.056606659,
0.036918723,,0.047168748,,0.110400036,,0.091759538,
0.05232512,,0.042696271,,0.098480411,,0.110775797,
0.050659534,,0.133354182,,0.068023745,,0.089094417,
0.099390791,,0.181084217,,0.091388475,,0.171928101,
0.043858011,,0.076555169,,0.073501656,,0.099957226,
0.017388106,,0.062390469,,0.030466849,,0.064609035,
0.108254257,,0.131094595,,0.138943375,,0.148104852,
0.046477214,,0.068450477,,0.077490364,,0.095382096,
0.049380063,,0.071581296,,0.04515169,,0.073273843,
0.06710307,,0.099172416,,0.045304215,,0.11420079,
0.070769514,,0.14763779,,0.112495015,,0.077942209,
0.093915329,,0.147850166,,0.033707637,,0.140719311,
0.056880484,,0.08872543,,0.035962651,,0.068470219,
0.08647646,,0.048885504,,0.121862809,,0.1882717,
0.066746742,,0.094790732,,0.061298562,,0.07309212,
0.088631145,,0.144174353,,0.034384448,,0.123888028,
0.072855681,,0.056160721,,0.101911662,,0.121468624,
0.051528338,,0.089514594,,0.086351148,,0.093710968,
0.036702782,,0.062850932,,0.093085266,,0.122734369,
0.06824162,,0.105686984,,0.034044435,,0.120284494,
0.061422506,,0.094343747,,0.060030261,,0.082209233,
0.068541759,,0.10969342,,0.027833721,,0.12174035,
0.067144384,,0.085423571,,0.086603778,,0.098982709,
0.084059223,,0.140726809,,0.031965332,,0.090912823,
0.056930193,,0.092149069,,0.064231915,,0.116843761,
0.028966324,,0.048021403,,0.077272645,,0.068886427,
0.056189221,,0.075041838,,0.092692122,,0.107721029,
0.079617948,,0.119822227,,0.115089761,,0.098629638,
0.027558507,,0.07677053,,0.063085426,,0.125315273,
0.12646599,,0.190294437,,0.091300638,,0.146019115,
0.096884134,,0.112722074,,0.084505068,,0.087333986,
0.069372983,,0.067724588,,0.117935611,,0.138273234,
0.06305511,,0.106645776,,0.048767133,,0.113519717,
0.040834473,,0.041725196,,0.089355435,,0.13713734,
0.058587076,,0.12451256,,0.04401644,,0.071057957,
0.065441878,,0.127736283,,0.018209857,,0.062236563,
0.095338795,,0.135222867,,0.052945085,,0.099583899,
0.105343116,,0.10900357,,0.078157928,,0.148300501,
0.123865787,,0.191673652,,0.084938349,,0.135843588,
0.059964778,,0.110921933,,0.035372233,,0.100598136,
0.120261378,,0.162018797,,0.099402844,,0.08648784,
0.175272452,,0.147470632,,0.141168986,,0.154169909,
0.113673395,,0.088377725,,0.101583263,,0.148256993,
0.029626636,,0.077953774,,0.02974426,,0.032748232,
0.046279813,,0.034623931,,0.049908315,,0.095991623,
0.029461768,,0.048972745,,0.085969931,,0.077878491,
0.041458154,,0.100420641,,0.028750058,,0.071716659,
0.05059545,,0.085936577,,0.118712291,,0.116405892,
0.093452881,,0.063127372,,0.097092414,,0.145031074,
0.055561006,,0.108747724,,0.09225166,,0.085289199,
0.084166119,,0.103349524,,0.072242807,,0.153569216,
0.103442782,,0.136062095,,0.082486337,,0.078802143,
0.048629985,,0.075191912,,0.093132754,,0.099418506,
0.184495373,,0.218085389,,0.169517573,,0.123403888,
0.118483473,,0.115429089,,0.136603916,,0.166095446,
0.058392388,,0.098077516,,0.04627773,,0.083219228,
0.034678359,,0.118495402,,0.044911232,,0.0834999,
0.023120224,,0.074864547,,0.04447407,,0.037311574,
0.061815979,,0.144038308,,0.108660222,,0.084108606,
0.089664255,,0.150911417,,0.076193949,,0.064917849,
0.110227371,,0.197293567,,0.075630311,,0.11127717,
0.053399717,,0.089455899,,0.084508684,,0.05631683,
0.051405934,,0.109659251,,0.064314293,,0.127444098,
0.07871516,,0.080200525,,0.088827619,,0.125836305,
0.069294446,,0.096912815,,0.092086449,,0.09041797,
0.061483484,,0.09695331,,0.021826461,,0.083714686,
0.124709196,,0.132145958,,0.181545639,,0.096591092,
0.083474025,,0.159808042,,0.03936625,,0.076943321,
0.11087899,,0.124628546,,0.078952519,,0.137943612,
0.051135023,,0.089445848,,0.042262661,,0.105150021,
0.040624043,,0.068054777,,0.06227234,,0.073534023,
0.046424657,,0.080265387,,0.08267479,,0.085715095,
0.094347693,,0.194163814,,0.103538298,,0.079121851,
0.051127742,,0.142782679,,0.091099187,,0.14419556,
0.051729046,,0.153374854,,0.089310257,,0.116729032,
0.0570888,,0.078663092,,0.074070187,,0.098827077,
0.125492509,,0.113730238,,0.114106273,,0.150912685,
0.065848237,,0.039214485,,0.084429249,,0.133133012,
0.177135617,,0.191429868,,0.128310794,,0.138234985,
0.025887085,,0.081496532,,0.056355607,,0.096334565,
0.043815277,,0.082613014,,0.066050354,,0.099297444,
0.101172911,,0.129513907,,0.064356017,,0.123862024,
0.090098649,,0.153073422,,0.022923331,,0.110350076,
0.039097146,,0.099152215,,0.026733238,,0.058832036,
0.040635665,,0.076365084,,0.075509446,,0.115765438,
0.054937575,,0.082506801,,0.059244509,,0.105803779,
0.073906071,,0.096879168,,0.097296605,,0.097423399,
0.104833534,,0.135052969,,0.08103037,,0.115114672,
0.044361,,0.121173909,,0.066992449,,0.06068974,
0.08397635,,0.134600959,,0.08756604,,0.037410207,
0.052051868,,0.055624475,,0.071655739,,0.099029843,
0.069129119,,0.088217027,,0.097574636,,0.14827255,
0.066308235,,0.081965886,,0.133195409,,0.084247696,
0.077919352,,0.139351312,,0.082145432,,0.069523232,
0.061583678,,0.109662408,,0.047772,,0.096114287,
0.042664524,,0.096579097,,0.047649803,,0.091399628,
0.071775377,,0.130379106,,0.07156032,,0.158422893,
0.043840447,,0.05656021,,0.066271273,,0.113290283,
0.056127452,,0.142516055,,0.04057291,,0.079739329,
0.043628701,,0.083133678,,0.057246157,,0.060983904,
0.105101024,,0.142926552,,0.04040261,,0.150057152,
0.095144033,,0.06672331,,0.100552308,,0.174543636,
0.056439594,,0.136093379,,0.075390504,,0.051462806,
0.091414165,,0.112655919,,0.073802122,,0.144646906,
0.034991491,,0.030017209,,0.060840611,,0.079824517,
0.035258523,,0.063086739,,0.039727037,,0.100562143,
0.064340625,,0.112734764,,0.079960688,,0.140453178,
0.052722707,,0.100813781,,0.032952561,,0.080243002,
0.222610076,,0.355635735,,0.178025081,,0.205040355,
0.063753021,,0.120250386,,0.04232586,,0.118753128,
0.133012676,,0.198243585,,0.099653792,,0.074671951,
0.036178324,,0.056186695,,0.04014745,,0.09756663,
0.06699596,,0.125973094,,0.053434813,,0.06858843,
0.050255654,,0.055358116,,0.080847821,,0.142739277,
0.081058256,,0.094405658,,0.071197597,,0.172171511,
0.087489554,,0.120334832,,0.039982704,,0.079304226,
0.061764948,,0.117855253,,0.063986954,,0.132416388,
0.063684177,,0.09777655,,0.023012185,,0.120712173,
0.050317519,,0.115867388,,0.054934532,,0.089015093,
0.008875855,,0.05755444,,0.037126204,,0.060688211,
0.026463977,,0.091800797,,0.027819734,,0.054158003,
0.110940298,,0.089149573,,0.06771736,,0.129966064,
0.088293826,,0.139945725,,0.047291481,,0.058140924,
0.050381722,,0.047623037,,0.0710141,,0.131989648,
0.06608147,,0.067093336,,0.062684595,,0.115682703,
0.086974391,,0.156556779,,0.0565462,,0.125008728,
0.042911571,,0.094609939,,0.043297175,,0.062003969,
0.067742529,,0.182635948,,0.068250542,,0.094230113,
0.042153206,,0.061476516,,0.059537877,,0.067118291,
0.05445436,,0.113892696,,0.064690775,,0.098296388,
0.035625658,,0.05351361,,0.09163365,,0.067537442,
0.061044652,,0.071503567,,0.068314253,,0.072925887,
0.082070826,,0.09082381,,0.107961091,,0.177945455,
0.110656966,,0.119963743,,0.083150177,,0.151244522,
0.045624514,,0.133602133,,0.065333771,,0.068672275,
0.085437819,,0.093295605,,0.065945311,,0.101630606,
0.061455909,,0.052634501,,0.126048299,,0.107549018,
0.030303246,,0.063224746,,0.033899511,,0.055950975,
0.062293025,,0.118453261,,0.038988305,,0.035077356,
0.237857557,,0.18191092,,0.25890765,,0.24313962,
0.065733643,,0.160521118,,0.106836636,,0.104874719,
0.091789893,,0.086014356,,0.16169053,,0.116513498,
0.035648033,,0.075320078,,0.042478554,,0.089103069,
0.032677323,,0.075817887,,0.08042385,,0.077136921,
0.05864765,,0.134929097,,0.089701261,,0.113685377,
0.066064456,,0.118979319,,0.072496549,,0.102838824,
0.039975425,,0.122727447,,0.108436124,,0.081078875,
0.051811483,,0.114913004,,0.050215089,,0.105743773,
0.052740787,,0.111842654,,0.030022588,,0.07336854,
0.047760336,,0.096510868,,0.060626519,,0.084579041,
0.07641342,,0.145810969,,0.047734698,,0.109463952,
0.058593608,,0.115582263,,0.102421444,,0.09008726,
0.044778368,,0.113154007,,0.031415938,,0.046894554,
0.114547247,,0.153873188,,0.090779807,,0.145767311,
0.093919199,,0.171574211,,0.04821333,,0.187503377,
0.132529211,,0.19677744,,0.078697569,,0.116306621,
0.059542005,,0.123309789,,0.025522178,,0.086558987,
0.057397939,,0.130916382,,0.055543509,,0.135713602,
0.121509001,,0.121440936,,0.084598815,,0.12005401,
0.093300827,,0.108514804,,0.161343861,,0.218729624,
0.066744943,,0.097570449,,0.067106406,,0.072584594,
0.120213354,,0.158308189,,0.14365583,,0.145561838,
0.068824532,,0.103725751,,0.035004316,,0.154971651,
0.056256867,,0.086019578,,0.084916226,,0.13817257,
0.07829685,,0.132644157,,0.06004798,,0.167647397,
0.046678256,,0.079070651,,0.036751906,,0.065821639,
0.141546103,,0.122047083,,0.158399582,,0.15300315,
0.042376923,,0.145352376,,0.053635615,,0.103790603,
0.046254124,,0.119663997,,0.11313914,,0.115050865,
0.030321282,,0.078996162,,0.052794822,,0.069195823,
0.140054289,,0.166897998,,0.151332122,,0.177054961,
0.037096725,,0.082760374,,0.03334705,,0.051054633,
0.116890278,,0.197392923,,0.059943411,,0.144349436,
0.068364428,,0.091676504,,0.102218181,,0.095246673,
0.049009177,,0.093304198,,0.035218689,,0.096659927,
0.048700745,,0.136918559,,0.032340244,,0.07650705,
0.059542612,,0.105348872,,0.060435538,,0.062849685,
0.015498829,,0.058071841,,0.033982425,,0.046498199,
0.08840815,,0.068426826,,0.114819735,,0.145729533,
0.141742216,,0.211106484,,0.113445553,,0.162204419,
0.06229075,,0.086077942,,0.057800421,,0.053675908,
0.168779746,,0.292662172,,0.174575737,,0.189140303,
0.055669351,,0.141809202,,0.039919152,,0.102242661,
0.039418191,,0.093076943,,0.041728394,,0.063731426,
0.068089139,,0.089893659,,0.038452734,,0.107436471,
0.027620983,,0.113031079,,0.078885108,,0.073916142,
0.040341246,,0.079978475,,0.033065787,,0.045454954,
0.019912864,,0.051584987,,0.041123885,,0.052082593,
0.047002189,,0.101085209,,0.128435358,,0.11860235,
0.071989059,,0.104107807,,0.109316907,,0.075401107,
0.055568948,,0.068727634,,0.042077209,,0.089498938,
0.049448169,,0.113941546,,0.068319634,,0.095443939,
0.063608937,,0.091797663,,0.083730561,,0.18475603,
0.051911366,,0.137247173,,0.098815718,,0.091258708,
0.059775407,,0.173631901,,0.070634853,,0.108375898,
0.050973681,,0.068125781,,0.064500124,,0.083514417,
0.045211316,,0.070791442,,0.115493871,,0.143066524,
0.077683112,,0.100272183,,0.138160824,,0.10358618,
0.096749064,,0.14756983,,0.091183768,,0.1135205,
0.129573112,,0.215135819,,0.109872339,,0.120022026,
0.118033965,,0.15442508,,0.08225151,,0.086791559,
0.056125578,,0.128116197,,0.055334674,,0.08937619,
0.084549732,,0.07298045,,0.094369946,,0.137381339,
0.070407278,,0.094343321,,0.022728497,,0.089045513,
0.04217931,,0.049610761,,0.057170549,,0.0739212,
0.058340185,,0.079572788,,0.06422217,,0.087034681,
0.05959621,,0.097001079,,0.067085387,,0.091745956,
0.122220962,,0.193873554,,0.105686718,,0.13785737,
0.046985475,,0.069218655,,0.05787022,,0.040070699,
0.057057384,,0.064295839,,0.046520322,,0.086934868,
0.0428279,,0.083356269,,0.064062977,,0.077149193,
0.041391601,,0.075695627,,0.04471553,,0.070715098,
0.038184004,,0.08597008,,0.051149705,,0.107035964,
0.070972018,,0.126878289,,0.03050518,,0.129848869,
0.036313314,,0.059343562,,0.095282241,,0.092299369,
0.148358998,,0.175790662,,0.113389382,,0.113383495,
0.057835638,,0.153480119,,0.046535593,,0.075511661,
0.042170708,,0.08990071,,0.05966981,,0.105948229,
0.081079496,,0.163064951,,0.037164398,,0.155201521,
0.085421879,,0.142990624,,0.126196792,,0.177654239,
0.055728344,,0.10540235,,0.073930715,,0.048718785,
0.083955232,,0.136509245,,0.090620796,,0.101917851,
0.064724433,,0.143969206,,0.028928385,,0.057017895,
0.038704963,,0.044831293,,0.088121426,,0.106519442,
0.06599446,,0.167840859,,0.085214769,,0.094368133,
0.084725839,,0.079605628,,0.076238436,,0.183417791,
0.059104017,,0.09596281,,0.057023379,,0.068962152,
0.075258092,,0.130857868,,0.044041395,,0.064672096,
0.05379133,,0.063402832,,0.050687364,,0.103419028,
0.118866071,,0.15829624,,0.076840867,,0.131590488,
0.063993648,,0.0853715,,0.058352645,,0.095021218,
0.046707254,,0.100740785,,0.072497081,,0.055854826,
0.066146089,,0.165390265,,0.04462674,,0.060285821,
0.03235691,,0.071307119,,0.042101944,,0.043513251,
0.054979377,,0.106063808,,0.049423766,,0.092150094,
0.061582954,,0.132458526,,0.092526943,,0.062362171,
0.040237114,,0.064767928,,0.073081082,,0.11312703,
0.045984751,,0.11504526,,0.016702805,,0.078615353,
0.049342199,,0.047422046,,0.087127036,,0.103392388,
0.047527821,,0.0820037,,0.065806464,,0.075460349,
0.049516673,,0.047196642,,0.076617659,,0.136496084,
0.102673983,,0.21374553,,0.079812801,,0.115003986,
0.040746672,,0.105009586,,0.069618423,,0.122574049,
0.056183908,,0.149071104,,0.044150175,,0.080041488,
0.285986373,,0.377534857,,0.225162008,,0.29363441,
0.045463695,,0.092474094,,0.041765984,,0.040305934,
0.092973251,,0.116224683,,0.098761173,,0.099074247,
0.085679967,,0.087113375,,0.098410779,,0.104828282,
0.072578164,,0.084080567,,0.098271356,,0.077114043,
0.087385071,,0.09549013,,0.103141926,,0.113227949,
0.063894951,,0.066823236,,0.123341285,,0.050847116,
0.03852793,,0.086686819,,0.057566293,,0.090055467,
0.056367089,,0.055149597,,0.098590731,,0.108184888,
0.058775588,,0.136890695,,0.058863502,,0.079016048,
0.051844903,,0.109986231,,0.099741924,,0.134522047,
0.054081367,,0.075967241,,0.082775239,,0.101540395,
0.080859221,,0.162415365,,0.02344067,,0.098831364,
0.047560146,,0.070620723,,0.094292751,,0.124647868,
0.038146015,,0.134816709,,0.027113745,,0.061875323,
0.074549537,,0.115120391,,0.051487321,,0.125256513,
0.085431129,,0.182855634,,0.109441006,,0.10228583,
0.112600392,,0.162783001,,0.186944049,,0.164697933,
0.079035507,,0.132199672,,0.031592002,,0.101161278,
0.063055785,,0.11121027,,0.091686511,,0.110998783,
0.087830431,,0.124668724,,0.045111289,,0.13498622,
0.075972012,,0.088208475,,0.081677177,,0.168178805,
0.082772641,,0.100707932,,0.079370871,,0.104180653,
0.044035444,,0.05719298,,0.073102714,,0.087163269,
0.030021508,,0.067469371,,0.057385627,,0.128933132,
0.037268521,,0.072319491,,0.059472027,,0.12278012,
0.042254056,,0.070709401,,0.063880237,,0.078951334,
0.069775567,,0.118639714,,0.087835177,,0.040747573,
0.092391803,,0.105403277,,0.151430653,,0.147602686,
0.080036705,,0.122721839,,0.105417645,,0.137775508,
0.059392437,,0.112011698,,0.099391684,,0.044199873,