ID,group,group2,mid_assimilated,mid_whole,sst_assimilated,sst_whole
829055,HC,HC,0.865467574,0.363427432,0.904921867,0.426479383
2190836,HC,HC,0.903995712,0.444326271,0.907746327,0.560046576
2270310,HC,HC,0.902535846,0.363383589,0.924907954,0.610218496
2904393,HC,HC,0.902980342,0.366063132,0.912941669,0.431094894
3287674,HC,HC,0.903422393,0.320904732,0.901051201,0.408829864
4631192,HC,HC,0.885268731,0.296211923,0.893618933,0.313048212
5432841,HC,HC,0.902621348,0.466896921,0.915326993,0.406358718
5978534,HC,HC,0.898224425,0.377926975,0.897435535,0.35616677
6314205,HC,HC,0.903856885,0.446877255,0.897181944,0.430784714
6502630,HC,HC,0.889267673,0.459812204,0.90441443,0.445867572
7127936,HC,HC,0.894844468,0.423379562,0.924532744,0.578550228
7764421,HC,HC,0.901394589,0.40245151,0.914906916,0.460385523
8043474,HC,HC,0.88124895,0.20775594,0.911236828,0.559839536
12029891,HC,HC,0.876169444,0.3882593,0.89429901,0.40868768
14850118,HC,HC,0.903012179,0.335907335,0.928198842,0.514888822
16708319,HC,HC,0.919656006,0.579799626,0.913277789,0.55611383
18904077,HC,HC,0.904219044,0.416413737,0.907640804,0.325128865
18952353,HC,HC,0.90205407,0.276783082,0.902295904,0.36742397
19031295,HC,HC,0.912997345,0.501100277,0.93407784,0.466718199
19316057,HC,HC,0.907082019,0.415933936,0.910603248,0.506989554
20051604,HC,HC,0.912444041,0.240176972,0.924011904,0.518857641
20830744,HC,HC,0.893863044,0.384379038,0.903972737,0.377329807
21053574,HC,HC,0.899846852,0.373766053,0.896075887,0.375832932
22084493,HC,HC,0.903684972,0.448775369,0.920106311,0.465995767
23343892,HC,HC,0.884121417,0.351312738,0.917629869,0.480578778
24115048,HC,HC,0.892087471,0.359054297,0.923125875,0.60792312
25000478,HC,HC,0.903045624,0.361050442,0.905610348,0.497760968
25821028,HC,HC,0.904249468,0.4768374,0.902921954,0.447382778
27363295,HC,HC,0.913267794,0.262290711,0.928624799,0.539811237
28113492,HC,HC,0.912599992,0.570234434,0.911606525,0.455500303
28264513,HC,HC,0.893405872,0.350721074,0.866700618,0.372222512
30151696,HC,HC,0.895333604,0.412420175,0.910596007,0.455760454
30649663,HC,HC,0.888141173,0.38993658,0.905649298,0.384671766
32581973,HC,HC,0.93351564,0.424923094,0.936430148,0.637594799
34458922,HC,HC,0.89423477,0.324560889,0.893735377,0.409972162
36383037,HC,HC,0.872064345,0.301144539,0.88449875,0.335881518
37280746,HC,HC,0.883622028,0.404332569,0.907182107,0.331540327
37805580,HC,HC,0.906524142,0.434820331,0.941078809,0.504987639
38072766,HC,HC,0.899462135,0.384487775,0.914463839,0.482279156
38666520,HC,HC,0.906596085,0.492102773,0.924811878,0.586150125
39453204,HC,HC,0.898534105,0.325097815,0.906465068,0.454169086
39583981,HC,HC,0.902595146,0.382492911,0.918115984,0.086838494
40201562,HC,HC,0.933710323,0.477959884,0.950684044,0.766129039
41213271,HC,HC,0.918840773,0.451506609,0.91169944,0.455455904
41548748,HC,HC,0.931795936,0.46341255,0.930039737,0.555511542
42449851,HC,HC,0.878361557,0.363146959,0.902884299,0.449234291
43525440,HC,HC,0.912898565,0.408644282,0.927420312,0.619728158
44576096,HC,HC,0.915750676,0.482708853,0.931640953,0.495970498
48054415,HC,HC,0.890090933,0.405596773,0.928327298,0.565831201
51076110,HC,HC,0.911974742,0.458573743,0.918053266,0.495544032
51649816,HC,HC,0.906184203,0.342941665,0.897526766,0.376482074
52071148,HC,HC,0.906396872,0.347079759,0.921710118,0.565299329
54633971,HC,HC,0.904810872,0.369880304,0.906771913,0.451139627
55417875,HC,HC,0.8814941,0.291399668,0.897876858,0.438348679
55499880,HC,HC,0.907111724,0.40458999,0.929649321,0.388801456
55836894,HC,HC,0.901383974,0.34741124,0.924808045,0.50053824
57172435,HC,HC,0.907489029,0.364043459,0.898822991,0.419997757
57930100,HC,HC,0.908405853,0.402770716,0.90486854,0.434646136
59057693,HC,HC,0.902186238,0.400812134,0.908316826,0.44067363
59343528,HC,HC,0.929652582,0.492313474,0.935038982,0.604311653
60184938,HC,HC,0.913179026,0.471886092,0.921631331,0.435653621
60186708,HC,HC,0.893329698,0.367563865,0.904390417,0.425341293
60334165,HC,HC,0.875850075,0.418573808,0.890766391,0.304973037
60530234,HC,HC,0.921248698,0.512541826,0.924909929,0.548566454
61581707,HC,HC,0.9151012,0.480366436,0.861307448,0.400831702
63218063,HC,HC,0.905318535,0.357056925,0.886229584,0.348282057
64043761,HC,HC,0.892132571,0.331945589,0.909190664,0.394240527
64082948,HC,HC,0.911893616,0.507373373,0.905413065,0.447301061
64309040,HC,HC,0.917605994,0.462954965,0.926580955,0.663692285
112917188,Patient,AUD,0.871382089,0.369281061,0.88790312,0.449095446
115212275,Patient,AUD,0.873605497,0.320030205,0.909396761,0.461441534
121801833,Patient,AUD,0.902321689,0.607171767,0.877045945,0.365999681
122083369,Patient,AUD,0.913128653,0.436230365,0.91091827,0.233446462
125524260,Patient,AUD,0.895619095,0.4142845,0.90885381,0.375998146
135672596,Patient,AUD,0.887873333,0.316667073,0.912477518,0.394210355
136348275,Patient,AUD,0.918389807,0.539369458,0.920006083,0.529655311
146061521,Patient,AUD,0.901583522,0.358161213,0.920778611,0.469965583
148952494,Patient,AUD,0.905375809,0.425665104,0.933760878,0.492014264
154704064,Patient,AUD,0.900526734,0.36127065,0.926292977,0.473334055
155190506,Patient,AUD,0.898186758,0.416581237,0.901590855,0.352556115
162354840,Patient,AUD,0.901898608,0.471512957,0.897676123,0.412423558
163186746,Patient,AUD,0.901500029,0.373730377,0.902115596,0.381757704
164874291,Patient,AUD,0.891553048,0.376695847,0.902343107,0.343503802
165959237,Patient,AUD,0.900107332,0.376380017,0.905749699,0.335676308
166274725,Patient,AUD,0.900544342,0.333128209,0.776425484,0.237091982
177896969,Patient,AUD,0.913247136,0.383424713,0.919001636,0.465131955
178045655,Patient,AUD,0.909031069,0.409250238,0.903956048,0.254643655
178282579,Patient,AUD,0.878106819,0.388106606,0.921733019,0.454145214
182136619,Patient,AUD,0.902874793,0.385054263,0.920288192,0.528324149
183762098,Patient,AUD,0.895586784,0.350446536,0.923456723,0.513347324
184059377,Patient,AUD,0.880579806,0.349604581,0.905922143,0.346081779
188448101,Patient,AUD,0.901920404,0.475417308,0.914614844,0.460509413
191996808,Patient,AUD,0.897513773,0.349917505,0.915966852,0.423130199
195145348,Patient,AUD,0.878854661,0.303532638,0.912034329,0.385766191
195166026,Patient,AUD,0.889543656,0.345933635,0.912373449,0.384264107
112517217,Patient,AUD,0.902882346,0.462205746,0.914104292,0.448074456
113237194,Patient,AUD,0.875889996,0.310482833,0.906032441,0.28194749
124782577,Patient,AUD,0.900960551,0.357162829,0.912882376,0.428872477
125339679,Patient,AUD,0.917016221,0.380186201,0.921110865,0.481766074
136295480,Patient,AUD,0.878385983,0.379807836,0.905954583,0.366740702
138390224,Patient,AUD,0.930269519,0.579338771,0.870845958,0.330160429
143669176,Patient,AUD,0.892558018,0.390603746,0.90557959,0.35070124
150237087,Patient,AUD,0.894621263,0.425298653,0.90069102,0.410178038
150299361,Patient,AUD,0.900275334,0.430119296,0.922583508,0.54351932
151408587,Patient,AUD,0.879904997,0.34703892,0.918674567,0.400090624
152769231,Patient,AUD,0.901295676,0.393329548,0.909087238,0.453807268
152958814,Patient,AUD,0.888565819,0.338302378,0.914981276,0.444214028
157691935,Patient,AUD,0.89486178,0.487856085,0.907227581,0.417377301
161239003,Patient,AUD,0.904817667,0.317313069,0.923907197,0.366003735
162353055,Patient,AUD,0.914411783,0.410143834,0.943756697,0.467267766
164064591,Patient,AUD,0.901248085,0.366341079,0.926360273,0.467994825
166471280,Patient,AUD,0.902120938,0.457429459,0.921969217,0.52629921
171674018,Patient,AUD,0.875087063,0.308269586,0.892201502,0.358012569
175029071,Patient,AUD,0.886143185,0.45263418,0.914529882,0.17632411
176214110,Patient,AUD,0.899464086,0.276140583,0.910513249,0.411217411
176617846,Patient,AUD,0.896874056,0.501469664,0.900505375,0.386228443
177344780,Patient,AUD,0.895679869,0.433127816,0.903984992,0.387075338
177688664,Patient,AUD,0.91500128,0.360991666,0.910537144,0.232164097
178684006,Patient,AUD,0.888780529,0.300095965,0.842441879,0.264562093
178998455,Patient,AUD,0.906265602,0.401485317,0.9307701,0.443634464
181526703,Patient,AUD,0.902558601,0.363962919,0.916511623,0.494333306
183176019,Patient,AUD,0.900275862,0.419176352,0.917069171,0.412080951
186213995,Patient,AUD,0.884010557,0.383583212,0.908876528,0.351371312
190042837,Patient,AUD,0.885526721,0.444104976,0.921181621,0.327792897
191170875,Patient,AUD,0.903951579,0.359527548,0.927530331,0.557647624
195629783,Patient,AUD,0.913183571,0.394895427,0.922162399,0.231045171
197382673,Patient,AUD,0.915888267,0.541991458,0.933423457,0.360071753
111086310,Patient,MDD,0.904028189,0.393041563,0.902995233,0.238144828
111096801,Patient,MDD,0.919403167,0.51924963,0.922560678,0.4338533
111844771,Patient,MDD,0.881578019,0.352526135,0.912478684,0.396219299
112957066,Patient,MDD,0.908081396,0.386153072,0.934262311,0.544309833
118382279,Patient,MDD,0.894602936,0.403970482,0.88454742,0.394233776
130293488,Patient,MDD,0.90421772,0.455533828,0.924677285,0.183145189
135736530,Patient,MDD,0.907985018,0.385125004,0.922571975,0.520373337
141831212,Patient,MDD,0.901876404,0.386626921,0.913707462,0.348332548
144964754,Patient,MDD,0.894140766,0.347343407,0.895565604,0.342537808
147701848,Patient,MDD,0.895786439,0.366959648,0.885813543,0.347196418
148868119,Patient,MDD,0.897843221,0.337777385,0.903150952,0.290899801
150038288,Patient,MDD,0.872841738,0.288466951,0.909787775,0.369112176
153450897,Patient,MDD,0.907602751,0.400829671,0.90236265,0.324875399
155379621,Patient,MDD,0.873661783,0.22073418,0.897365656,0.351260039
156021841,Patient,MDD,0.907826001,0.403175383,0.909958648,0.438267035
157312444,Patient,MDD,0.878878413,0.374116789,0.909566806,0.382943045
164824205,Patient,MDD,0.894179851,0.400708872,0.899518743,0.392671758
166386545,Patient,MDD,0.912602548,0.472921643,0.939964951,0.523238028
166741227,Patient,MDD,0.925421984,0.394879242,0.919778179,0.307765111
166922849,Patient,MDD,0.868191233,0.400451373,0.90008748,0.37032316
168370463,Patient,MDD,0.920133405,0.449949116,0.946238341,0.352376974
172442389,Patient,MDD,0.904939582,0.448613905,0.906314628,0.319530896
183475605,Patient,MDD,0.898926103,0.399002476,0.886009177,0.197320497
186940717,Patient,MDD,0.904660286,0.494059807,0.901098996,0.358886007
195135326,Patient,MDD,0.887871635,0.370647545,0.907663266,0.406077283
198118454,Patient,MDD,0.883133986,0.348958988,0.916681729,0.4022593
110841481,Patient,MDD,0.916288203,0.499681517,0.923735612,0.447214266
110937433,Patient,MDD,0.91298625,0.437014247,0.900647164,0.334214315
112091464,Patient,MDD,0.883133557,0.334474142,0.908577221,0.459949544
113174215,Patient,MDD,0.90976846,0.468985189,0.912689925,0.363464382
113387068,Patient,MDD,0.895853432,0.357179896,0.910660693,0.409007374
114552708,Patient,MDD,0.895659782,0.453210541,0.909647122,0.372129585
117385823,Patient,MDD,0.901144514,0.361198652,0.929679594,0.483793438
122408481,Patient,MDD,0.894390323,0.273858104,0.898428298,0.285706707
123660597,Patient,MDD,0.899904557,0.426427961,0.914998897,0.370316653
123930959,Patient,MDD,0.889236618,0.339323827,0.901339477,0.347314786
125237313,Patient,MDD,0.89949514,0.48884328,0.907412997,0.229847007
130597088,Patient,MDD,0.932338087,0.564971596,0.91825732,0.452034328
134330542,Patient,MDD,0.928089856,0.497298931,0.920422485,0.473178899
135517362,Patient,MDD,0.902714767,0.410106027,0.87655931,0.238468846
136981533,Patient,MDD,0.870799717,0.357624259,0.910021993,0.387132486
137280633,Patient,MDD,0.908426824,0.318160568,0.908057473,0.352969813
140267022,Patient,MDD,0.907613294,0.514811834,0.912782901,0.444162128
141253295,Patient,MDD,0.897904617,0.383164068,0.918522272,0.418615775
141542924,Patient,MDD,0.899961311,0.34476621,0.907419204,0.332039536
142392893,Patient,MDD,0.881977567,0.378425372,0.906308053,0.425690439
144855245,Patient,MDD,0.898074658,0.408439742,0.923325004,0.462701247
146042158,Patient,MDD,0.911868543,0.518561318,0.911169787,0.441978034
146906985,Patient,MDD,0.894311083,0.353701129,0.899470993,0.269068583
149709982,Patient,MDD,0.897902904,0.473456128,0.903661674,0.409574635
154461990,Patient,MDD,0.896391711,0.392372317,0.89568234,0.346361257
157655614,Patient,MDD,0.882690347,0.368974848,0.912676189,0.397525443
159066706,Patient,MDD,0.923092848,0.51039235,0.918119444,0.407235414
160259456,Patient,MDD,0.895457686,0.376694762,0.909692129,0.335864534
165288521,Patient,MDD,0.891277964,0.366113189,0.901872153,0.358352686
165369327,Patient,MDD,0.898843974,0.39078919,0.921701385,0.525882372
166338974,Patient,MDD,0.908470613,0.416685577,0.919038055,0.492318004
168641000,Patient,MDD,0.894346333,0.231304817,0.918603477,0.496503906
169786920,Patient,MDD,0.884991891,0.452337007,0.892013627,0.315051484
171526079,Patient,MDD,0.869953588,0.306043317,0.890867327,0.361383949
171990823,Patient,MDD,0.901946202,0.3221834,0.901626504,0.369695057
172283288,Patient,MDD,0.901201177,0.374830331,0.914916053,0.380755651
174433203,Patient,MDD,0.900109408,0.337289456,0.88912094,0.277871725
174603925,Patient,MDD,0.901619552,0.459628559,0.903231081,0.404506965
175924853,Patient,MDD,0.886753058,0.4091982,0.904771015,0.409997461
177528314,Patient,MDD,0.901503099,0.416192161,0.898365129,0.352386683
187495574,Patient,MDD,0.928943396,0.451299804,0.921231993,0.474612253
188764715,Patient,MDD,0.906865805,0.359806569,0.906938582,0.369135923
193109536,Patient,MDD,0.883165413,0.351006459,0.916648809,0.417884314
195112416,Patient,MDD,0.917572202,0.330323565,0.923334087,0.572241052
195966822,Patient,MDD,0.892952738,0.335725768,0.881009914,0.289447885
199436480,Patient,MDD,0.901142475,0.400541663,0.915695385,0.41435913
458976,High-symptom,High-symptom,0.892923163,0.27803208,0.911277244,0.410977964
1647364,High-symptom,High-symptom,0.908244423,0.345840951,0.91260811,0.433794356
2695459,High-symptom,High-symptom,0.920881271,0.458543154,0.924607927,0.641338137
4254555,High-symptom,High-symptom,0.911954934,0.518732371,0.91034941,0.367348619
4794212,High-symptom,High-symptom,0.893496338,0.36709694,0.897689908,0.383243438
4885471,High-symptom,High-symptom,0.890675684,0.418647644,0.916766528,0.562205922
5182386,High-symptom,High-symptom,0.90309582,0.462478102,0.912503015,0.508731869
5901115,High-symptom,High-symptom,0.915613989,0.391759428,0.921171891,0.59918195
6000160,High-symptom,High-symptom,0.913918776,0.46296489,0.909769713,0.269704965
7478069,High-symptom,High-symptom,0.911043915,0.465107559,0.913534472,0.455759177
10058298,High-symptom,High-symptom,0.907049756,0.34659698,0.877414846,0.268402673
10121092,High-symptom,High-symptom,0.902924215,0.395793276,0.90867768,0.456760579
11922061,High-symptom,High-symptom,0.870434021,0.188552181,0.916774395,0.569603317
13471924,High-symptom,High-symptom,0.903217068,0.312257647,0.911115499,0.501525652
14759699,High-symptom,High-symptom,0.908287326,0.474549428,0.934055617,0.601770681
14783858,High-symptom,High-symptom,0.898935116,0.37812887,0.918386671,0.550211158
14893890,High-symptom,High-symptom,0.907756964,0.434158348,0.910643856,0.393103075
15059321,High-symptom,High-symptom,0.907219468,0.505060237,0.908294736,0.481300918
16190159,High-symptom,High-symptom,0.910725124,0.374213369,0.919705032,0.385051602
16275727,High-symptom,High-symptom,0.88012966,0.296144875,0.920147575,0.511262139
17213220,High-symptom,High-symptom,0.896219875,0.430096002,0.911121439,0.365381475
17696979,High-symptom,High-symptom,0.899382769,0.3344666,0.934398161,0.605701293
18455372,High-symptom,High-symptom,0.916634941,0.474901161,0.91555801,0.487092154
18801650,High-symptom,High-symptom,0.892401137,0.366745902,0.909296788,0.487639741
19432693,High-symptom,High-symptom,0.891383576,0.359358612,0.912622224,0.395345205
21313420,High-symptom,High-symptom,0.909488668,0.488123226,0.905996719,0.368804822
24495953,High-symptom,High-symptom,0.859340154,0.308224276,0.898232026,0.375444118
25067315,High-symptom,High-symptom,0.893004165,0.330837997,0.915520352,0.419318219
25356336,High-symptom,High-symptom,0.894520214,0.347398198,0.926332502,0.466974378
25517914,High-symptom,High-symptom,0.904526635,0.325599891,0.910541986,0.498900325
26901488,High-symptom,High-symptom,0.906690288,0.414630062,0.909504859,0.489811281
27578624,High-symptom,High-symptom,0.906948581,0.393651787,0.91621166,0.434757474
29658673,High-symptom,High-symptom,0.905132343,0.354060527,0.912868193,0.541258644
29751086,High-symptom,High-symptom,0.896214629,0.291479156,0.90677392,0.338751293
29871328,High-symptom,High-symptom,0.879216415,0.349289942,0.876239206,0.339177547
30276332,High-symptom,High-symptom,0.894325448,0.384844047,0.919219429,0.519105651
30779144,High-symptom,High-symptom,0.883257333,0.351779953,0.889822024,0.392543055
31070544,High-symptom,High-symptom,0.89021229,0.397665528,0.905937384,0.384616106
31171219,High-symptom,High-symptom,0.916156091,0.52138662,0.927124485,0.572439559
31825112,High-symptom,High-symptom,0.890131223,0.367649092,0.911114122,0.402324431
31851798,High-symptom,High-symptom,0.912477203,0.430466762,0.912062289,0.384572567
35704260,High-symptom,High-symptom,0.908177097,0.482689888,0.909493092,0.440326668
38521433,High-symptom,High-symptom,0.902415533,0.420315551,0.913162754,0.500110225
39776858,High-symptom,High-symptom,0.921828565,0.440787873,0.916297078,0.534734993
41383458,High-symptom,High-symptom,0.880431378,0.352798823,0.89255113,0.387929281
41429086,High-symptom,High-symptom,0.910910498,0.361367244,0.922907476,0.563292542
42823353,High-symptom,High-symptom,0.914486155,0.456374757,0.93019308,0.486032184
43720294,High-symptom,High-symptom,0.905363946,0.44046095,0.916826255,0.471878899
43926786,High-symptom,High-symptom,0.903143273,0.41121372,0.914256052,0.433099285
45544719,High-symptom,High-symptom,0.884460938,0.335778916,0.903905639,0.437969634
48028426,High-symptom,High-symptom,0.916912314,0.477924002,0.922711578,0.427298115
50395729,High-symptom,High-symptom,0.908185705,0.439857514,0.918154464,0.485065264
52801880,High-symptom,High-symptom,0.865370657,0.334529498,0.905185491,0.391713038
53120454,High-symptom,High-symptom,0.893856596,0.344469403,0.89994604,0.455841932
54741718,High-symptom,High-symptom,0.88110017,0.299057187,0.91158441,0.510224462
55619168,High-symptom,High-symptom,0.902944811,0.445680553,0.900918613,0.347072306
56819618,High-symptom,High-symptom,0.893958866,0.317391362,0.935836388,0.603099086
57348284,High-symptom,High-symptom,0.867749773,0.286887585,0.916917106,0.473474266
57968987,High-symptom,High-symptom,0.898276372,0.455663287,0.905989983,0.417015814
60281382,High-symptom,High-symptom,0.890379781,0.346604796,0.908241775,0.407293466
61756624,High-symptom,High-symptom,0.912558143,0.507830131,0.858334014,0.352970248
63213959,High-symptom,High-symptom,0.901067048,0.402174147,0.918363745,0.492762373
63989137,High-symptom,High-symptom,0.901208804,0.520580581,0.904573214,0.384000962
65620046,High-symptom,High-symptom,0.907441505,0.407094235,0.893500033,0.410480534
66092324,High-symptom,High-symptom,0.916167456,0.348767018,0.903096564,0.456899121
66847819,High-symptom,High-symptom,0.893581514,0.401961986,0.926854769,0.311494729
67342911,High-symptom,High-symptom,0.850441716,0.348159313,0.903677865,0.432336984
67844279,High-symptom,High-symptom,0.901483148,0.369314991,0.915193508,0.35417844
68000499,High-symptom,High-symptom,0.910714324,0.466805982,0.908455097,0.431166914
69159223,High-symptom,High-symptom,0.922696184,0.341409443,0.932239666,0.577107828
69366941,High-symptom,High-symptom,0.881867356,0.305730188,0.891460295,0.315905817
69973472,High-symptom,High-symptom,0.871795483,0.365201017,0.931860196,0.413934705
70910152,High-symptom,High-symptom,0.864026352,0.314352058,0.904011097,0.488129451
72155879,High-symptom,High-symptom,0.892437224,0.363682781,0.887312343,0.539399854
72358748,High-symptom,High-symptom,0.901773683,0.406675908,0.912701539,0.403063407
79630427,High-symptom,High-symptom,0.889995218,0.439856339,0.890164902,0.341195138
80301458,High-symptom,High-symptom,0.907155354,0.30642567,0.911271125,0.484924825
80461839,High-symptom,High-symptom,0.897429339,0.378430117,0.927657015,0.605961938
82149344,High-symptom,High-symptom,0.870676879,0.359432344,0.92592797,0.513878929
83490451,High-symptom,High-symptom,0.873413924,0.34044,0.910177823,0.46950344
84037702,High-symptom,High-symptom,0.87374995,0.28915802,0.920193962,0.408412188
84828767,High-symptom,High-symptom,0.913176757,0.472492766,0.920810018,0.40824514
90973178,High-symptom,High-symptom,0.898070205,0.365475754,0.908139269,0.382528297
92159995,High-symptom,High-symptom,0.929022112,0.458078134,0.935080219,0.564848276
92432902,High-symptom,High-symptom,0.891343068,0.376012265,0.903204632,0.391084633
92523261,High-symptom,High-symptom,0.86482788,0.363426416,0.908592367,0.486383376
94345446,High-symptom,High-symptom,0.912059467,0.415580424,0.911682266,0.451259182
94998851,High-symptom,High-symptom,0.896927445,0.420886013,0.867463693,0.36061948
97970921,High-symptom,High-symptom,0.887281244,0.329113141,0.916848324,0.414912435
