old_label,new_label,destination,first_cited_main_text_para
Fig. S6,Extended Data Fig. 1,Extended Data,75
Fig. S10,Extended Data Fig. 2,Extended Data,84
Fig. S11,Extended Data Fig. 3,Extended Data,85
Fig. S12,Extended Data Fig. 4,Extended Data,85
Fig. S14,Extended Data Fig. 5,Extended Data,89
Fig. S15,Extended Data Fig. 6,Extended Data,94
Fig. S17,Extended Data Fig. 7,Extended Data,98
Fig. S21,Extended Data Fig. 8,Extended Data,98
Fig. S22,Extended Data Fig. 9,Extended Data,98
Fig. S1,Fig. S1,Supplementary Information,67
Fig. S2,Fig. S2,Supplementary Information,68
Fig. S3,Fig. S3,Supplementary Information,69
Fig. S4,Fig. S4,Supplementary Information,71
Fig. S5,Fig. S5,Supplementary Information,72
Fig. S7,Fig. S6,Supplementary Information,80
Fig. S8,Fig. S7,Supplementary Information,82
Fig. S9,Fig. S8,Supplementary Information,83
Fig. S13,Fig. S9,Supplementary Information,88
Fig. S16,Fig. S10,Supplementary Information,98
Fig. S18,Fig. S11,Supplementary Information,98
Fig. S19,Fig. S12,Supplementary Information,98
Fig. S20,Fig. S13,Supplementary Information,98
Fig. S23,Fig. S14,Supplementary Information,Methods only
