panel,model,n,loo_r,P_permutation,R2,adj_R2,F,df1,df2,P_model
a,Covariates only,85,-0.1042,0.6293,0.0828,-0.0272,0.753,9,75,0.65973838155389
b,Age-19 symptoms,85,0.2329,0.0286,0.2379,0.1349,2.309,10,74,0.02008790123654003
c,12 simulated NP edges,85,0.3183,0.0088,0.4176,0.2234,2.151,21,63,0.010311972380360702
d,12 empirical NP edges,85,0.0879,0.2236,0.2951,0.0601,1.256,21,63,0.23994745035436005
e,Summed simulated NP,85,0.0452,0.2735,0.1428,0.027,1.233,10,74,0.28493177086550553
f,Summed empirical NP,85,0.2141,0.0372,0.2223,0.1172,2.115,10,74,0.03350371129775143
g,Summed simulated + summed empirical,85,0.2543,0.0258,0.2628,0.1517,2.366,11,73,0.014642920670903496
h,Symptoms + 12 simulated edges,85,0.4016,0.0008,0.4885,0.3069,2.691,22,62,0.0011869963268473511
i,Symptoms + 12 empirical edges,85,0.1868,0.082,0.3603,0.1333,1.587,22,62,0.07950479011859882
