map_index,map_file,label,receptor,np_mean,non_np_mean,diff,hedges_g,p_perm,q_fdr,p_perm_stored,q_fdr_stored,n_np,n_non_np,n_permutations,fdr_significant
1,5HT1a_cumi_hc8_beliveau.nii,5-HT1a · cumi · beliveau,5HT1a,15.757572451895452,11.365781652447865,4.391790799447589,0.5033969206229664,0.0092990700929907,0.038996100389961,0.0068993100689931,0.0307635903076359,32,236,10000,True
2,5HT1a_way_hc36_savli.nii,5-HT1a · way · savli,5HT1a,28.84987560520846,21.498677432888964,7.351198172319496,0.5209167251822441,0.0061993800619938,0.0302219778022197,0.0070992900709929,0.0307635903076359,32,236,10000,True
3,5HT1b_az_hc36_beliveau.nii,5-HT1b · az · beliveau,5HT1b,8.219757368771544,6.8067457017869435,1.413011666984601,0.3551541144248475,0.0558944105589441,0.1453254674532546,0.0617938206179382,0.1606639336066393,32,236,10000,False
4,5HT1b_p943_hc22_savli.nii,5-HT1b · p943 · savli,5HT1b,26.16270744950863,21.25631524901111,4.906392200497525,0.3404648197470751,0.0712928707129287,0.1737763723627637,0.0685931406859314,0.1671957804219578,32,236,10000,False
5,5HT1b_p943_hc65_gallezot.nii.gz,5-HT1b · p943 · gallezot,5HT1b,0.7584641299760541,0.601064426395064,0.1573997035809901,0.4113886852053106,0.0278972102789721,0.0906659334066593,0.0293970602939706,0.0955404459554044,32,236,10000,False
6,5HT2a_alt_hc19_savli.nii,5-HT2a · alt · savli,5HT2a,50.40004282625001,37.526675218126975,12.873367608123033,0.5428697500243241,0.0047995200479952,0.0302219778022197,0.0033996600339966,0.0307635903076359,32,236,10000,True
7,5HT2a_cimbi_hc29_beliveau.nii,5-HT2a · cimbi · beliveau,5HT2a,22.262390874684275,16.741120836290087,5.521270038394189,0.54388339994067,0.0048995100489951,0.0302219778022197,0.0048995100489951,0.0307635903076359,32,236,10000,True
8,5HT2a_mdl_hc3_talbot.nii.gz,5-HT2a · mdl · talbot,5HT2a,64.47879551950935,52.507787723800426,11.97100779570892,0.5547813222494711,0.0040995900409959,0.0302219778022197,0.003999600039996,0.0307635903076359,32,236,10000,True
9,5HT4_sb20_hc59_beliveau.nii,5-HT4 · sb20 · beliveau,5HT4,1.021374545524616,0.8783450060486264,0.1430295394759895,0.1805347443887467,0.3346665333466653,0.5220797920207979,0.3324667533246675,0.5186481351864813,32,236,10000,False
10,5HT6_gsk_hc30_radhakrishnan.nii.gz,5-HT6 · gsk · radhakrishnan,5HT6,0.399750322977372,0.2903334253394092,0.1094168976379628,0.4901973136787348,0.0114988501149885,0.0407686504076865,0.0101989801019898,0.0361600203616002,32,236,10000,True
11,5HTT_dasb_hc100_beliveau.nii,5-HTT · dasb · beliveau,5HTT,2.1164855981285906,2.7630807356861324,-0.6465951375575418,-0.2209132950639043,0.2414758524147585,0.4484551544845516,0.2424757524247575,0.4503121116459783,32,236,10000,False
12,5HTT_dasb_hc30_savli.nii,5-HTT · dasb · savli,5HTT,5.007525668871,6.5910872629252895,-1.5835615940542898,-0.1991854864633196,0.2937706229377062,0.4981327954161105,0.2893710628937106,0.4908422201258135,32,236,10000,False
13,5HTT_madam_hc10_fazio.nii,5-HTT · madam · fazio,5HTT,6.670329536488589,7.671838145492091,-1.0015086090035012,-0.1477212443893388,0.4380561943805619,0.5563862968541856,0.4411558844115588,0.5571410600875396,32,236,10000,False
14,A4B2_flubatine_hc30_hillmer.nii.gz,A4B2 · flubatine · hillmer,A4B2,9.949970126698105,10.516220803440373,-0.5662506767422695,-0.3041910892943001,0.1065893410658934,0.2309435723094357,0.1061893810618938,0.2300769923007699,32,236,10000,False
15,CB1_FMPEPd2_hc22_laurikainen.nii,CB1 · FMPEPd2 · laurikainen,CB1,8.60429355809105,7.564290385722043,1.0400031723690066,0.4895965172736593,0.00999900009999,0.038996100389961,0.008999100089991,0.0350964903509649,32,236,10000,True
16,CB1_omar_hc77_normandin.nii.gz,CB1 · omar · normandin,CB1,1.3085056741780543,1.2499895543893875,0.0585161197886667,0.3699605929803672,0.0524947505249475,0.1453254674532546,0.0500949905009499,0.1395503306812175,32,236,10000,False
17,D1_SCH23390_hc13_kaller.nii,D1 · SCH23390 · kaller,D1,13.123679079637808,11.326648449057435,1.7970306305803696,0.2018665984512932,0.283971602839716,0.4981327954161105,0.2894710528947105,0.4908422201258135,32,236,10000,False
18,D2_fallypride_hc49_jaworska.nii,D2 · fallypride · jaworska,D2,1.1375778804507128,1.2218228654184775,-0.0842449849677646,-0.0429660306918133,0.8306169383061693,0.8755151511875839,0.8304169583041696,0.8753043614557463,32,236,10000,False
19,D2_flb457_hc37_smith.nii.gz,D2 · flb457 · smith,D2,0.9130734647009464,0.8861790992059463,0.0268943654950001,0.023774710703172,0.9055094490550945,0.9055094490550945,0.9067093290670932,0.9067093290670932,32,236,10000,False
20,D2_flb457_hc55_sandiego.nii.gz,D2 · flb457 · sandiego,D2,1.2011560483227242,1.0779389493667335,0.1232170989559906,0.0987991533393634,0.6141385861413858,0.7044530841033543,0.6124387561243876,0.7025032790838563,32,236,10000,False
21,D2_raclopride_hc7_alakurtti.nii,D2 · raclopride · alakurtti,D2,18.514990658953952,18.335675086240222,0.1793155727137261,0.0272186338877846,0.8894110588941105,0.9055094490550945,0.8947105289471053,0.9067093290670932,32,236,10000,False
22,DAT_fepe2i_hc6_sasaki.nii.gz,DAT · fepe2i · sasaki,DAT,0.1120263937320949,0.177328437605503,-0.0653020438734081,-0.1417251221450836,0.4838516148385161,0.5718246357182464,0.493950604939506,0.5837598058375981,32,236,10000,False
23,DAT_fpcit_hc174_dukart_spect.nii,DAT · fpcit · spect,DAT,27.078943153176052,28.383298406745855,-1.3043552535698026,-0.1686255875133858,0.3711628837116288,0.5361241653612416,0.3678632136786321,0.5313579753135798,32,236,10000,False
24,FDOPA_fluorodopa_hc12_gomez.nii,FDOPA · fluorodopa · gomez,FDOPA,31.454565102475794,30.841784506008583,0.6127805964672106,0.0734423701904279,0.6959304069593041,0.7754653106117959,0.6871312868713129,0.765660576799463,32,236,10000,False
26,GABAa_flumazenil_hc6_dukart.nii,GABA-A · flumazenil · dukart,GABAa,58.6229908262962,52.46592451977998,6.157066306516221,0.3888763928322032,0.0425957404259574,0.1277872212778722,0.0401959804019598,0.1205879412058794,32,236,10000,False
25,GABAa-bz_flumazenil_hc16_norgaard.nii,GABA-A (bz) · flumazenil · norgaard,GABAa-bz,479.7523396321145,455.9705712262172,23.78176840589731,0.1739803249853993,0.3567643235676432,0.5351464853514649,0.3573642635736426,0.5313579753135798,32,236,10000,False
27,H3_cban_hc8_gallezot.nii.gz,H3 · cban · gallezot,H3,17.43486699569817,16.631422077223483,0.8034449184746855,0.1454879136510872,0.4394560543945605,0.5563862968541856,0.4398560143985601,0.5571410600875396,32,236,10000,False
28,M1_lsn_hc24_naganawa.nii.gz,M1 · lsn · naganawa,M1,3.607910064014693,2.714722305765877,0.8931877582488159,0.5660305281119975,0.0032996700329967,0.0302219778022197,0.0028997100289971,0.0307635903076359,32,236,10000,True
29,MU_carfentanil_hc204_kantonen.nii,MU · carfentanil · kantonen,MU,21.50529525990786,19.852740241065973,1.6525550188418876,0.1633305995086023,0.3886611338866113,0.541349436484923,0.3884611538846115,0.541070892910709,32,236,10000,False
30,MU_carfentanil_hc39_turtonen.nii,MU · carfentanil · turtonen,MU,1.0786421747566202,0.9765704670552956,0.1020717077013245,0.2748471363977635,0.1446855314468553,0.2969860908645977,0.1500849915008499,0.3080691930806919,32,236,10000,False
31,NAT_MRB_hc10_hesse.nii,NAT · MRB · hesse,NAT,10.762989724513966,10.3989280169448,0.3640617075691672,0.0654832893860806,0.7346265373462654,0.7958454154584541,0.7255274472552745,0.7859880678598806,32,236,10000,False
32,NAT_MRB_hc77_ding.nii.gz,NAT · MRB · ding,NAT,0.0051888312073094,-0.0142733553098251,0.0194621865171346,0.1851834507656706,0.323967603239676,0.5220797920207979,0.3314668533146685,0.5186481351864813,32,236,10000,False
33,NMDA_ge179_hc29_galovic.nii.gz,NMDA · ge179 · galovic,NMDA,6.352978307665277,6.232404935791495,0.1205733718737818,0.1394993245646419,0.466953304669533,0.5690993400659934,0.4595540445955404,0.5600814918508149,32,236,10000,False
34,VAChT_feobv_hc18_aghourian_sum.nii,VAChT · feobv · aghourian,VAChT,25.257737740675005,27.084698489041287,-1.8269607483662824,-0.148923629699169,0.4422557744225577,0.5563862968541856,0.4428557144285571,0.5571410600875396,32,236,10000,False
35,VAChT_feobv_hc4_tuominen.nii,VAChT · feobv · tuominen,VAChT,1.3918769279714618,1.549103262378198,-0.1572263344067361,-0.2364561823784404,0.2001799820017998,0.3903509649035097,0.2024797520247975,0.3948355164483551,32,236,10000,False
36,VAChT_feobv_hc5_bedard_sum.nii,VAChT · feobv · bedard,VAChT,6.2904425636714505,7.188744975595187,-0.8983024119237362,-0.2932570277779093,0.1046895310468953,0.2309435723094357,0.1053894610538946,0.2300769923007699,32,236,10000,False
37,mGluR5_abp_hc22_rosaneto.nii,mGluR5 · abp · rosaneto,mGluR5,3.35306550696894,2.97252206913622,0.3805434378327201,0.5374490357374127,0.0057994200579942,0.0302219778022197,0.0055994400559944,0.0307635903076359,32,236,10000,True
38,mGluR5_abp_hc28_dubois.nii,mGluR5 · abp · dubois,mGluR5,2.5811148673927393,2.2945387713543064,0.2865760960384329,0.5815425710149044,0.0034996500349965,0.0302219778022197,0.0017998200179982,0.0307635903076359,32,236,10000,True
39,mGluR5_abp_hc73_smart.nii,mGluR5 · abp · smart,mGluR5,0.7914753734833139,0.5850266495373735,0.2064487239459403,0.6133559554810007,0.0016998300169983,0.0302219778022197,0.0011998800119988,0.0307635903076359,32,236,10000,True
