task,thresh,n_act_any,recov_any,dice_any,n_act_mean,recov_mean,dice_mean
MID,0.0,183,0.8627450980392157,37.60683760683761,149,0.6274509803921569,32.0
MID,0.5,176,0.8235294117647058,37.00440528634361,140,0.6078431372549019,32.460732984293195
MID,1.0,163,0.803921568627451,38.3177570093458,133,0.5686274509803921,31.52173913043478
MID,1.5,154,0.7647058823529411,38.04878048780488,129,0.5686274509803921,32.22222222222222
MID,2.0,147,0.6862745098039216,35.35353535353536,122,0.5294117647058824,31.213872832369944
MID,2.5,140,0.6470588235294118,34.55497382198953,115,0.4509803921568627,27.710843373493976
MID,3.0,134,0.5882352941176471,32.432432432432435,113,0.4509803921568627,28.048780487804876
MID,3.5,127,0.5490196078431373,31.46067415730337,111,0.4509803921568627,28.395061728395063
MID,4.0,125,0.5294117647058824,30.681818181818183,106,0.4509803921568627,29.29936305732484
MID,4.5,123,0.4901960784313725,28.735632183908045,101,0.4117647058823529,27.63157894736842
MID,5.0,119,0.4705882352941176,28.235294117647054,96,0.4117647058823529,28.571428571428573
MID,5.5,115,0.4509803921568627,27.710843373493976,90,0.3725490196078431,26.95035460992908
MID,6.0,111,0.4313725490196078,27.160493827160497,87,0.3529411764705882,26.08695652173913
MID,6.5,107,0.4117647058823529,26.582278481012654,84,0.3333333333333333,25.185185185185187
MID,7.0,105,0.392156862745098,25.64102564102564,77,0.3333333333333333,26.5625
MID,7.5,97,0.392156862745098,27.027027027027028,76,0.3333333333333333,26.771653543307085
MID,8.0,93,0.3725490196078431,26.38888888888889,71,0.3333333333333333,27.868852459016395
MID,8.5,90,0.3529411764705882,25.53191489361702,68,0.3333333333333333,28.571428571428573
MID,9.0,88,0.3529411764705882,25.899280575539567,64,0.2745098039215686,24.347826086956523
MID,9.5,85,0.3529411764705882,26.470588235294116,62,0.2745098039215686,24.778761061946906
MID,10.0,77,0.3529411764705882,28.125,58,0.2549019607843137,23.853211009174313
MID,10.5,74,0.3333333333333333,27.2,52,0.196078431372549,19.41747572815534
MID,11.0,72,0.3137254901960784,26.016260162601625,46,0.1764705882352941,18.556701030927837
MID,11.5,71,0.2941176470588235,24.59016393442623,42,0.1568627450980392,17.204301075268816
MID,12.0,67,0.2352941176470588,20.338983050847457,35,0.1176470588235294,13.953488372093023
MID,12.5,63,0.2352941176470588,21.05263157894737,32,0.1176470588235294,14.457831325301203
MID,13.0,56,0.2352941176470588,22.429906542056074,30,0.0784313725490196,9.876543209876544
MID,13.5,50,0.1764705882352941,17.821782178217823,28,0.0784313725490196,10.126582278481012
MID,14.0,47,0.1568627450980392,16.3265306122449,24,0.0784313725490196,10.666666666666666
MID,14.5,43,0.1372549019607843,14.893617021276595,22,0.0784313725490196,10.95890410958904
MID,15.0,34,0.0980392156862745,11.764705882352942,19,0.0784313725490196,11.428571428571429
MID,15.5,33,0.0980392156862745,11.904761904761903,18,0.0784313725490196,11.594202898550725
MID,16.0,32,0.0980392156862745,12.048192771084338,17,0.0784313725490196,11.764705882352942
SST,0.0,108,0.6170212765957447,37.41935483870968,108,0.6170212765957447,37.41935483870968
SST,0.5,100,0.6170212765957447,39.45578231292517,100,0.6170212765957447,39.45578231292517
SST,1.0,91,0.574468085106383,39.130434782608695,91,0.574468085106383,39.130434782608695
SST,1.5,83,0.4468085106382978,32.30769230769231,83,0.4468085106382978,32.30769230769231
SST,2.0,79,0.425531914893617,31.746031746031747,79,0.425531914893617,31.746031746031747
SST,2.5,74,0.3617021276595745,28.09917355371901,74,0.3617021276595745,28.09917355371901
SST,3.0,68,0.3617021276595745,29.565217391304348,68,0.3617021276595745,29.565217391304348
SST,3.5,65,0.3404255319148936,28.571428571428573,65,0.3404255319148936,28.571428571428573
SST,4.0,59,0.2765957446808511,24.528301886792452,59,0.2765957446808511,24.528301886792452
SST,4.5,54,0.2340425531914893,21.782178217821784,54,0.2340425531914893,21.782178217821784
SST,5.0,51,0.2127659574468085,20.40816326530612,51,0.2127659574468085,20.40816326530612
SST,5.5,47,0.1276595744680851,12.76595744680851,47,0.1276595744680851,12.76595744680851
SST,6.0,43,0.0851063829787234,8.88888888888889,43,0.0851063829787234,8.88888888888889
SST,6.5,43,0.0851063829787234,8.88888888888889,43,0.0851063829787234,8.88888888888889
SST,7.0,38,0.0425531914893617,4.705882352941177,38,0.0425531914893617,4.705882352941177
SST,7.5,36,0.0212765957446808,2.4096385542168677,36,0.0212765957446808,2.4096385542168677
SST,8.0,35,0.0212765957446808,2.4390243902439024,35,0.0212765957446808,2.4390243902439024
SST,8.5,34,0.0212765957446808,2.4691358024691357,34,0.0212765957446808,2.4691358024691357
SST,9.0,29,0.0212765957446808,2.6315789473684212,29,0.0212765957446808,2.6315789473684212
SST,9.5,25,0.0,0.0,25,0.0,0.0
SST,10.0,19,0.0,0.0,19,0.0,0.0
SST,10.5,16,0.0,0.0,16,0.0,0.0
SST,11.0,15,0.0,0.0,15,0.0,0.0
SST,11.5,13,0.0,0.0,13,0.0,0.0
SST,12.0,12,0.0,0.0,12,0.0,0.0
SST,12.5,10,0.0,0.0,10,0.0,0.0
SST,13.0,8,0.0,0.0,8,0.0,0.0
SST,13.5,8,0.0,0.0,8,0.0,0.0
SST,14.0,8,0.0,0.0,8,0.0,0.0
SST,14.5,7,0.0,0.0,7,0.0,0.0
SST,15.0,6,0.0,0.0,6,0.0,0.0
SST,15.5,5,0.0,0.0,5,0.0,0.0
SST,16.0,4,0.0,0.0,4,0.0,0.0
