ID,Group,Diseased,Pos_NP,Neg_NP,NP factor,panel_group
240546,HC,HC,0.213148831,-2.057770044,-0.682351483,HC
737577,HC,HC,-1.29717186,-0.428057227,-0.745676016,HC
829055,HC,HC,-2.350996188,0.185854266,0.922796407,HC
2190836,HC,HC,-0.821738393,2.030767926,0.236914954,HC
2270310,HC,HC,-2.481457999,0.767451467,1.048705987,HC
2296749,HC,HC,0.003835113,-0.757044891,0.134518657,HC
2904393,HC,HC,-0.094166743,0.755170577,1.338607243,HC
3287674,HC,HC,1.46952514,1.786050766,0.273428503,HC
3328367,HC,HC,3.338421808,-0.119068806,-0.696023476,HC
4622874,HC,HC,-2.057195081,-0.19588925,-0.247253668,HC
4631192,HC,HC,0.497565928,0.980399188,0.43359812,HC
5432841,HC,HC,-1.899090834,1.784333501,-0.002025556,HC
5879696,HC,HC,2.009160641,2.630306593,1.361705992,HC
5978534,HC,HC,2.104885697,3.951352376,0.236063764,HC
6265257,HC,HC,-1.524167422,3.760481656,1.939052614,HC
6314205,HC,HC,2.035654051,0.269014625,0.416624427,HC
6502630,HC,HC,2.216768671,-0.399348894,-0.212598439,HC
7127936,HC,HC,-0.840980103,1.272564471,-0.331970208,HC
7764421,HC,HC,2.202262367,-1.25260703,-0.687687397,HC
7885795,HC,HC,3.237914016,-0.655538476,-0.20877728,HC
8043474,HC,HC,0.892747229,0.217571143,-0.556963265,HC
12029891,HC,HC,-0.795437929,-0.30530595,-0.377494173,HC
12518597,HC,HC,0.190306466,-0.053194909,0.891622288,HC
13312447,HC,HC,2.291422272,0.693335749,-0.93477723,HC
13552932,HC,HC,-3.352183301,1.240070248,0.003855348,HC
14850118,HC,HC,0.868088301,-1.632317024,-0.081214808,HC
15086707,HC,HC,1.650889049,-0.807206356,-0.129104567,HC
16352457,HC,HC,-0.960843961,-1.425926443,-1.140811538,HC
16634839,HC,HC,2.256006708,2.463830294,1.093312121,HC
16708319,HC,HC,0.763113018,0.002057014,-0.01137555,HC
18147098,HC,HC,3.51438695,-1.387973623,0.612154103,HC
18904077,HC,HC,1.138379265,0.167200081,-0.205582742,HC
18952353,HC,HC,-0.343407992,1.449080949,0.77549839,HC
19031295,HC,HC,1.850454998,-0.547934033,1.376989472,HC
19316057,HC,HC,0.837187298,0.646395797,1.563293866,HC
19337991,HC,HC,1.278259075,-0.28169827,-0.292607463,HC
20051604,HC,HC,0.502027315,2.681902961,1.614557933,HC
20054476,HC,HC,-3.380666674,-0.542323522,0.05540901,HC
20113627,HC,HC,0.964876599,-0.490278067,-0.149300771,HC
20418061,HC,HC,-0.194140952,0.064807545,-1.166338028,HC
20785775,HC,HC,0.091486711,-1.665394278,-0.751639087,HC
20830744,HC,HC,-1.996856126,0.568540205,0.497782039,HC
21038930,HC,HC,-0.23529784,-0.476420073,-0.271435084,HC
21053574,HC,HC,-0.0812767,-1.500858672,-1.061878427,HC
22084493,HC,HC,2.299415449,-1.082451387,0.02335821,HC
23207088,HC,HC,4.550766691,-1.775553136,0.095950908,HC
23343892,HC,HC,0.610280983,1.045092285,-0.045480088,HC
23755963,HC,HC,2.347542089,-2.120323735,-0.986062394,HC
24115048,HC,HC,-0.676953824,0.825031748,0.814717856,HC
24452285,HC,HC,2.802056178,-0.193886344,-1.125641491,HC
25000478,HC,HC,-0.937834707,0.808649206,1.694023422,HC
25453247,HC,HC,-1.473241516,-1.132966426,0.616749091,HC
25821028,HC,HC,3.333132046,1.058348764,-0.056172531,HC
25824900,HC,HC,3.289548762,0.385378956,-0.373142765,HC
26061203,HC,HC,-1.853470138,0.55050226,0.758343947,HC
26201043,HC,HC,0.853942688,-0.260127599,-0.595573338,HC
27107982,HC,HC,-2.038168746,0.042769425,-0.281795767,HC
27363295,HC,HC,1.330991233,-0.13743837,-0.623874672,HC
27597482,HC,HC,0.572291283,-0.274158206,0.258694589,HC
28113492,HC,HC,-1.59241662,0.17748658,-0.024244008,HC
28264513,HC,HC,-1.475884266,0.274577005,0.325923255,HC
28359931,HC,HC,-1.881291094,-1.023384237,0.436711515,HC
28852607,HC,HC,1.096564054,-0.096710226,-1.051012733,HC
30151696,HC,HC,-2.13726999,-0.260076757,-0.544147422,HC
30649663,HC,HC,-0.808068819,2.548609493,1.418588967,HC
31548817,HC,HC,1.629753414,1.665665068,0.29333221,HC
31710347,HC,HC,-0.436151402,-1.023335939,-0.246436885,HC
31802898,HC,HC,0.135563532,0.758397374,0.426198289,HC
32581973,HC,HC,1.2297175,0.201756626,-0.386071697,HC
32585091,HC,HC,1.400900283,-0.789425385,-0.751460954,HC
32804781,HC,HC,0.290122905,0.067826228,0.282201773,HC
33823076,HC,HC,-0.03611102,-0.68864796,0.032037082,HC
34458922,HC,HC,2.00104212,1.884160702,-0.175525591,HC
34532105,HC,HC,2.105811238,-0.536081805,0.005101575,HC
34721467,HC,HC,1.703610501,2.433039067,0.467089498,HC
35845244,HC,HC,1.147314242,-1.427331006,-0.716388646,HC
35891876,HC,HC,-0.720091179,0.271161532,0.05387358,HC
36383037,HC,HC,-0.877547465,1.343378695,-0.068266613,HC
37045417,HC,HC,1.505871149,0.743855532,1.109563903,HC
37280746,HC,HC,-1.098659906,1.200178805,0.34598445,HC
37805580,HC,HC,3.084873151,1.525268691,0.971897988,HC
38072766,HC,HC,-0.729213627,1.486814099,0.501190207,HC
38666520,HC,HC,3.716048644,1.064679972,-0.633366106,HC
38690448,HC,HC,0.115685622,2.128558191,1.095108368,HC
38760566,HC,HC,-1.230025026,0.90838826,0.908402174,HC
39453204,HC,HC,1.786011256,-0.269503136,-0.138715452,HC
39583981,HC,HC,3.147677198,-0.605413606,-0.124103526,HC
40021391,HC,HC,0.485451017,0.091794499,0.822914855,HC
40201562,HC,HC,-0.406337262,4.09013879,1.14486718,HC
40759338,HC,HC,2.308683398,0.829393855,-0.136912768,HC
41213271,HC,HC,0.861492028,0.989444507,0.779455171,HC
41548748,HC,HC,0.438718407,1.286838884,1.053912825,HC
42449851,HC,HC,4.540376866,-1.051802572,-0.536812714,HC
43174419,HC,HC,2.384356585,1.817174335,0.482295064,HC
43525440,HC,HC,2.06522887,0.294333016,-0.308759676,HC
43905918,HC,HC,-1.744165153,2.977746621,1.468467347,HC
44576096,HC,HC,2.02951301,3.095737523,2.264818151,HC
47914118,HC,HC,0.597199861,-0.099488843,-1.258944836,HC
48054415,HC,HC,1.945396214,0.8196175,0.415309279,HC
48556671,HC,HC,-1.595531746,-0.419203179,0.216480586,HC
48731895,HC,HC,0.785125295,1.619556607,0.582693972,HC
50023214,HC,HC,-1.77121085,-2.273137566,-0.61260244,HC
50179172,HC,HC,1.090910748,-2.710398719,-2.487299038,HC
50726626,HC,HC,6.930769626,-4.293402599,-1.294862164,HC
50889576,HC,HC,-1.564728717,-1.901260624,-0.725028533,HC
51076110,HC,HC,0.01678796,0.989858283,-0.215002149,HC
51649816,HC,HC,-0.806510688,-0.057069992,-1.307673922,HC
51671690,HC,HC,-0.289205508,-1.586627234,-2.141582378,HC
52071148,HC,HC,-0.454307847,2.449863581,1.519575864,HC
53120454,HC,HC,0.830183975,-0.51009693,0.215227539,HC
54082521,HC,HC,-1.81171858,0.321061966,-0.975396409,HC
54515697,HC,HC,-0.920938891,-0.247545373,0.241042652,HC
54633971,HC,HC,-1.018365014,0.174393696,0.421039338,HC
55417875,HC,HC,-0.728819685,2.013657529,1.274074986,HC
55499880,HC,HC,-2.28195499,0.795883718,0.194776052,HC
55836894,HC,HC,2.264283857,2.284305929,0.970591866,HC
57113773,HC,HC,-1.602311266,-1.696114325,-0.191602479,HC
57172435,HC,HC,-0.508710302,2.202586654,0.654599663,HC
57278191,HC,HC,-0.234155791,-1.341469165,-1.128849725,HC
57930100,HC,HC,1.014864741,1.291182984,0.590655301,HC
57951360,HC,HC,0.647532809,-0.844843083,0.651058884,HC
59057693,HC,HC,1.853219809,2.959904945,0.081699459,HC
59343528,HC,HC,1.14839313,0.954155163,0.406721705,HC
60184938,HC,HC,1.62876065,0.873473795,0.579789474,HC
60186708,HC,HC,2.495977222,-0.838724173,-1.697564752,HC
60334165,HC,HC,0.232717649,-0.748823716,0.146742711,HC
60530234,HC,HC,0.977368558,0.625819825,1.078689553,HC
61355654,HC,HC,1.900094765,-0.207679198,-0.243283062,HC
61581707,HC,HC,-0.915073274,0.620458427,0.513946422,HC
62703756,HC,HC,2.010230022,0.030176288,0.035416836,HC
63218063,HC,HC,-1.473352997,3.585453592,1.698592578,HC
63985887,HC,HC,2.082725148,-2.569336768,-1.306825991,HC
64043761,HC,HC,-0.509967016,1.93350029,0.707711692,HC
64082948,HC,HC,0.914991734,0.158067872,-0.294039378,HC
64309040,HC,HC,1.102760353,0.794494414,0.816589182,HC
64851530,HC,HC,-1.019630222,-0.151455439,-0.579194316,HC
65086134,HC,HC,0.612976608,1.439319726,0.665158676,HC
65123347,HC,HC,-2.812316746,0.546928873,0.968421907,HC
65241453,HC,HC,-1.22398467,0.050393081,0.518170287,HC
66169540,HC,HC,-2.359446468,1.105988741,0.38260965,HC
66378811,HC,HC,-1.423773562,0.294834735,-0.109786379,HC
66485079,HC,HC,1.21957585,-2.24124088,-1.593616178,HC
66892780,HC,HC,0.197832645,0.929788979,-0.774843058,HC
67052967,HC,HC,1.200952639,0.415552955,0.403907164,HC
67488444,HC,HC,-3.629586158,1.433150197,1.986826367,HC
67498283,HC,HC,1.713281726,1.9051684,1.398367342,HC
67955800,HC,HC,0.518778391,0.620289592,1.013771783,HC
67988654,HC,HC,1.130675527,0.005887294,-0.253267616,HC
68223643,HC,HC,1.229802869,2.914732999,0.582319985,HC
68697986,HC,HC,-0.134883485,1.349990297,-0.552265471,HC
69253270,HC,HC,-1.610915947,-0.446023669,-0.286305091,HC
69392787,HC,HC,1.412155473,2.783143297,1.039856531,HC
69795852,HC,HC,-0.326824327,-0.40337009,0.43726107,HC
70172900,HC,HC,-1.686993682,-0.066902018,0.646176087,HC
70528422,HC,HC,1.160882012,0.766142798,0.457810925,HC
70910152,HC,HC,2.039739537,2.109032684,-0.711479065,HC
70948741,HC,HC,-0.145856578,0.807704829,0.047704137,HC
71039594,HC,HC,-1.250877866,-0.226992304,-0.903558417,HC
71138289,HC,HC,1.500082801,-1.480867631,-1.056728643,HC
71530527,HC,HC,-1.818225815,-0.022300481,-0.256097067,HC
72155879,HC,HC,4.282814765,-1.599403753,-1.15257819,HC
72533596,HC,HC,0.594139935,-1.877060025,-1.426319097,HC
73078851,HC,HC,2.043505314,2.458009717,0.876474832,HC
73231355,HC,HC,-1.460901138,0.925214579,0.749564841,HC
73691245,HC,HC,1.65408421,-0.366764718,0.325796409,HC
74033868,HC,HC,1.701332662,0.108438535,-0.220649764,HC
74205989,HC,HC,0.239103259,0.097288059,0.09647848,HC
74934634,HC,HC,0.414690154,-0.654331812,0.44521474,HC
75845061,HC,HC,1.199703445,1.32771469,0.804016024,HC
76285803,HC,HC,-0.297199238,0.987357113,0.550893392,HC
76315580,HC,HC,0.60685568,1.292202102,0.490406045,HC
76434221,HC,HC,2.82894681,-0.97413012,-0.619986969,HC
77471520,HC,HC,-1.064991773,0.168542132,0.461573198,HC
77596543,HC,HC,1.635638705,-0.006163613,-0.371593948,HC
77623592,HC,HC,-2.362166696,0.961843813,0.794029522,HC
77931327,HC,HC,0.047463197,1.126472412,1.099274166,HC
78301795,HC,HC,0.94141257,1.094805344,0.591792359,HC
78709917,HC,HC,1.602033437,0.981620031,0.672667954,HC
79458238,HC,HC,-1.72871431,-2.677334327,-0.431527843,HC
80080647,HC,HC,-1.206381514,0.868719154,-0.680298957,HC
80214993,HC,HC,2.463513348,-2.870175295,-2.369439509,HC
80303743,HC,HC,-0.354823197,0.764487677,0.593239283,HC
80911260,HC,HC,0.230799282,2.032678213,1.458798893,HC
81924774,HC,HC,-2.905594575,-0.377578318,-0.482281911,HC
82594744,HC,HC,-0.543455789,1.779203891,0.758387313,HC
83248719,HC,HC,2.004733278,0.986296406,0.377947558,HC
83507055,HC,HC,5.768321542,-0.222167149,1.548313593,HC
83638186,HC,HC,-1.581121423,-1.002684374,-1.475669862,HC
83780043,HC,HC,-1.390626121,-0.347981157,-0.461276321,HC
84343095,HC,HC,0.132506499,0.825100933,-0.128879401,HC
85498115,HC,HC,0.843523346,-2.195836722,-1.736279028,HC
86232661,HC,HC,-1.454072425,-1.980750147,-1.399763438,HC
86259237,HC,HC,-1.577798384,0.91325998,0.639563802,HC
86458347,HC,HC,3.047728997,2.693882425,0.977136182,HC
86549823,HC,HC,0.027199837,2.487815163,0.860145485,HC
86977385,HC,HC,-1.216850796,0.192545603,0.592058939,HC
86977706,HC,HC,-0.784295345,1.410392267,-0.3520371,HC
88079695,HC,HC,-2.462080852,0.866201124,0.301183667,HC
88297864,HC,HC,0.595008052,1.906277301,1.066389014,HC
88329552,HC,HC,-1.146071212,0.228067413,0.935079979,HC
88843492,HC,HC,1.655392207,1.689835789,2.29488263,HC
88972545,HC,HC,-1.317334409,2.722235867,1.944005767,HC
89443677,HC,HC,0.137278847,-1.674272975,-0.382550489,HC
89444665,HC,HC,-2.6299127,1.028781782,0.126253036,HC
90129274,HC,HC,0.640930542,-0.993102108,-1.503216811,HC
90838913,HC,HC,-1.589572395,1.23438471,0.74371912,HC
90994778,HC,HC,-0.924452506,-1.734818493,-1.702088853,HC
91414961,HC,HC,2.190287384,-1.508283923,-1.060951253,HC
92186097,HC,HC,2.513045999,0.81404488,0.692732256,HC
92284943,HC,HC,0.36973907,0.071878272,0.030282016,HC
92335691,HC,HC,-1.492065918,-0.475191218,-0.388448206,HC
92589671,HC,HC,0.286335163,1.251678565,-0.333573631,HC
93057793,HC,HC,-1.753911196,0.550495998,1.411552511,HC
94090604,HC,HC,-0.407326266,2.349864684,1.161538029,HC
94112037,HC,HC,0.874872937,1.635865632,1.126475733,HC
94141243,HC,HC,1.360667323,0.158687678,-0.531519323,HC
94878465,HC,HC,-4.08288411,-1.537297592,-1.312202666,HC
95933881,HC,HC,-2.147641522,1.201075892,0.546513991,HC
96596623,HC,HC,3.543697034,0.072538536,0.135545102,HC
98562537,HC,HC,2.774233471,3.402484587,0.987080687,HC
98929068,HC,HC,0.852068759,1.068667836,1.884634602,HC
98989002,HC,HC,1.574695389,1.825599834,0.802910667,HC
99002488,HC,HC,1.960548179,0.645308745,0.779102128,HC
99571176,HC,HC,-1.697570919,0.099696989,-0.683515725,HC
99677574,HC,HC,2.798601089,0.444926776,1.078497228,HC
110841481,Patient,MDD,3.10331504,-0.097452914,0.275975784,MDD
110937433,Patient,MDD,1.512379598,-0.435684684,-0.44276532,MDD
111086310,Patient,MDD,3.748373273,-0.61130189,-2.859460445,MDD
111096801,Patient,MDD,1.982124011,-0.373121249,-0.481390098,MDD
111752302,Patient,AUD,-0.564049746,2.464485897,0.789029052,AUD
111844771,Patient,MDD,-4.180403589,-1.050420601,-0.256310272,MDD
112091464,Patient,MDD,-1.698572968,1.396022017,1.051874864,MDD
112517217,Patient,AUD,-0.44779463,-1.369366659,-1.255353246,AUD
112917188,Patient,AUD,-1.716109329,-2.054619453,0.081104826,AUD
112957066,Patient,MDD,0.87353213,-0.221193856,-1.140212883,MDD
113174215,Patient,MDD,-2.032563746,-2.633238305,-1.11490241,MDD
113237194,Patient,AUD,-0.896011536,0.245619251,0.303889562,AUD
113387068,Patient,MDD,0.41535476,0.555428077,-0.796574247,MDD
114103015,Patient,AUD,-0.90721886,-0.803651794,0.57761075,AUD
114192702,Patient,AUD,-1.642089857,-0.643343115,-0.547902851,AUD
114258789,Patient,AUD,3.6038748,1.94424254,1.172656219,AUD
114552708,Patient,MDD,-0.450052036,1.734965515,1.032402044,MDD
115022862,Patient,MDD,-0.795544519,1.784868656,1.272339393,MDD
115212275,Patient,AUD,-0.51558373,-1.577492094,0.391091681,AUD
115364303,Patient,AUD,1.475264796,-0.688820311,-0.298469241,AUD
117385823,Patient,MDD,2.344058678,0.784744963,1.05111311,MDD
118382279,Patient,MDD,-0.444275447,-1.764048973,-0.61220872,MDD
118960192,Patient,AUD,0.351304918,-0.90326293,-0.762448789,AUD
119832037,Patient,AUD,-0.367363458,0.035617223,-0.856851366,AUD
120114005,Patient,MDD,-1.495443347,0.473287321,0.54383449,MDD
120262106,Patient,MDD,-0.770025763,0.166248645,0.611862015,MDD
121801833,Patient,AUD,0.017267801,-1.445749297,-0.029703753,AUD
121823777,Patient,AUD,0.846685794,0.599632476,0.361699349,AUD
122083369,Patient,AUD,-1.389700301,-0.672875298,-0.892245577,AUD
122408481,Patient,MDD,-1.596706424,2.186684316,1.231149616,MDD
123660597,Patient,MDD,0.586912842,-1.28975429,-0.844716033,MDD
123930959,Patient,MDD,-1.933243678,-0.475468797,-0.456654762,MDD
124741457,Patient,MDD,-0.235546405,0.973236635,0.840196506,MDD
124782577,Patient,AUD,-0.3889697,-0.859786155,-1.057293042,AUD
125237313,Patient,MDD,0.816441125,0.693422811,1.512689772,MDD
125339679,Patient,AUD,0.632677471,0.562119444,-0.349389407,AUD
125520802,Patient,AUD,-2.239269519,-1.544317355,-1.211020254,AUD
125524260,Patient,AUD,4.850894009,-0.766035617,-0.223843799,AUD
125906584,Patient,MDD,-0.428650892,-0.994535578,-0.164563272,MDD
127421885,Patient,AUD,-0.121483939,-2.897791728,-1.599174063,AUD
127797395,Patient,MDD,3.181786485,1.617351888,-0.234839755,MDD
128025818,Patient,Psychosis,1.398870915,0.400342017,-0.639250826,Other patient
128036579,Patient,AUD,-1.340259136,1.084744119,0.26202602,AUD
129820256,Patient,MDD,-1.06020338,-1.324202839,-0.83335285,MDD
130293488,Patient,MDD,1.807956882,-1.649967211,-0.212110217,MDD
130597088,Patient,MDD,1.809706487,1.34180708,0.56254916,MDD
130905862,Patient,AUD,0.176874511,1.185527805,0.180701944,AUD
130937795,Patient,MDD,1.946557564,1.540002687,0.747195998,MDD
131468275,Patient,MDD,4.951442832,-4.111365441,-1.723344906,MDD
131646109,Patient,MDD,-0.833736969,0.690545622,0.446027042,MDD
132970599,Patient,Psychosis,0.544913542,-0.380105334,1.043448923,Other patient
133583502,Patient,MDD,0.374760476,0.36753813,-0.446258322,MDD
134330542,Patient,MDD,-0.533775789,-0.633550598,-0.866802609,MDD
135435106,Patient,MDD,-4.123621966,0.161612934,-0.781181073,MDD
135485377,Patient,ADHD,-0.528248311,0.653891284,1.126117753,Other patient
135517362,Patient,MDD,0.419979482,1.080026422,0.180209541,MDD
135672596,Patient,AUD,2.594025099,0.394926681,-0.104026447,AUD
135736530,Patient,MDD,1.015354858,-1.748984089,-0.249497392,MDD
135971282,Patient,AUD,-0.70474526,0.767670324,-0.014158257,AUD
136295480,Patient,AUD,-0.8369166,-0.392583738,-0.360576218,AUD
136348275,Patient,AUD,-2.529098335,-0.594862151,-0.182123524,AUD
136981533,Patient,MDD,1.669546526,-0.265579733,0.403574,MDD
137280633,Patient,MDD,-0.807312897,1.603232104,0.772441627,MDD
138390224,Patient,AUD,-2.004609746,2.471170152,0.320386587,AUD
139458801,Patient,MDD,-0.073137007,0.645035122,-0.29461981,MDD
140109892,Patient,MDD,-0.351526352,1.594041788,0.437260567,MDD
140267022,Patient,MDD,-4.212161129,4.346898487,0.165658848,MDD
141253295,Patient,MDD,-0.642665144,0.364375,-0.222952109,MDD
141542924,Patient,MDD,-3.391125617,2.560769365,0.757265982,MDD
141831212,Patient,MDD,1.389539845,0.299020868,-0.592185842,MDD
142392893,Patient,MDD,-1.655792091,2.467637335,1.322944737,MDD
143669176,Patient,AUD,1.297698989,2.132705342,0.851726688,AUD
144855245,Patient,MDD,0.380044483,-1.12845811,-0.381950125,MDD
144964754,Patient,MDD,-0.232132383,0.940836508,0.274534894,MDD
145946259,Patient,AUD,-1.066388835,-1.675643429,-0.806976646,AUD
146042158,Patient,MDD,1.570831304,0.598843303,0.374956238,MDD
146061521,Patient,AUD,0.700925523,-0.117854791,-0.081419838,AUD
146750740,Patient,AUD,-1.795864686,-1.362691818,-0.540211331,AUD
146906985,Patient,MDD,0.272764628,1.155681049,0.158056669,MDD
147164279,Patient,MDD,-1.704071437,0.239896485,0.630446277,MDD
147701848,Patient,MDD,-0.128191051,-2.333205635,-0.835379386,MDD
147906886,Patient,MDD,-0.492018179,-0.728937735,0.014375853,MDD
148868119,Patient,MDD,1.493762132,-0.118500763,-0.997680883,MDD
148952494,Patient,AUD,-1.967319095,-0.873480042,0.304607797,AUD
149709982,Patient,MDD,2.646106684,-0.233663085,-1.060326994,MDD
149839536,Patient,AUD,-3.959644838,-1.580740813,-0.605106597,AUD
149870383,Patient,AUD,-0.87955239,-1.125727821,-1.05570604,AUD
150038288,Patient,MDD,0.04043678,0.314281304,-0.311513559,MDD
150237087,Patient,AUD,4.690619124,0.514573802,1.072299836,AUD
150299361,Patient,AUD,-0.530331203,-0.756934651,0.630314671,AUD
151408587,Patient,AUD,0.336059821,0.948405719,-0.708676459,AUD
152027620,Patient,AUD,-0.451198009,-2.234722721,-2.660062771,AUD
152034748,Patient,AUD,-1.849437755,-1.130134713,0.261488151,AUD
152769231,Patient,AUD,-0.421169679,0.883148449,0.085626459,AUD
152958814,Patient,AUD,-0.419935418,0.387795831,-0.157110482,AUD
153450897,Patient,MDD,1.313163962,-0.387877212,-0.360123186,MDD
154249737,Patient,Psychosis,-2.157981245,-1.95693497,-0.563312243,Other patient
154461990,Patient,MDD,-1.63318087,-0.410632303,-0.375214041,MDD
154704064,Patient,AUD,-0.840974441,-0.332456344,-0.167843957,AUD
155190506,Patient,AUD,-0.475330939,0.038817428,0.048988293,AUD
155266739,Patient,MDD,-2.904143627,1.367008968,0.588519595,MDD
155379621,Patient,MDD,-2.267269825,-1.773822117,-0.244804377,MDD
156021841,Patient,MDD,1.386073416,-0.995438194,-1.152744334,MDD
157312444,Patient,MDD,-1.045907014,-0.714639009,-1.187415914,MDD
157545140,Patient,AUD,0.505180764,-0.101283635,0.675521131,AUD
157655614,Patient,MDD,1.950623052,-0.880421834,-1.051224008,MDD
157691935,Patient,AUD,0.530859973,1.588036523,0.39191328,AUD
158963928,Patient,AUD,-2.107419136,-0.07330592,-0.893708532,AUD
159066706,Patient,MDD,1.314051561,-2.430720759,-0.637096309,MDD
159439317,Patient,MDD,-2.620769812,-1.516692644,-0.743429901,MDD
160259456,Patient,MDD,-0.587237031,-0.862560204,0.197744555,MDD
160442866,Patient,MDD,0.355302571,1.827136855,1.416616332,MDD
161239003,Patient,AUD,-1.33990373,0.04945196,-0.554850221,AUD
162018780,Patient,Psychosis,0.502359705,-0.382295231,0.342560354,Other patient
162353055,Patient,AUD,-0.463827759,0.780073536,0.84977859,AUD
162354840,Patient,AUD,-1.047821733,0.386721865,-0.02439928,AUD
162686260,Patient,AUD,1.460423938,-0.201279725,0.602046092,AUD
163186746,Patient,AUD,3.856161783,-1.85462761,-1.751515627,AUD
164029519,Patient,MDD,-1.715352561,0.492163272,0.125464818,MDD
164064591,Patient,AUD,1.297102758,1.578545857,0.673534844,AUD
164225942,Patient,MDD,-2.230523607,0.686085687,1.011290594,MDD
164824205,Patient,MDD,0.586493386,-1.412965231,-0.253346703,MDD
164874291,Patient,AUD,-1.908975298,-0.939282159,-0.189257936,AUD
165288521,Patient,MDD,-0.171736304,-0.013513411,0.102595723,MDD
165369327,Patient,MDD,-0.472931745,0.42858885,0.138113499,MDD
165929604,Patient,AUD,0.115115082,0.372786432,-0.306475258,AUD
165940897,Patient,AUD,0.135911957,-0.412606915,0.267073724,AUD
165959237,Patient,AUD,2.243930069,-0.950180572,-1.169368559,AUD
166274725,Patient,AUD,2.0082873,0.044258846,-0.201371539,AUD
166338974,Patient,MDD,0.319751466,-0.106207813,0.467853044,MDD
166386545,Patient,MDD,-3.557782578,-0.537978991,-0.201446917,MDD
166471280,Patient,AUD,-3.149529935,0.453592085,-0.382713259,AUD
166741227,Patient,MDD,0.60284158,-0.183374911,0.579226204,MDD
166922849,Patient,MDD,2.53971565,-0.274626672,0.685482566,MDD
168370463,Patient,MDD,-1.629776107,-1.368824672,-1.800098298,MDD
168641000,Patient,MDD,2.642516117,-1.642123817,0.199865631,MDD
168713559,Patient,AUD,2.070730111,-1.746741442,-1.526759797,AUD
169786920,Patient,MDD,0.159373773,-0.41472283,-0.288222723,MDD
170448268,Patient,AUD,0.358950658,0.566295392,0.202541363,AUD
171526079,Patient,MDD,0.583466546,2.347394997,0.214047525,MDD
171674018,Patient,AUD,-1.196439476,-0.844017044,-0.574341005,AUD
171969817,Patient,AUD,4.341939912,0.129124572,-0.291606498,AUD
171990823,Patient,MDD,-2.702365498,-0.17652658,-0.215979604,MDD
172283288,Patient,MDD,-2.069929573,-0.66429732,-0.814362668,MDD
172412148,Patient,AUD,3.065775783,-0.466990905,-0.169421808,AUD
172442389,Patient,MDD,1.295550282,-0.122718489,-0.753713473,MDD
173510042,Patient,Psychosis,-0.051440912,0.334034168,0.374044849,Other patient
174105851,Patient,MDD,3.275148779,-1.603754662,0.267271209,MDD
174215694,Patient,Psychosis,0.087273145,-0.989179895,-0.097646773,Other patient
174433203,Patient,MDD,-0.04538425,0.112971832,0.216635796,MDD
174603925,Patient,MDD,-1.993729496,1.678372803,0.722726491,MDD
175029071,Patient,AUD,-0.932486328,0.136867041,0.293207164,AUD
175417285,Patient,AUD,-2.522161375,-0.234584561,-0.42594467,AUD
175924853,Patient,MDD,0.987844284,2.169645621,0.59788725,MDD
176214110,Patient,AUD,0.054190358,0.17169788,-1.189456092,AUD
176617846,Patient,AUD,-1.028650303,-0.084242851,0.051850091,AUD
177038649,Patient,MDD,2.028750069,-0.268872384,-1.014679709,MDD
177344780,Patient,AUD,0.498789778,0.597259143,1.111567599,AUD
177528314,Patient,MDD,1.5237809,-0.053764595,-0.239378709,MDD
177688664,Patient,AUD,-1.146846461,0.971098351,0.543192728,AUD
177896969,Patient,AUD,0.256514141,-1.306188839,-0.825967768,AUD
178045655,Patient,AUD,-2.418441825,-0.773317436,-0.561033577,AUD
178126699,Patient,AUD,-1.186071285,-0.843507032,-0.955601162,AUD
178282579,Patient,AUD,-2.285005514,-1.382754323,0.18852608,AUD
178596387,Patient,AUD,0.222744029,-1.7573557,-1.02331622,AUD
178684006,Patient,AUD,0.05396539,-0.080958432,-0.368345423,AUD
178998455,Patient,AUD,-0.475852917,0.149033831,0.941513135,AUD
181526703,Patient,AUD,0.709749739,-0.263351885,-0.828182352,AUD
182072366,Patient,MDD,-3.730788856,-1.665911591,-0.447730021,MDD
182136619,Patient,AUD,0.415754148,-3.083010669,-1.936440058,AUD
182955344,Patient,MDD,0.929376907,-1.132069818,-0.345743694,MDD
183176019,Patient,AUD,-3.288595883,0.568865263,0.142242143,AUD
183475605,Patient,MDD,1.680042262,-1.364357802,-1.013137257,MDD
183762098,Patient,AUD,-3.820653888,-0.650999721,0.272279859,AUD
183798990,Patient,AUD,-0.14542189,-0.899147974,-0.547602652,AUD
184059377,Patient,AUD,-0.022656555,-0.329794813,-1.311862315,AUD
184759673,Patient,MDD,6.42083207,1.699766179,1.493764723,MDD
186213995,Patient,AUD,0.04586338,0.01657856,0.679791847,AUD
186940717,Patient,MDD,-1.783574021,0.042695541,-0.227317195,MDD
187319408,Patient,AUD,2.006846605,-0.659650948,-1.102026778,AUD
187495574,Patient,MDD,-1.49797918,0.598506129,0.22666951,MDD
187514324,Patient,AUD,2.275806347,0.977956713,0.516428712,AUD
188448101,Patient,AUD,1.390533509,-0.53602552,-0.401338161,AUD
188764715,Patient,MDD,-2.079240521,-1.102736603,-0.320658774,MDD
189761816,Patient,MDD,-0.872884394,1.668802799,1.185683883,MDD
190042837,Patient,AUD,0.015058768,-0.885901681,-0.399625605,AUD
191170875,Patient,AUD,1.970508634,1.082785958,-0.065482125,AUD
191321878,Patient,MDD,2.668604957,2.523685843,3.466639304,MDD
191996808,Patient,AUD,-0.571822262,-2.701847963,-2.418355419,AUD
192124683,Patient,MDD,-2.193348986,-0.100706395,-0.373079875,MDD
192901165,Patient,AUD,-0.593744201,-0.157224479,-0.318310146,AUD
193109536,Patient,MDD,2.514139452,-0.372894052,-0.078801357,MDD
193355442,Patient,AUD,-1.656687982,0.122316166,-0.193810725,AUD
193454833,Patient,AUD,0.881285329,1.527672821,0.339268613,AUD
194171295,Patient,AUD,-0.748095356,1.921649576,0.843238319,AUD
195040822,Patient,MDD,1.14878721,-0.025898388,0.257007677,MDD
195112416,Patient,MDD,2.538387219,-0.853487423,-0.502377454,MDD
195121010,Patient,AUD,0.221268274,-0.863747744,0.194494631,AUD
195135326,Patient,MDD,3.349327591,-1.650878565,-1.091295347,MDD
195145348,Patient,AUD,0.970695475,-0.546683224,-1.285910804,AUD
195166026,Patient,AUD,-1.457138807,-1.906032449,-1.179064014,AUD
195629783,Patient,AUD,0.211288115,1.464384952,0.5079824,AUD
195966822,Patient,MDD,-0.565573847,0.816748729,0.579349951,MDD
197382673,Patient,AUD,-0.213345271,0.493547281,-0.681334805,AUD
198021545,Patient,MDD,1.735373378,-1.120908833,-0.448056242,MDD
198118454,Patient,MDD,-1.129619063,-2.882522279,-0.638340974,MDD
198600924,Patient,AUD,-2.466472338,0.601758911,-0.727423896,AUD
199436480,Patient,MDD,0.236944921,1.53641492,1.007336022,MDD
199452460,Patient,MDD,-1.858228236,0.256923353,0.586497056,MDD
110841481,Patient,MDD,3.10331504,-0.097452914,0.275975784,Patient
110937433,Patient,MDD,1.512379598,-0.435684684,-0.44276532,Patient
111086310,Patient,MDD,3.748373273,-0.61130189,-2.859460445,Patient
111096801,Patient,MDD,1.982124011,-0.373121249,-0.481390098,Patient
111752302,Patient,AUD,-0.564049746,2.464485897,0.789029052,Patient
111844771,Patient,MDD,-4.180403589,-1.050420601,-0.256310272,Patient
112091464,Patient,MDD,-1.698572968,1.396022017,1.051874864,Patient
112517217,Patient,AUD,-0.44779463,-1.369366659,-1.255353246,Patient
112917188,Patient,AUD,-1.716109329,-2.054619453,0.081104826,Patient
112957066,Patient,MDD,0.87353213,-0.221193856,-1.140212883,Patient
113174215,Patient,MDD,-2.032563746,-2.633238305,-1.11490241,Patient
113237194,Patient,AUD,-0.896011536,0.245619251,0.303889562,Patient
113387068,Patient,MDD,0.41535476,0.555428077,-0.796574247,Patient
114103015,Patient,AUD,-0.90721886,-0.803651794,0.57761075,Patient
114192702,Patient,AUD,-1.642089857,-0.643343115,-0.547902851,Patient
114258789,Patient,AUD,3.6038748,1.94424254,1.172656219,Patient
114552708,Patient,MDD,-0.450052036,1.734965515,1.032402044,Patient
115022862,Patient,MDD,-0.795544519,1.784868656,1.272339393,Patient
115212275,Patient,AUD,-0.51558373,-1.577492094,0.391091681,Patient
115364303,Patient,AUD,1.475264796,-0.688820311,-0.298469241,Patient
117385823,Patient,MDD,2.344058678,0.784744963,1.05111311,Patient
118382279,Patient,MDD,-0.444275447,-1.764048973,-0.61220872,Patient
118960192,Patient,AUD,0.351304918,-0.90326293,-0.762448789,Patient
119832037,Patient,AUD,-0.367363458,0.035617223,-0.856851366,Patient
120114005,Patient,MDD,-1.495443347,0.473287321,0.54383449,Patient
120262106,Patient,MDD,-0.770025763,0.166248645,0.611862015,Patient
121801833,Patient,AUD,0.017267801,-1.445749297,-0.029703753,Patient
121823777,Patient,AUD,0.846685794,0.599632476,0.361699349,Patient
122083369,Patient,AUD,-1.389700301,-0.672875298,-0.892245577,Patient
122408481,Patient,MDD,-1.596706424,2.186684316,1.231149616,Patient
123660597,Patient,MDD,0.586912842,-1.28975429,-0.844716033,Patient
123930959,Patient,MDD,-1.933243678,-0.475468797,-0.456654762,Patient
124741457,Patient,MDD,-0.235546405,0.973236635,0.840196506,Patient
124782577,Patient,AUD,-0.3889697,-0.859786155,-1.057293042,Patient
125237313,Patient,MDD,0.816441125,0.693422811,1.512689772,Patient
125339679,Patient,AUD,0.632677471,0.562119444,-0.349389407,Patient
125520802,Patient,AUD,-2.239269519,-1.544317355,-1.211020254,Patient
125524260,Patient,AUD,4.850894009,-0.766035617,-0.223843799,Patient
125906584,Patient,MDD,-0.428650892,-0.994535578,-0.164563272,Patient
127421885,Patient,AUD,-0.121483939,-2.897791728,-1.599174063,Patient
127797395,Patient,MDD,3.181786485,1.617351888,-0.234839755,Patient
128036579,Patient,AUD,-1.340259136,1.084744119,0.26202602,Patient
129820256,Patient,MDD,-1.06020338,-1.324202839,-0.83335285,Patient
130293488,Patient,MDD,1.807956882,-1.649967211,-0.212110217,Patient
130597088,Patient,MDD,1.809706487,1.34180708,0.56254916,Patient
130905862,Patient,AUD,0.176874511,1.185527805,0.180701944,Patient
130937795,Patient,MDD,1.946557564,1.540002687,0.747195998,Patient
131468275,Patient,MDD,4.951442832,-4.111365441,-1.723344906,Patient
131646109,Patient,MDD,-0.833736969,0.690545622,0.446027042,Patient
133583502,Patient,MDD,0.374760476,0.36753813,-0.446258322,Patient
134330542,Patient,MDD,-0.533775789,-0.633550598,-0.866802609,Patient
135435106,Patient,MDD,-4.123621966,0.161612934,-0.781181073,Patient
135517362,Patient,MDD,0.419979482,1.080026422,0.180209541,Patient
135672596,Patient,AUD,2.594025099,0.394926681,-0.104026447,Patient
135736530,Patient,MDD,1.015354858,-1.748984089,-0.249497392,Patient
135971282,Patient,AUD,-0.70474526,0.767670324,-0.014158257,Patient
136295480,Patient,AUD,-0.8369166,-0.392583738,-0.360576218,Patient
136348275,Patient,AUD,-2.529098335,-0.594862151,-0.182123524,Patient
136981533,Patient,MDD,1.669546526,-0.265579733,0.403574,Patient
137280633,Patient,MDD,-0.807312897,1.603232104,0.772441627,Patient
138390224,Patient,AUD,-2.004609746,2.471170152,0.320386587,Patient
139458801,Patient,MDD,-0.073137007,0.645035122,-0.29461981,Patient
140109892,Patient,MDD,-0.351526352,1.594041788,0.437260567,Patient
140267022,Patient,MDD,-4.212161129,4.346898487,0.165658848,Patient
141253295,Patient,MDD,-0.642665144,0.364375,-0.222952109,Patient
141542924,Patient,MDD,-3.391125617,2.560769365,0.757265982,Patient
141831212,Patient,MDD,1.389539845,0.299020868,-0.592185842,Patient
142392893,Patient,MDD,-1.655792091,2.467637335,1.322944737,Patient
143669176,Patient,AUD,1.297698989,2.132705342,0.851726688,Patient
144855245,Patient,MDD,0.380044483,-1.12845811,-0.381950125,Patient
144964754,Patient,MDD,-0.232132383,0.940836508,0.274534894,Patient
145946259,Patient,AUD,-1.066388835,-1.675643429,-0.806976646,Patient
146042158,Patient,MDD,1.570831304,0.598843303,0.374956238,Patient
146061521,Patient,AUD,0.700925523,-0.117854791,-0.081419838,Patient
146750740,Patient,AUD,-1.795864686,-1.362691818,-0.540211331,Patient
146906985,Patient,MDD,0.272764628,1.155681049,0.158056669,Patient
147164279,Patient,MDD,-1.704071437,0.239896485,0.630446277,Patient
147701848,Patient,MDD,-0.128191051,-2.333205635,-0.835379386,Patient
147906886,Patient,MDD,-0.492018179,-0.728937735,0.014375853,Patient
148868119,Patient,MDD,1.493762132,-0.118500763,-0.997680883,Patient
148952494,Patient,AUD,-1.967319095,-0.873480042,0.304607797,Patient
149709982,Patient,MDD,2.646106684,-0.233663085,-1.060326994,Patient
149839536,Patient,AUD,-3.959644838,-1.580740813,-0.605106597,Patient
149870383,Patient,AUD,-0.87955239,-1.125727821,-1.05570604,Patient
150038288,Patient,MDD,0.04043678,0.314281304,-0.311513559,Patient
150237087,Patient,AUD,4.690619124,0.514573802,1.072299836,Patient
150299361,Patient,AUD,-0.530331203,-0.756934651,0.630314671,Patient
151408587,Patient,AUD,0.336059821,0.948405719,-0.708676459,Patient
152027620,Patient,AUD,-0.451198009,-2.234722721,-2.660062771,Patient
152034748,Patient,AUD,-1.849437755,-1.130134713,0.261488151,Patient
152769231,Patient,AUD,-0.421169679,0.883148449,0.085626459,Patient
152958814,Patient,AUD,-0.419935418,0.387795831,-0.157110482,Patient
153450897,Patient,MDD,1.313163962,-0.387877212,-0.360123186,Patient
154461990,Patient,MDD,-1.63318087,-0.410632303,-0.375214041,Patient
154704064,Patient,AUD,-0.840974441,-0.332456344,-0.167843957,Patient
155190506,Patient,AUD,-0.475330939,0.038817428,0.048988293,Patient
155266739,Patient,MDD,-2.904143627,1.367008968,0.588519595,Patient
155379621,Patient,MDD,-2.267269825,-1.773822117,-0.244804377,Patient
156021841,Patient,MDD,1.386073416,-0.995438194,-1.152744334,Patient
157312444,Patient,MDD,-1.045907014,-0.714639009,-1.187415914,Patient
157545140,Patient,AUD,0.505180764,-0.101283635,0.675521131,Patient
157655614,Patient,MDD,1.950623052,-0.880421834,-1.051224008,Patient
157691935,Patient,AUD,0.530859973,1.588036523,0.39191328,Patient
158963928,Patient,AUD,-2.107419136,-0.07330592,-0.893708532,Patient
159066706,Patient,MDD,1.314051561,-2.430720759,-0.637096309,Patient
159439317,Patient,MDD,-2.620769812,-1.516692644,-0.743429901,Patient
160259456,Patient,MDD,-0.587237031,-0.862560204,0.197744555,Patient
160442866,Patient,MDD,0.355302571,1.827136855,1.416616332,Patient
161239003,Patient,AUD,-1.33990373,0.04945196,-0.554850221,Patient
162353055,Patient,AUD,-0.463827759,0.780073536,0.84977859,Patient
162354840,Patient,AUD,-1.047821733,0.386721865,-0.02439928,Patient
162686260,Patient,AUD,1.460423938,-0.201279725,0.602046092,Patient
163186746,Patient,AUD,3.856161783,-1.85462761,-1.751515627,Patient
164029519,Patient,MDD,-1.715352561,0.492163272,0.125464818,Patient
164064591,Patient,AUD,1.297102758,1.578545857,0.673534844,Patient
164225942,Patient,MDD,-2.230523607,0.686085687,1.011290594,Patient
164824205,Patient,MDD,0.586493386,-1.412965231,-0.253346703,Patient
164874291,Patient,AUD,-1.908975298,-0.939282159,-0.189257936,Patient
165288521,Patient,MDD,-0.171736304,-0.013513411,0.102595723,Patient
165369327,Patient,MDD,-0.472931745,0.42858885,0.138113499,Patient
165929604,Patient,AUD,0.115115082,0.372786432,-0.306475258,Patient
165940897,Patient,AUD,0.135911957,-0.412606915,0.267073724,Patient
165959237,Patient,AUD,2.243930069,-0.950180572,-1.169368559,Patient
166274725,Patient,AUD,2.0082873,0.044258846,-0.201371539,Patient
166338974,Patient,MDD,0.319751466,-0.106207813,0.467853044,Patient
166386545,Patient,MDD,-3.557782578,-0.537978991,-0.201446917,Patient
166471280,Patient,AUD,-3.149529935,0.453592085,-0.382713259,Patient
166741227,Patient,MDD,0.60284158,-0.183374911,0.579226204,Patient
166922849,Patient,MDD,2.53971565,-0.274626672,0.685482566,Patient
168370463,Patient,MDD,-1.629776107,-1.368824672,-1.800098298,Patient
168641000,Patient,MDD,2.642516117,-1.642123817,0.199865631,Patient
168713559,Patient,AUD,2.070730111,-1.746741442,-1.526759797,Patient
169786920,Patient,MDD,0.159373773,-0.41472283,-0.288222723,Patient
170448268,Patient,AUD,0.358950658,0.566295392,0.202541363,Patient
171526079,Patient,MDD,0.583466546,2.347394997,0.214047525,Patient
171674018,Patient,AUD,-1.196439476,-0.844017044,-0.574341005,Patient
171969817,Patient,AUD,4.341939912,0.129124572,-0.291606498,Patient
171990823,Patient,MDD,-2.702365498,-0.17652658,-0.215979604,Patient
172283288,Patient,MDD,-2.069929573,-0.66429732,-0.814362668,Patient
172412148,Patient,AUD,3.065775783,-0.466990905,-0.169421808,Patient
172442389,Patient,MDD,1.295550282,-0.122718489,-0.753713473,Patient
174105851,Patient,MDD,3.275148779,-1.603754662,0.267271209,Patient
174433203,Patient,MDD,-0.04538425,0.112971832,0.216635796,Patient
174603925,Patient,MDD,-1.993729496,1.678372803,0.722726491,Patient
175029071,Patient,AUD,-0.932486328,0.136867041,0.293207164,Patient
175417285,Patient,AUD,-2.522161375,-0.234584561,-0.42594467,Patient
175924853,Patient,MDD,0.987844284,2.169645621,0.59788725,Patient
176214110,Patient,AUD,0.054190358,0.17169788,-1.189456092,Patient
176617846,Patient,AUD,-1.028650303,-0.084242851,0.051850091,Patient
177038649,Patient,MDD,2.028750069,-0.268872384,-1.014679709,Patient
177344780,Patient,AUD,0.498789778,0.597259143,1.111567599,Patient
177528314,Patient,MDD,1.5237809,-0.053764595,-0.239378709,Patient
177688664,Patient,AUD,-1.146846461,0.971098351,0.543192728,Patient
177896969,Patient,AUD,0.256514141,-1.306188839,-0.825967768,Patient
178045655,Patient,AUD,-2.418441825,-0.773317436,-0.561033577,Patient
178126699,Patient,AUD,-1.186071285,-0.843507032,-0.955601162,Patient
178282579,Patient,AUD,-2.285005514,-1.382754323,0.18852608,Patient
178596387,Patient,AUD,0.222744029,-1.7573557,-1.02331622,Patient
178684006,Patient,AUD,0.05396539,-0.080958432,-0.368345423,Patient
178998455,Patient,AUD,-0.475852917,0.149033831,0.941513135,Patient
181526703,Patient,AUD,0.709749739,-0.263351885,-0.828182352,Patient
182072366,Patient,MDD,-3.730788856,-1.665911591,-0.447730021,Patient
182136619,Patient,AUD,0.415754148,-3.083010669,-1.936440058,Patient
182955344,Patient,MDD,0.929376907,-1.132069818,-0.345743694,Patient
183176019,Patient,AUD,-3.288595883,0.568865263,0.142242143,Patient
183475605,Patient,MDD,1.680042262,-1.364357802,-1.013137257,Patient
183762098,Patient,AUD,-3.820653888,-0.650999721,0.272279859,Patient
183798990,Patient,AUD,-0.14542189,-0.899147974,-0.547602652,Patient
184059377,Patient,AUD,-0.022656555,-0.329794813,-1.311862315,Patient
184759673,Patient,MDD,6.42083207,1.699766179,1.493764723,Patient
186213995,Patient,AUD,0.04586338,0.01657856,0.679791847,Patient
186940717,Patient,MDD,-1.783574021,0.042695541,-0.227317195,Patient
187319408,Patient,AUD,2.006846605,-0.659650948,-1.102026778,Patient
187495574,Patient,MDD,-1.49797918,0.598506129,0.22666951,Patient
187514324,Patient,AUD,2.275806347,0.977956713,0.516428712,Patient
188448101,Patient,AUD,1.390533509,-0.53602552,-0.401338161,Patient
188764715,Patient,MDD,-2.079240521,-1.102736603,-0.320658774,Patient
189761816,Patient,MDD,-0.872884394,1.668802799,1.185683883,Patient
190042837,Patient,AUD,0.015058768,-0.885901681,-0.399625605,Patient
191170875,Patient,AUD,1.970508634,1.082785958,-0.065482125,Patient
191321878,Patient,MDD,2.668604957,2.523685843,3.466639304,Patient
191996808,Patient,AUD,-0.571822262,-2.701847963,-2.418355419,Patient
192124683,Patient,MDD,-2.193348986,-0.100706395,-0.373079875,Patient
192901165,Patient,AUD,-0.593744201,-0.157224479,-0.318310146,Patient
193109536,Patient,MDD,2.514139452,-0.372894052,-0.078801357,Patient
193355442,Patient,AUD,-1.656687982,0.122316166,-0.193810725,Patient
193454833,Patient,AUD,0.881285329,1.527672821,0.339268613,Patient
194171295,Patient,AUD,-0.748095356,1.921649576,0.843238319,Patient
195040822,Patient,MDD,1.14878721,-0.025898388,0.257007677,Patient
195112416,Patient,MDD,2.538387219,-0.853487423,-0.502377454,Patient
195121010,Patient,AUD,0.221268274,-0.863747744,0.194494631,Patient
195135326,Patient,MDD,3.349327591,-1.650878565,-1.091295347,Patient
195145348,Patient,AUD,0.970695475,-0.546683224,-1.285910804,Patient
195166026,Patient,AUD,-1.457138807,-1.906032449,-1.179064014,Patient
195629783,Patient,AUD,0.211288115,1.464384952,0.5079824,Patient
195966822,Patient,MDD,-0.565573847,0.816748729,0.579349951,Patient
197382673,Patient,AUD,-0.213345271,0.493547281,-0.681334805,Patient
198021545,Patient,MDD,1.735373378,-1.120908833,-0.448056242,Patient
198118454,Patient,MDD,-1.129619063,-2.882522279,-0.638340974,Patient
198600924,Patient,AUD,-2.466472338,0.601758911,-0.727423896,Patient
199436480,Patient,MDD,0.236944921,1.53641492,1.007336022,Patient
199452460,Patient,MDD,-1.858228236,0.256923353,0.586497056,Patient
