Subject_ID,FC1,FC2,FC3,FC4,FC5,FC6,FC7,FC8,FC9,FC10,FC11,FC12
112288,0.3982,0.1295,0.6551,0.3656,-0.1337,0.3569,0.0191,-0.2295,-0.0265,-0.3291,-0.1768,-0.1123
16275727,-0.0033,0.0687,0.4211,0.0723,-0.3951,0.0811,0.2578,0.3586,0.3671,0.2482,0.0056,0.3567
44576096,0.3461,-0.1736,0.0092,-0.1878,-0.4642,0.2788,-0.7216,0.134,-0.0263,-0.4598,-0.1691,0.0984
63218063,0.166,-0.2028,0.3195,-0.3768,-0.6707,0.0805,-0.1969,-0.3468,-0.0095,0.0242,0.0144,0.0314
67342911,0.2338,0.1936,0.4729,0.1943,0.1463,0.3991,0.241,0.7448,0.3006,-0.1738,-0.1145,0.2653
67844279,0.6063,0.0918,0.5102,-0.1032,-0.1319,0.2534,-0.3141,-0.0616,-0.2279,0.3475,0.1212,-0.0686
111086310,0.4172,0.119,0.1874,0.2196,0.011,0.1882,0.3357,0.3702,0.3731,1.1629,0.085,0.4021
112517217,0.1008,-0.0795,0.3118,0.1947,-0.3789,0.2124,-0.1109,0.1741,0.4909,-0.1597,0.4722,0.4809
113174215,0.1765,0.1336,0.1847,0.3986,0.0312,0.1554,0.069,0.2621,0.485,-0.2034,0.0843,0.3084
168370463,0.4705,0.2394,0.59,0.2097,0.2861,0.5079,-0.1558,0.0095,0.1866,0.2907,-0.2363,-0.007
182136619,0.2879,0.1361,0.5178,0.7353,-0.0105,-0.0623,0.6531,0.1747,0.1495,-0.0426,-0.002,0.3463
191996808,0.288,0.1475,0.3885,0.3831,-0.2659,0.4149,0.0079,0.0731,0.5523,0.3751,0.0439,0.3801
