task,set,shen_id,model_region_index,hemisphere,anat_label,network,n_model_voxels,MNI_X,MNI_Y,MNI_Z,MID_BIG_WIN_meanT,MID_SMALL_WIN_meanT,MID_DIFF_meanT,SST_meanT
MID,prior,1,1,R,OrbFrontal,FPN,57,13.9,56.8,-16.6,-5.101,-5.965,0.465,-1.622
MID,prior,2,2,R,OrbFrontal,Limbic,38,9.6,17.8,-19.5,-2.374,-3.733,3.31,-1.96
MID,prior,3,3,R,OrbFrontal,DMN,43,5.1,34.9,-17.4,-6.951,-6.458,-1.014,-6.646
MID,prior,4,4,R,OrbFrontal,FPN,31,15.6,34.1,-22.6,-3.887,-4.773,2.007,-0.779
MID,prior,5,5,R,AntPFC,DMN,53,8.2,45.9,-1.7,-4.298,-5.69,-1.323,-8.44
MID,prior,6,6,R,AntPFC,DMN,67,14.6,64.7,3.6,-4.754,-5.602,-2.953,-4.929
MID,prior,14,14,R,FrontEyeFilds,FPN,94,40.7,14.5,48.2,2.839,1.945,0.986,4.483
MID,prior,23,23,R,PrimMotor,Motor,131,57.8,-8.3,27.3,-0.969,-2.91,2.98,1.388
MID,prior,36,36,R,Insula,Limbic,40,37.5,21.1,-10.1,8.124,4.944,3.915,11.103
MID,prior,82,82,R,PrimVisual,Visual I,74,14.6,-68.3,8.3,26.972,24.613,13.056,-2.26
MID,prior,83,83,R,DorsalACC,Limbic,39,7.8,34.7,17.1,3.462,0.793,2.374,1.027
MID,prior,84,84,R,VentCing,Motor,34,5.3,-1.0,35.6,13.714,10.925,9.103,1.684
MID,prior,93,93,R,Hippocampus,Sub,46,28.8,-36.9,0.0,1.073,0.554,1.268,-0.427
MID,prior,94,94,R,Hippocampus,Sub,33,35.6,-14.7,-18.4,-2.301,-2.401,1.978,-3.442
MID,prior,120,99,R,,Sub,18,21.2,-36.4,22.6,3.678,2.803,0.154,-1.604
MID,prior,121,100,R,Caudate,Sub,48,12.7,12.9,11.5,5.875,2.064,10.629,0.912
MID,prior,122,101,R,Caudate,Sub,49,13.7,-4.2,20.9,1.189,-1.286,6.453,-0.679
MID,prior,123,102,R,Caudate,Sub,52,12.6,20.2,-0.7,8.066,3.338,14.321,-0.247
MID,prior,124,103,R,Putamen,Sub,59,26.6,6.3,0.1,19.259,15.803,14.279,4.482
MID,prior,125,104,R,Nacc,Sub,71,14.0,8.3,-9.5,11.467,8.135,11.379,-0.706
MID,prior,126,105,R,Thalamus,Sub,36,10.5,-26.8,-2.2,13.178,10.047,11.588,4.008
MID,prior,127,106,R,Thalamus,Sub,28,12.3,-27.7,13.5,2.283,0.625,4.102,-0.198
MID,prior,128,107,R,Thalamus,Sub,17,5.5,-9.7,5.2,11.504,7.965,11.915,2.412
MID,prior,134,108,L,OrbFrontal,DMN,36,-5.4,29.1,-10.1,-6.538,-6.063,-0.816,-6.972
MID,prior,135,109,L,OrbFrontal,Limbic,35,-18.2,19.0,-21.0,-1.326,-3.469,4.043,-0.289
MID,prior,136,110,L,OrbFrontal,Limbic,23,-5.8,18.2,-21.6,-2.477,-3.326,1.602,-1.924
MID,prior,137,111,L,OrbFrontal,SMF,64,-8.2,39.7,-21.4,-6.065,-6.497,0.219,-4.387
MID,prior,138,112,L,AntPFC,DMN,38,-6.9,48.3,-5.7,-8.386,-8.177,-2.844,-10.605
MID,prior,140,114,L,OrbFrontal,SMF,37,-6.0,48.1,11.7,-4.411,-6.11,-2.759,-4.594
MID,prior,141,115,L,AntPFC,DMN,47,-11.7,65.1,4.2,-5.91,-5.836,-3.523,-5.994
MID,prior,158,132,L,PrimMotor,Motor,76,-41.6,-14.7,44.8,11.686,8.003,9.722,-2.59
MID,prior,169,143,L,Insula,Limbic,24,-38.7,8.1,-4.8,13.301,10.87,6.012,10.496
MID,prior,215,189,L,PrimVisual,Visual I,103,-6.0,-81.2,12.2,31.465,28.483,17.496,-4.724
MID,prior,216,190,L,PrimVisual,Visual I,52,-22.1,-66.7,7.4,16.274,15.029,7.362,-1.395
MID,prior,217,191,L,,Sub,9,-23.6,-41.3,19.9,1.075,0.723,0.859,-0.36
MID,prior,219,193,L,DorsalAcc,SMF,56,-6.0,34.1,26.3,7.716,4.422,4.135,5.454
MID,prior,220,194,L,VentCing,Limbic,21,-3.8,-5.0,32.6,5.525,3.669,3.273,2.236
MID,prior,221,195,L,VentCing,Limbic,47,-5.1,13.2,28.7,13.454,11.334,7.356,3.926
MID,prior,228,202,L,Amygdala,Sub,37,-26.8,2.4,-18.7,4.712,3.986,4.43,-0.408
MID,prior,229,203,L,Hippocampus,Sub,28,-21.5,-36.9,5.7,-1.052,-1.69,1.603,-0.784
MID,prior,230,204,L,Hippocampus,Sub,42,-32.1,-40.2,-4.0,-1.055,-1.057,1.658,-3.847
MID,prior,231,205,L,Hippocampus,Sub,51,-22.7,-12.8,-17.4,1.597,2.028,1.847,-4.033
MID,prior,232,206,L,Hippocampus,Sub,52,-35.7,-24.8,-14.9,-2.708,-3.52,2.582,-4.833
MID,prior,257,210,L,,Sub,27,-10.8,23.9,9.6,-12.238,-12.552,0.944,-6.088
MID,prior,258,211,L,Caudate,Sub,29,-12.5,11.6,8.7,12.516,7.607,14.966,4.72
MID,prior,259,212,L,Caudate,Sub,107,-10.4,10.9,-8.1,9.402,5.796,11.504,-1.245
MID,prior,260,213,L,Caudate,Sub,51,-14.6,-3.5,21.1,-1.206,-3.216,5.035,1.102
MID,prior,261,214,L,Putamen,Sub,71,-24.8,5.6,-0.1,21.178,17.514,14.187,5.923
MID,prior,262,215,L,Putamen,Sub,31,-9.6,-25.4,-1.4,14.665,11.168,12.846,3.711
MID,prior,263,216,L,Thalamus,Sub,36,-4.9,-10.3,5.8,9.953,6.516,10.239,2.042
MID,prior,264,217,L,Thalamus,Sub,28,-11.6,-25.6,14.8,5.245,3.155,6.832,1.426
MID,act_Nmatched,15,15,R,FrontEyeFilds,Limbic,41,6.7,21.4,31.5,17.849,14.207,10.076,10.535
MID,act_Nmatched,20,20,R,Broca_Triang,Limbic,39,37.0,20.8,5.9,22.437,18.688,12.54,18.984
MID,act_Nmatched,21,21,R,Broca-Operc,FPN,64,55.4,9.6,22.2,12.79,11.325,7.902,7.215
MID,act_Nmatched,25,25,R,PreMot+SuppMot,Motor,39,7.0,-8.1,52.9,22.555,18.791,17.129,3.243
MID,act_Nmatched,27,27,R,PreMot+SuppMot,Motor,72,49.2,-4.5,48.1,20.417,16.654,14.372,3.848
MID,act_Nmatched,28,28,R,PreMot+SuppMot,Limbic,28,6.1,14.0,48.7,25.258,21.635,13.856,14.718
MID,act_Nmatched,29,29,R,PreMot+SuppMot,Limbic,84,13.7,6.3,65.4,14.407,10.77,9.728,9.72
MID,act_Nmatched,31,31,R,PreMot+SuppMot,FPN,34,39.7,3.4,34.0,13.107,12.094,5.884,9.095
MID,act_Nmatched,32,32,R,PreMot+SuppMot,Limbic,36,32.0,-5.4,52.1,20.998,16.802,16.088,9.865
MID,act_Nmatched,35,35,R,Insula,Motor,39,41.4,3.5,7.2,15.398,13.158,8.586,5.167
MID,act_Nmatched,42,42,R,VisMotor,Visual Asso,60,14.8,-68.4,34.9,18.062,13.981,9.373,0.184
MID,act_Nmatched,68,68,R,Fusiform,Visual I,60,25.2,-44.6,-12.2,18.778,17.251,7.965,-3.395
MID,act_Nmatched,72,72,R,Visual Assoc,Visual I,71,21.0,-63.7,-9.0,24.965,22.882,12.029,0.746
MID,act_Nmatched,73,73,R,Visual Assoc,Visual Asso,79,30.1,-82.9,20.5,13.279,10.477,12.124,9.625
MID,act_Nmatched,75,75,R,Visual Assoc,Visual I,87,18.9,-81.8,41.5,17.091,14.665,9.434,3.297
MID,act_Nmatched,77,77,R,SecVisual,Visual I,59,7.7,-75.0,25.0,23.917,21.726,8.767,-5.338
MID,act_Nmatched,79,79,R,SecVisual,Visual I,64,7.0,-75.7,-2.8,29.654,27.516,14.677,-2.133
MID,act_Nmatched,80,80,R,SecVisual,Visual I,76,7.8,-88.6,11.9,31.218,28.513,18.38,-2.943
MID,act_Nmatched,82,82,R,PrimVisual,Visual I,74,14.6,-68.3,8.3,26.972,24.613,13.056,-2.26
MID,act_Nmatched,84,84,R,VentCing,Motor,34,5.3,-1.0,35.6,13.714,10.925,9.103,1.684
MID,act_Nmatched,87,87,R,VenPostCing,Visual I,39,28.4,-53.8,7.1,13.678,13.266,2.116,-2.228
MID,act_Nmatched,89,89,R,DorsalPCC,Motor,33,7.8,-23.1,44.9,14.349,10.01,10.831,-3.5
MID,act_Nmatched,91,91,R,DorsalPCC,Limbic,40,8.3,-39.9,48.1,14.624,11.113,10.407,-9.365
MID,act_Nmatched,98,98,R,SecVisual,Visual I,58,14.6,-46.1,2.8,12.975,12.588,2.138,-3.314
MID,act_Nmatched,124,103,R,Putamen,Sub,59,26.6,6.3,0.1,19.259,15.803,14.279,4.482
MID,act_Nmatched,126,105,R,Thalamus,Sub,36,10.5,-26.8,-2.2,13.178,10.047,11.588,4.008
MID,act_Nmatched,150,124,L,FrontEyeFilds,SMF,48,-5.0,17.7,46.1,19.616,16.448,9.031,12.631
MID,act_Nmatched,155,129,L,Broca_Triang,Limbic,63,-32.5,22.1,5.8,21.036,16.857,11.875,17.276
MID,act_Nmatched,157,131,L,PreMot+SuppMot,FPN,71,-46.2,7.9,28.6,14.761,14.349,4.586,5.21
MID,act_Nmatched,161,135,L,PreMot+SuppMot,Motor,36,-6.5,-4.3,47.6,23.42,19.455,14.897,4.656
MID,act_Nmatched,162,136,L,PreMot+SuppMot,SMF,75,-9.1,0.4,66.5,16.736,12.738,12.515,7.495
MID,act_Nmatched,165,139,L,PreMot+SuppMot,SMF,53,-45.8,-0.4,49.3,17.638,15.105,10.115,7.822
MID,act_Nmatched,166,140,L,PreMot+SuppMot,Motor,36,-27.6,-9.1,55.9,20.966,16.511,15.005,11.275
MID,act_Nmatched,168,142,L,Insula,Motor,53,-39.1,1.7,9.5,18.101,15.587,7.821,6.803
MID,act_Nmatched,169,143,L,Insula,Limbic,24,-38.7,8.1,-4.8,13.301,10.87,6.012,10.496
MID,act_Nmatched,171,145,L,PrimSensory,Motor,105,-50.6,-23.8,41.4,14.214,10.441,12.371,2.85
MID,act_Nmatched,176,150,L,VisMotor,Visual I,76,-9.5,-71.0,31.9,14.655,11.537,6.535,-5.411
MID,act_Nmatched,177,151,L,VisMotor,Visual Asso,84,-28.4,-62.3,40.4,15.643,14.583,8.866,9.136
MID,act_Nmatched,179,153,L,SupramargGyr,Motor,71,-35.7,-39.3,47.7,17.31,13.553,12.893,8.891
MID,act_Nmatched,198,172,L,Fusiform,Visual I,43,-26.7,-42.7,-16.1,12.972,11.713,6.951,-8.151
MID,act_Nmatched,205,179,L,Visual Assoc,Visual I,85,-17.0,-50.7,0.8,16.376,16.012,3.334,-3.349
MID,act_Nmatched,207,181,L,Visual Assoc,Visual I,73,-25.9,-63.1,-12.3,17.857,14.823,12.222,0.731
MID,act_Nmatched,208,182,L,Visual Assoc,Visual I,129,-16.8,-84.9,33.0,20.32,17.712,9.884,0.572
MID,act_Nmatched,211,185,L,SecVisual,Visual I,76,-8.9,-70.7,-1.7,30.59,28.397,13.925,-5.933
MID,act_Nmatched,215,189,L,PrimVisual,Visual I,103,-6.0,-81.2,12.2,31.465,28.483,17.496,-4.724
MID,act_Nmatched,216,190,L,PrimVisual,Visual I,52,-22.1,-66.7,7.4,16.274,15.029,7.362,-1.395
MID,act_Nmatched,218,192,L,PreMot+SuppMot,Motor,43,-7.8,-22.4,46.0,14.81,10.68,9.631,-3.474
MID,act_Nmatched,221,195,L,VentCing,Limbic,47,-5.1,13.2,28.7,13.454,11.334,7.356,3.926
MID,act_Nmatched,226,200,L,DorsalPCC,Limbic,60,-8.8,-42.6,50.1,13.691,10.363,9.334,-9.715
MID,act_Nmatched,261,214,L,Putamen,Sub,71,-24.8,5.6,-0.1,21.178,17.514,14.187,5.923
MID,act_Nmatched,262,215,L,Putamen,Sub,31,-9.6,-25.4,-1.4,14.665,11.168,12.846,3.711
MID,act_voxmatched,15,15,R,FrontEyeFilds,Limbic,41,6.7,21.4,31.5,17.849,14.207,10.076,10.535
MID,act_voxmatched,20,20,R,Broca_Triang,Limbic,39,37.0,20.8,5.9,22.437,18.688,12.54,18.984
MID,act_voxmatched,25,25,R,PreMot+SuppMot,Motor,39,7.0,-8.1,52.9,22.555,18.791,17.129,3.243
MID,act_voxmatched,27,27,R,PreMot+SuppMot,Motor,72,49.2,-4.5,48.1,20.417,16.654,14.372,3.848
MID,act_voxmatched,28,28,R,PreMot+SuppMot,Limbic,28,6.1,14.0,48.7,25.258,21.635,13.856,14.718
MID,act_voxmatched,31,31,R,PreMot+SuppMot,FPN,34,39.7,3.4,34.0,13.107,12.094,5.884,9.095
MID,act_voxmatched,32,32,R,PreMot+SuppMot,Limbic,36,32.0,-5.4,52.1,20.998,16.802,16.088,9.865
MID,act_voxmatched,35,35,R,Insula,Motor,39,41.4,3.5,7.2,15.398,13.158,8.586,5.167
MID,act_voxmatched,42,42,R,VisMotor,Visual Asso,60,14.8,-68.4,34.9,18.062,13.981,9.373,0.184
MID,act_voxmatched,68,68,R,Fusiform,Visual I,60,25.2,-44.6,-12.2,18.778,17.251,7.965,-3.395
MID,act_voxmatched,72,72,R,Visual Assoc,Visual I,71,21.0,-63.7,-9.0,24.965,22.882,12.029,0.746
MID,act_voxmatched,75,75,R,Visual Assoc,Visual I,87,18.9,-81.8,41.5,17.091,14.665,9.434,3.297
MID,act_voxmatched,77,77,R,SecVisual,Visual I,59,7.7,-75.0,25.0,23.917,21.726,8.767,-5.338
MID,act_voxmatched,79,79,R,SecVisual,Visual I,64,7.0,-75.7,-2.8,29.654,27.516,14.677,-2.133
MID,act_voxmatched,80,80,R,SecVisual,Visual I,76,7.8,-88.6,11.9,31.218,28.513,18.38,-2.943
MID,act_voxmatched,82,82,R,PrimVisual,Visual I,74,14.6,-68.3,8.3,26.972,24.613,13.056,-2.26
MID,act_voxmatched,87,87,R,VenPostCing,Visual I,39,28.4,-53.8,7.1,13.678,13.266,2.116,-2.228
MID,act_voxmatched,91,91,R,DorsalPCC,Limbic,40,8.3,-39.9,48.1,14.624,11.113,10.407,-9.365
MID,act_voxmatched,98,98,R,SecVisual,Visual I,58,14.6,-46.1,2.8,12.975,12.588,2.138,-3.314
MID,act_voxmatched,124,103,R,Putamen,Sub,59,26.6,6.3,0.1,19.259,15.803,14.279,4.482
MID,act_voxmatched,150,124,L,FrontEyeFilds,SMF,48,-5.0,17.7,46.1,19.616,16.448,9.031,12.631
MID,act_voxmatched,155,129,L,Broca_Triang,Limbic,63,-32.5,22.1,5.8,21.036,16.857,11.875,17.276
MID,act_voxmatched,157,131,L,PreMot+SuppMot,FPN,71,-46.2,7.9,28.6,14.761,14.349,4.586,5.21
MID,act_voxmatched,161,135,L,PreMot+SuppMot,Motor,36,-6.5,-4.3,47.6,23.42,19.455,14.897,4.656
MID,act_voxmatched,162,136,L,PreMot+SuppMot,SMF,75,-9.1,0.4,66.5,16.736,12.738,12.515,7.495
MID,act_voxmatched,165,139,L,PreMot+SuppMot,SMF,53,-45.8,-0.4,49.3,17.638,15.105,10.115,7.822
MID,act_voxmatched,166,140,L,PreMot+SuppMot,Motor,36,-27.6,-9.1,55.9,20.966,16.511,15.005,11.275
MID,act_voxmatched,168,142,L,Insula,Motor,53,-39.1,1.7,9.5,18.101,15.587,7.821,6.803
MID,act_voxmatched,176,150,L,VisMotor,Visual I,76,-9.5,-71.0,31.9,14.655,11.537,6.535,-5.411
MID,act_voxmatched,177,151,L,VisMotor,Visual Asso,84,-28.4,-62.3,40.4,15.643,14.583,8.866,9.136
MID,act_voxmatched,179,153,L,SupramargGyr,Motor,71,-35.7,-39.3,47.7,17.31,13.553,12.893,8.891
MID,act_voxmatched,205,179,L,Visual Assoc,Visual I,85,-17.0,-50.7,0.8,16.376,16.012,3.334,-3.349
MID,act_voxmatched,207,181,L,Visual Assoc,Visual I,73,-25.9,-63.1,-12.3,17.857,14.823,12.222,0.731
MID,act_voxmatched,208,182,L,Visual Assoc,Visual I,129,-16.8,-84.9,33.0,20.32,17.712,9.884,0.572
MID,act_voxmatched,211,185,L,SecVisual,Visual I,76,-8.9,-70.7,-1.7,30.59,28.397,13.925,-5.933
MID,act_voxmatched,215,189,L,PrimVisual,Visual I,103,-6.0,-81.2,12.2,31.465,28.483,17.496,-4.724
MID,act_voxmatched,216,190,L,PrimVisual,Visual I,52,-22.1,-66.7,7.4,16.274,15.029,7.362,-1.395
MID,act_voxmatched,218,192,L,PreMot+SuppMot,Motor,43,-7.8,-22.4,46.0,14.81,10.68,9.631,-3.474
MID,act_voxmatched,261,214,L,Putamen,Sub,71,-24.8,5.6,-0.1,21.178,17.514,14.187,5.923
MID,act_voxmatched,262,215,L,Putamen,Sub,31,-9.6,-25.4,-1.4,14.665,11.168,12.846,3.711
MID,act_thresh,9,9,R,AntPFC,FPN,97,28.9,51.1,18.7,8.499,6.032,5.495,6.853
MID,act_thresh,11,11,R,dlPFC,Limbic,76,37.6,35.4,31.1,9.581,7.753,5.394,8.533
MID,act_thresh,15,15,R,FrontEyeFilds,Limbic,41,6.7,21.4,31.5,17.849,14.207,10.076,10.535
MID,act_thresh,20,20,R,Broca_Triang,Limbic,39,37.0,20.8,5.9,22.437,18.688,12.54,18.984
MID,act_thresh,21,21,R,Broca-Operc,FPN,64,55.4,9.6,22.2,12.79,11.325,7.902,7.215
MID,act_thresh,25,25,R,PreMot+SuppMot,Motor,39,7.0,-8.1,52.9,22.555,18.791,17.129,3.243
MID,act_thresh,26,26,R,PreMot+SuppMot,Motor,65,26.3,-12.9,66.2,9.866,6.1,14.753,-0.523
MID,act_thresh,27,27,R,PreMot+SuppMot,Motor,72,49.2,-4.5,48.1,20.417,16.654,14.372,3.848
MID,act_thresh,28,28,R,PreMot+SuppMot,Limbic,28,6.1,14.0,48.7,25.258,21.635,13.856,14.718
MID,act_thresh,29,29,R,PreMot+SuppMot,Limbic,84,13.7,6.3,65.4,14.407,10.77,9.728,9.72
MID,act_thresh,31,31,R,PreMot+SuppMot,FPN,34,39.7,3.4,34.0,13.107,12.094,5.884,9.095
MID,act_thresh,32,32,R,PreMot+SuppMot,Limbic,36,32.0,-5.4,52.1,20.998,16.802,16.088,9.865
MID,act_thresh,33,33,R,PrimSensory,Motor,136,42.0,-23.4,53.4,13.391,9.331,17.193,-5.332
MID,act_thresh,34,34,R,Insula,Motor,13,41.8,5.0,-7.6,7.948,6.301,5.281,5.74
MID,act_thresh,35,35,R,Insula,Motor,39,41.4,3.5,7.2,15.398,13.158,8.586,5.167
MID,act_thresh,38,38,R,PrimSensory,Motor,67,32.4,-39.2,49.6,11.593,8.224,12.488,4.261
MID,act_thresh,42,42,R,VisMotor,Visual Asso,60,14.8,-68.4,34.9,18.062,13.981,9.373,0.184
MID,act_thresh,43,43,R,VisMotor,Visual Asso,146,31.6,-60.8,49.2,12.184,10.953,8.366,12.767
MID,act_thresh,45,45,R,SupramargGyr,Motor,122,52.8,-27.2,40.9,10.929,8.163,12.213,8.633
MID,act_thresh,47,47,R,SupramargGyr,FPN,144,54.2,-45.2,36.9,10.416,7.854,4.411,15.185
MID,act_thresh,49,49,R,AngGyrus,DMN,84,41.4,-75.3,28.0,9.984,9.023,4.97,-0.468
MID,act_thresh,50,50,R,AngGyrus,DMN,74,48.9,-58.1,14.4,9.027,8.113,2.671,9.16
MID,act_thresh,54,54,R,MedTempGyrus,SMF,39,50.0,-33.8,-0.7,7.011,5.042,2.696,8.765
MID,act_thresh,65,65,R,SupTemGyrus,SMF,93,59.3,-43.8,8.5,9.158,7.852,2.264,9.874
MID,act_thresh,68,68,R,Fusiform,Visual I,60,25.2,-44.6,-12.2,18.778,17.251,7.965,-3.395
MID,act_thresh,72,72,R,Visual Assoc,Visual I,71,21.0,-63.7,-9.0,24.965,22.882,12.029,0.746
MID,act_thresh,73,73,R,Visual Assoc,Visual Asso,79,30.1,-82.9,20.5,13.279,10.477,12.124,9.625
MID,act_thresh,75,75,R,Visual Assoc,Visual I,87,18.9,-81.8,41.5,17.091,14.665,9.434,3.297
MID,act_thresh,77,77,R,SecVisual,Visual I,59,7.7,-75.0,25.0,23.917,21.726,8.767,-5.338
MID,act_thresh,79,79,R,SecVisual,Visual I,64,7.0,-75.7,-2.8,29.654,27.516,14.677,-2.133
MID,act_thresh,80,80,R,SecVisual,Visual I,76,7.8,-88.6,11.9,31.218,28.513,18.38,-2.943
MID,act_thresh,82,82,R,PrimVisual,Visual I,74,14.6,-68.3,8.3,26.972,24.613,13.056,-2.26
MID,act_thresh,84,84,R,VentCing,Motor,34,5.3,-1.0,35.6,13.714,10.925,9.103,1.684
MID,act_thresh,87,87,R,VenPostCing,Visual I,39,28.4,-53.8,7.1,13.678,13.266,2.116,-2.228
MID,act_thresh,89,89,R,DorsalPCC,Motor,33,7.8,-23.1,44.9,14.349,10.01,10.831,-3.5
MID,act_thresh,91,91,R,DorsalPCC,Limbic,40,8.3,-39.9,48.1,14.624,11.113,10.407,-9.365
MID,act_thresh,98,98,R,SecVisual,Visual I,58,14.6,-46.1,2.8,12.975,12.588,2.138,-3.314
MID,act_thresh,124,103,R,Putamen,Sub,59,26.6,6.3,0.1,19.259,15.803,14.279,4.482
MID,act_thresh,125,104,R,Nacc,Sub,71,14.0,8.3,-9.5,11.467,8.135,11.379,-0.706
MID,act_thresh,126,105,R,Thalamus,Sub,36,10.5,-26.8,-2.2,13.178,10.047,11.588,4.008
MID,act_thresh,128,107,R,Thalamus,Sub,17,5.5,-9.7,5.2,11.504,7.965,11.915,2.412
MID,act_thresh,144,118,L,AntPFC,Limbic,63,-28.8,50.1,21.7,12.818,9.884,7.047,8.689
MID,act_thresh,150,124,L,FrontEyeFilds,SMF,48,-5.0,17.7,46.1,19.616,16.448,9.031,12.631
MID,act_thresh,155,129,L,Broca_Triang,Limbic,63,-32.5,22.1,5.8,21.036,16.857,11.875,17.276
MID,act_thresh,157,131,L,PreMot+SuppMot,FPN,71,-46.2,7.9,28.6,14.761,14.349,4.586,5.21
MID,act_thresh,158,132,L,PrimMotor,Motor,76,-41.6,-14.7,44.8,11.686,8.003,9.722,-2.59
MID,act_thresh,161,135,L,PreMot+SuppMot,Motor,36,-6.5,-4.3,47.6,23.42,19.455,14.897,4.656
MID,act_thresh,162,136,L,PreMot+SuppMot,SMF,75,-9.1,0.4,66.5,16.736,12.738,12.515,7.495
MID,act_thresh,165,139,L,PreMot+SuppMot,SMF,53,-45.8,-0.4,49.3,17.638,15.105,10.115,7.822
MID,act_thresh,166,140,L,PreMot+SuppMot,Motor,36,-27.6,-9.1,55.9,20.966,16.511,15.005,11.275
MID,act_thresh,168,142,L,Insula,Motor,53,-39.1,1.7,9.5,18.101,15.587,7.821,6.803
MID,act_thresh,169,143,L,Insula,Limbic,24,-38.7,8.1,-4.8,13.301,10.87,6.012,10.496
MID,act_thresh,171,145,L,PrimSensory,Motor,105,-50.6,-23.8,41.4,14.214,10.441,12.371,2.85
MID,act_thresh,175,149,L,VisMotor,Visual Asso,89,-25.4,-54.7,64.0,8.834,5.899,10.698,2.155
MID,act_thresh,176,150,L,VisMotor,Visual I,76,-9.5,-71.0,31.9,14.655,11.537,6.535,-5.411
MID,act_thresh,177,151,L,VisMotor,Visual Asso,84,-28.4,-62.3,40.4,15.643,14.583,8.866,9.136
MID,act_thresh,178,152,L,VisMotor,Limbic,110,-9.8,-66.3,55.1,12.922,9.292,12.077,1.174
MID,act_thresh,179,153,L,SupramargGyr,Motor,71,-35.7,-39.3,47.7,17.31,13.553,12.893,8.891
MID,act_thresh,181,155,L,SupramargGyr,Motor,78,-59.5,-25.9,21.9,9.42,6.461,9.316,2.702
MID,act_thresh,184,158,L,AngGyrus,FPN,138,-53.4,-43.5,38.8,12.943,10.188,6.707,11.804
MID,act_thresh,198,172,L,Fusiform,Visual I,43,-26.7,-42.7,-16.1,12.972,11.713,6.951,-8.151
MID,act_thresh,200,174,L,Fusiform,Visual Asso,42,-42.6,-52.1,-17.4,7.198,5.643,5.633,5.869
MID,act_thresh,205,179,L,Visual Assoc,Visual I,85,-17.0,-50.7,0.8,16.376,16.012,3.334,-3.349
MID,act_thresh,207,181,L,Visual Assoc,Visual I,73,-25.9,-63.1,-12.3,17.857,14.823,12.222,0.731
MID,act_thresh,208,182,L,Visual Assoc,Visual I,129,-16.8,-84.9,33.0,20.32,17.712,9.884,0.572
MID,act_thresh,209,183,L,Visual Assoc,Visual Asso,79,-48.3,-67.4,1.1,8.59,6.257,9.942,15.856
MID,act_thresh,211,185,L,SecVisual,Visual I,76,-8.9,-70.7,-1.7,30.59,28.397,13.925,-5.933
MID,act_thresh,213,187,L,SecVisual,Visual II,121,-14.7,-84.0,-13.1,8.377,5.435,13.191,6.968
MID,act_thresh,215,189,L,PrimVisual,Visual I,103,-6.0,-81.2,12.2,31.465,28.483,17.496,-4.724
MID,act_thresh,216,190,L,PrimVisual,Visual I,52,-22.1,-66.7,7.4,16.274,15.029,7.362,-1.395
MID,act_thresh,218,192,L,PreMot+SuppMot,Motor,43,-7.8,-22.4,46.0,14.81,10.68,9.631,-3.474
MID,act_thresh,221,195,L,VentCing,Limbic,47,-5.1,13.2,28.7,13.454,11.334,7.356,3.926
MID,act_thresh,226,200,L,DorsalPCC,Limbic,60,-8.8,-42.6,50.1,13.691,10.363,9.334,-9.715
MID,act_thresh,258,211,L,Caudate,Sub,29,-12.5,11.6,8.7,12.516,7.607,14.966,4.72
MID,act_thresh,259,212,L,Caudate,Sub,107,-10.4,10.9,-8.1,9.402,5.796,11.504,-1.245
MID,act_thresh,261,214,L,Putamen,Sub,71,-24.8,5.6,-0.1,21.178,17.514,14.187,5.923
MID,act_thresh,262,215,L,Putamen,Sub,31,-9.6,-25.4,-1.4,14.665,11.168,12.846,3.711
MID,act_thresh,263,216,L,Thalamus,Sub,36,-4.9,-10.3,5.8,9.953,6.516,10.239,2.042
MID,act_strict,15,15,R,FrontEyeFilds,Limbic,41,6.7,21.4,31.5,17.849,14.207,10.076,10.535
MID,act_strict,20,20,R,Broca_Triang,Limbic,39,37.0,20.8,5.9,22.437,18.688,12.54,18.984
MID,act_strict,21,21,R,Broca-Operc,FPN,64,55.4,9.6,22.2,12.79,11.325,7.902,7.215
MID,act_strict,25,25,R,PreMot+SuppMot,Motor,39,7.0,-8.1,52.9,22.555,18.791,17.129,3.243
MID,act_strict,27,27,R,PreMot+SuppMot,Motor,72,49.2,-4.5,48.1,20.417,16.654,14.372,3.848
MID,act_strict,28,28,R,PreMot+SuppMot,Limbic,28,6.1,14.0,48.7,25.258,21.635,13.856,14.718
MID,act_strict,31,31,R,PreMot+SuppMot,FPN,34,39.7,3.4,34.0,13.107,12.094,5.884,9.095
MID,act_strict,32,32,R,PreMot+SuppMot,Limbic,36,32.0,-5.4,52.1,20.998,16.802,16.088,9.865
MID,act_strict,35,35,R,Insula,Motor,39,41.4,3.5,7.2,15.398,13.158,8.586,5.167
MID,act_strict,42,42,R,VisMotor,Visual Asso,60,14.8,-68.4,34.9,18.062,13.981,9.373,0.184
MID,act_strict,43,43,R,VisMotor,Visual Asso,146,31.6,-60.8,49.2,12.184,10.953,8.366,12.767
MID,act_strict,68,68,R,Fusiform,Visual I,60,25.2,-44.6,-12.2,18.778,17.251,7.965,-3.395
MID,act_strict,72,72,R,Visual Assoc,Visual I,71,21.0,-63.7,-9.0,24.965,22.882,12.029,0.746
MID,act_strict,75,75,R,Visual Assoc,Visual I,87,18.9,-81.8,41.5,17.091,14.665,9.434,3.297
MID,act_strict,77,77,R,SecVisual,Visual I,59,7.7,-75.0,25.0,23.917,21.726,8.767,-5.338
MID,act_strict,79,79,R,SecVisual,Visual I,64,7.0,-75.7,-2.8,29.654,27.516,14.677,-2.133
MID,act_strict,80,80,R,SecVisual,Visual I,76,7.8,-88.6,11.9,31.218,28.513,18.38,-2.943
MID,act_strict,82,82,R,PrimVisual,Visual I,74,14.6,-68.3,8.3,26.972,24.613,13.056,-2.26
MID,act_strict,84,84,R,VentCing,Motor,34,5.3,-1.0,35.6,13.714,10.925,9.103,1.684
MID,act_strict,91,91,R,DorsalPCC,Limbic,40,8.3,-39.9,48.1,14.624,11.113,10.407,-9.365
MID,act_strict,124,103,R,Putamen,Sub,59,26.6,6.3,0.1,19.259,15.803,14.279,4.482
MID,act_strict,150,124,L,FrontEyeFilds,SMF,48,-5.0,17.7,46.1,19.616,16.448,9.031,12.631
MID,act_strict,155,129,L,Broca_Triang,Limbic,63,-32.5,22.1,5.8,21.036,16.857,11.875,17.276
MID,act_strict,157,131,L,PreMot+SuppMot,FPN,71,-46.2,7.9,28.6,14.761,14.349,4.586,5.21
MID,act_strict,161,135,L,PreMot+SuppMot,Motor,36,-6.5,-4.3,47.6,23.42,19.455,14.897,4.656
MID,act_strict,165,139,L,PreMot+SuppMot,SMF,53,-45.8,-0.4,49.3,17.638,15.105,10.115,7.822
MID,act_strict,166,140,L,PreMot+SuppMot,Motor,36,-27.6,-9.1,55.9,20.966,16.511,15.005,11.275
MID,act_strict,168,142,L,Insula,Motor,53,-39.1,1.7,9.5,18.101,15.587,7.821,6.803
MID,act_strict,171,145,L,PrimSensory,Motor,105,-50.6,-23.8,41.4,14.214,10.441,12.371,2.85
MID,act_strict,177,151,L,VisMotor,Visual Asso,84,-28.4,-62.3,40.4,15.643,14.583,8.866,9.136
MID,act_strict,179,153,L,SupramargGyr,Motor,71,-35.7,-39.3,47.7,17.31,13.553,12.893,8.891
MID,act_strict,184,158,L,AngGyrus,FPN,138,-53.4,-43.5,38.8,12.943,10.188,6.707,11.804
MID,act_strict,198,172,L,Fusiform,Visual I,43,-26.7,-42.7,-16.1,12.972,11.713,6.951,-8.151
MID,act_strict,205,179,L,Visual Assoc,Visual I,85,-17.0,-50.7,0.8,16.376,16.012,3.334,-3.349
MID,act_strict,207,181,L,Visual Assoc,Visual I,73,-25.9,-63.1,-12.3,17.857,14.823,12.222,0.731
MID,act_strict,208,182,L,Visual Assoc,Visual I,129,-16.8,-84.9,33.0,20.32,17.712,9.884,0.572
MID,act_strict,211,185,L,SecVisual,Visual I,76,-8.9,-70.7,-1.7,30.59,28.397,13.925,-5.933
MID,act_strict,215,189,L,PrimVisual,Visual I,103,-6.0,-81.2,12.2,31.465,28.483,17.496,-4.724
MID,act_strict,216,190,L,PrimVisual,Visual I,52,-22.1,-66.7,7.4,16.274,15.029,7.362,-1.395
MID,act_strict,226,200,L,DorsalPCC,Limbic,60,-8.8,-42.6,50.1,13.691,10.363,9.334,-9.715
MID,act_strict,261,214,L,Putamen,Sub,71,-24.8,5.6,-0.1,21.178,17.514,14.187,5.923
MID,act_strict,262,215,L,Putamen,Sub,31,-9.6,-25.4,-1.4,14.665,11.168,12.846,3.711
MID,act_diff_Nmatched,15,15,R,FrontEyeFilds,Limbic,41,6.7,21.4,31.5,17.849,14.207,10.076,10.535
MID,act_diff_Nmatched,20,20,R,Broca_Triang,Limbic,39,37.0,20.8,5.9,22.437,18.688,12.54,18.984
MID,act_diff_Nmatched,25,25,R,PreMot+SuppMot,Motor,39,7.0,-8.1,52.9,22.555,18.791,17.129,3.243
MID,act_diff_Nmatched,26,26,R,PreMot+SuppMot,Motor,65,26.3,-12.9,66.2,9.866,6.1,14.753,-0.523
MID,act_diff_Nmatched,27,27,R,PreMot+SuppMot,Motor,72,49.2,-4.5,48.1,20.417,16.654,14.372,3.848
MID,act_diff_Nmatched,28,28,R,PreMot+SuppMot,Limbic,28,6.1,14.0,48.7,25.258,21.635,13.856,14.718
MID,act_diff_Nmatched,32,32,R,PreMot+SuppMot,Limbic,36,32.0,-5.4,52.1,20.998,16.802,16.088,9.865
MID,act_diff_Nmatched,33,33,R,PrimSensory,Motor,136,42.0,-23.4,53.4,13.391,9.331,17.193,-5.332
MID,act_diff_Nmatched,38,38,R,PrimSensory,Motor,67,32.4,-39.2,49.6,11.593,8.224,12.488,4.261
MID,act_diff_Nmatched,41,41,R,VisMotor,Visual Asso,57,25.2,-52.4,68.1,1.782,-0.797,10.072,-0.337
MID,act_diff_Nmatched,44,44,R,VisMotor,Limbic,78,7.5,-57.3,61.8,6.353,3.39,9.9,-2.718
MID,act_diff_Nmatched,45,45,R,SupramargGyr,Motor,122,52.8,-27.2,40.9,10.929,8.163,12.213,8.633
MID,act_diff_Nmatched,67,67,R,Fusiform,Visual Asso,51,36.4,-69.1,-17.5,-0.432,-3.849,14.844,9.964
MID,act_diff_Nmatched,72,72,R,Visual Assoc,Visual I,71,21.0,-63.7,-9.0,24.965,22.882,12.029,0.746
MID,act_diff_Nmatched,73,73,R,Visual Assoc,Visual Asso,79,30.1,-82.9,20.5,13.279,10.477,12.124,9.625
MID,act_diff_Nmatched,76,76,R,SecVisual,Visual II,102,17.9,-83.4,-11.3,4.717,2.406,18.82,9.349
MID,act_diff_Nmatched,78,78,R,SecVisual,Visual II,105,23.7,-96.0,6.5,-15.308,-17.937,14.853,14.002
MID,act_diff_Nmatched,79,79,R,SecVisual,Visual I,64,7.0,-75.7,-2.8,29.654,27.516,14.677,-2.133
MID,act_diff_Nmatched,80,80,R,SecVisual,Visual I,76,7.8,-88.6,11.9,31.218,28.513,18.38,-2.943
MID,act_diff_Nmatched,81,81,R,SecVisual,Visual II,100,31.2,-91.8,-10.8,-30.548,-32.301,11.598,6.79
MID,act_diff_Nmatched,82,82,R,PrimVisual,Visual I,74,14.6,-68.3,8.3,26.972,24.613,13.056,-2.26
MID,act_diff_Nmatched,89,89,R,DorsalPCC,Motor,33,7.8,-23.1,44.9,14.349,10.01,10.831,-3.5
MID,act_diff_Nmatched,91,91,R,DorsalPCC,Limbic,40,8.3,-39.9,48.1,14.624,11.113,10.407,-9.365
MID,act_diff_Nmatched,121,100,R,Caudate,Sub,48,12.7,12.9,11.5,5.875,2.064,10.629,0.912
MID,act_diff_Nmatched,123,102,R,Caudate,Sub,52,12.6,20.2,-0.7,8.066,3.338,14.321,-0.247
MID,act_diff_Nmatched,124,103,R,Putamen,Sub,59,26.6,6.3,0.1,19.259,15.803,14.279,4.482
MID,act_diff_Nmatched,125,104,R,Nacc,Sub,71,14.0,8.3,-9.5,11.467,8.135,11.379,-0.706
MID,act_diff_Nmatched,126,105,R,Thalamus,Sub,36,10.5,-26.8,-2.2,13.178,10.047,11.588,4.008
MID,act_diff_Nmatched,128,107,R,Thalamus,Sub,17,5.5,-9.7,5.2,11.504,7.965,11.915,2.412
MID,act_diff_Nmatched,155,129,L,Broca_Triang,Limbic,63,-32.5,22.1,5.8,21.036,16.857,11.875,17.276
MID,act_diff_Nmatched,161,135,L,PreMot+SuppMot,Motor,36,-6.5,-4.3,47.6,23.42,19.455,14.897,4.656
MID,act_diff_Nmatched,162,136,L,PreMot+SuppMot,SMF,75,-9.1,0.4,66.5,16.736,12.738,12.515,7.495
MID,act_diff_Nmatched,165,139,L,PreMot+SuppMot,SMF,53,-45.8,-0.4,49.3,17.638,15.105,10.115,7.822
MID,act_diff_Nmatched,166,140,L,PreMot+SuppMot,Motor,36,-27.6,-9.1,55.9,20.966,16.511,15.005,11.275
MID,act_diff_Nmatched,167,141,L,PrimSensory,Motor,70,-35.9,-23.3,65.6,7.617,3.265,12.402,-2.395
MID,act_diff_Nmatched,171,145,L,PrimSensory,Motor,105,-50.6,-23.8,41.4,14.214,10.441,12.371,2.85
MID,act_diff_Nmatched,175,149,L,VisMotor,Visual Asso,89,-25.4,-54.7,64.0,8.834,5.899,10.698,2.155
MID,act_diff_Nmatched,178,152,L,VisMotor,Limbic,110,-9.8,-66.3,55.1,12.922,9.292,12.077,1.174
MID,act_diff_Nmatched,179,153,L,SupramargGyr,Motor,71,-35.7,-39.3,47.7,17.31,13.553,12.893,8.891
MID,act_diff_Nmatched,207,181,L,Visual Assoc,Visual I,73,-25.9,-63.1,-12.3,17.857,14.823,12.222,0.731
MID,act_diff_Nmatched,208,182,L,Visual Assoc,Visual I,129,-16.8,-84.9,33.0,20.32,17.712,9.884,0.572
MID,act_diff_Nmatched,209,183,L,Visual Assoc,Visual Asso,79,-48.3,-67.4,1.1,8.59,6.257,9.942,15.856
MID,act_diff_Nmatched,211,185,L,SecVisual,Visual I,76,-8.9,-70.7,-1.7,30.59,28.397,13.925,-5.933
MID,act_diff_Nmatched,213,187,L,SecVisual,Visual II,121,-14.7,-84.0,-13.1,8.377,5.435,13.191,6.968
MID,act_diff_Nmatched,214,188,L,SecVisual,Visual II,108,-22.3,-96.6,-10.1,-34.605,-37.355,12.97,6.696
MID,act_diff_Nmatched,215,189,L,PrimVisual,Visual I,103,-6.0,-81.2,12.2,31.465,28.483,17.496,-4.724
MID,act_diff_Nmatched,258,211,L,Caudate,Sub,29,-12.5,11.6,8.7,12.516,7.607,14.966,4.72
MID,act_diff_Nmatched,259,212,L,Caudate,Sub,107,-10.4,10.9,-8.1,9.402,5.796,11.504,-1.245
MID,act_diff_Nmatched,261,214,L,Putamen,Sub,71,-24.8,5.6,-0.1,21.178,17.514,14.187,5.923
MID,act_diff_Nmatched,262,215,L,Putamen,Sub,31,-9.6,-25.4,-1.4,14.665,11.168,12.846,3.711
MID,act_diff_Nmatched,263,216,L,Thalamus,Sub,36,-4.9,-10.3,5.8,9.953,6.516,10.239,2.042
MID,hybrid,15,15,R,FrontEyeFilds,Limbic,41,6.7,21.4,31.5,17.849,14.207,10.076,10.535
MID,hybrid,20,20,R,Broca_Triang,Limbic,39,37.0,20.8,5.9,22.437,18.688,12.54,18.984
MID,hybrid,21,21,R,Broca-Operc,FPN,64,55.4,9.6,22.2,12.79,11.325,7.902,7.215
MID,hybrid,23,23,R,PrimMotor,Motor,131,57.8,-8.3,27.3,-0.969,-2.91,2.98,1.388
MID,hybrid,25,25,R,PreMot+SuppMot,Motor,39,7.0,-8.1,52.9,22.555,18.791,17.129,3.243
MID,hybrid,27,27,R,PreMot+SuppMot,Motor,72,49.2,-4.5,48.1,20.417,16.654,14.372,3.848
MID,hybrid,28,28,R,PreMot+SuppMot,Limbic,28,6.1,14.0,48.7,25.258,21.635,13.856,14.718
MID,hybrid,29,29,R,PreMot+SuppMot,Limbic,84,13.7,6.3,65.4,14.407,10.77,9.728,9.72
MID,hybrid,31,31,R,PreMot+SuppMot,FPN,34,39.7,3.4,34.0,13.107,12.094,5.884,9.095
MID,hybrid,32,32,R,PreMot+SuppMot,Limbic,36,32.0,-5.4,52.1,20.998,16.802,16.088,9.865
MID,hybrid,35,35,R,Insula,Motor,39,41.4,3.5,7.2,15.398,13.158,8.586,5.167
MID,hybrid,42,42,R,VisMotor,Visual Asso,60,14.8,-68.4,34.9,18.062,13.981,9.373,0.184
MID,hybrid,68,68,R,Fusiform,Visual I,60,25.2,-44.6,-12.2,18.778,17.251,7.965,-3.395
MID,hybrid,72,72,R,Visual Assoc,Visual I,71,21.0,-63.7,-9.0,24.965,22.882,12.029,0.746
MID,hybrid,73,73,R,Visual Assoc,Visual Asso,79,30.1,-82.9,20.5,13.279,10.477,12.124,9.625
MID,hybrid,75,75,R,Visual Assoc,Visual I,87,18.9,-81.8,41.5,17.091,14.665,9.434,3.297
MID,hybrid,77,77,R,SecVisual,Visual I,59,7.7,-75.0,25.0,23.917,21.726,8.767,-5.338
MID,hybrid,79,79,R,SecVisual,Visual I,64,7.0,-75.7,-2.8,29.654,27.516,14.677,-2.133
MID,hybrid,80,80,R,SecVisual,Visual I,76,7.8,-88.6,11.9,31.218,28.513,18.38,-2.943
MID,hybrid,82,82,R,PrimVisual,Visual I,74,14.6,-68.3,8.3,26.972,24.613,13.056,-2.26
MID,hybrid,84,84,R,VentCing,Motor,34,5.3,-1.0,35.6,13.714,10.925,9.103,1.684
MID,hybrid,87,87,R,VenPostCing,Visual I,39,28.4,-53.8,7.1,13.678,13.266,2.116,-2.228
MID,hybrid,89,89,R,DorsalPCC,Motor,33,7.8,-23.1,44.9,14.349,10.01,10.831,-3.5
MID,hybrid,91,91,R,DorsalPCC,Limbic,40,8.3,-39.9,48.1,14.624,11.113,10.407,-9.365
MID,hybrid,98,98,R,SecVisual,Visual I,58,14.6,-46.1,2.8,12.975,12.588,2.138,-3.314
MID,hybrid,124,103,R,Putamen,Sub,59,26.6,6.3,0.1,19.259,15.803,14.279,4.482
MID,hybrid,126,105,R,Thalamus,Sub,36,10.5,-26.8,-2.2,13.178,10.047,11.588,4.008
MID,hybrid,127,106,R,Thalamus,Sub,28,12.3,-27.7,13.5,2.283,0.625,4.102,-0.198
MID,hybrid,128,107,R,Thalamus,Sub,17,5.5,-9.7,5.2,11.504,7.965,11.915,2.412
MID,hybrid,150,124,L,FrontEyeFilds,SMF,48,-5.0,17.7,46.1,19.616,16.448,9.031,12.631
MID,hybrid,155,129,L,Broca_Triang,Limbic,63,-32.5,22.1,5.8,21.036,16.857,11.875,17.276
MID,hybrid,157,131,L,PreMot+SuppMot,FPN,71,-46.2,7.9,28.6,14.761,14.349,4.586,5.21
MID,hybrid,158,132,L,PrimMotor,Motor,76,-41.6,-14.7,44.8,11.686,8.003,9.722,-2.59
MID,hybrid,161,135,L,PreMot+SuppMot,Motor,36,-6.5,-4.3,47.6,23.42,19.455,14.897,4.656
MID,hybrid,162,136,L,PreMot+SuppMot,SMF,75,-9.1,0.4,66.5,16.736,12.738,12.515,7.495
MID,hybrid,165,139,L,PreMot+SuppMot,SMF,53,-45.8,-0.4,49.3,17.638,15.105,10.115,7.822
MID,hybrid,166,140,L,PreMot+SuppMot,Motor,36,-27.6,-9.1,55.9,20.966,16.511,15.005,11.275
MID,hybrid,168,142,L,Insula,Motor,53,-39.1,1.7,9.5,18.101,15.587,7.821,6.803
MID,hybrid,169,143,L,Insula,Limbic,24,-38.7,8.1,-4.8,13.301,10.87,6.012,10.496
MID,hybrid,171,145,L,PrimSensory,Motor,105,-50.6,-23.8,41.4,14.214,10.441,12.371,2.85
MID,hybrid,176,150,L,VisMotor,Visual I,76,-9.5,-71.0,31.9,14.655,11.537,6.535,-5.411
MID,hybrid,177,151,L,VisMotor,Visual Asso,84,-28.4,-62.3,40.4,15.643,14.583,8.866,9.136
MID,hybrid,179,153,L,SupramargGyr,Motor,71,-35.7,-39.3,47.7,17.31,13.553,12.893,8.891
MID,hybrid,198,172,L,Fusiform,Visual I,43,-26.7,-42.7,-16.1,12.972,11.713,6.951,-8.151
MID,hybrid,205,179,L,Visual Assoc,Visual I,85,-17.0,-50.7,0.8,16.376,16.012,3.334,-3.349
MID,hybrid,207,181,L,Visual Assoc,Visual I,73,-25.9,-63.1,-12.3,17.857,14.823,12.222,0.731
MID,hybrid,208,182,L,Visual Assoc,Visual I,129,-16.8,-84.9,33.0,20.32,17.712,9.884,0.572
MID,hybrid,211,185,L,SecVisual,Visual I,76,-8.9,-70.7,-1.7,30.59,28.397,13.925,-5.933
MID,hybrid,215,189,L,PrimVisual,Visual I,103,-6.0,-81.2,12.2,31.465,28.483,17.496,-4.724
MID,hybrid,216,190,L,PrimVisual,Visual I,52,-22.1,-66.7,7.4,16.274,15.029,7.362,-1.395
MID,hybrid,218,192,L,PreMot+SuppMot,Motor,43,-7.8,-22.4,46.0,14.81,10.68,9.631,-3.474
MID,hybrid,221,195,L,VentCing,Limbic,47,-5.1,13.2,28.7,13.454,11.334,7.356,3.926
MID,hybrid,226,200,L,DorsalPCC,Limbic,60,-8.8,-42.6,50.1,13.691,10.363,9.334,-9.715
MID,hybrid,261,214,L,Putamen,Sub,71,-24.8,5.6,-0.1,21.178,17.514,14.187,5.923
MID,hybrid,262,215,L,Putamen,Sub,31,-9.6,-25.4,-1.4,14.665,11.168,12.846,3.711
MID,hybrid,263,216,L,Thalamus,Sub,36,-4.9,-10.3,5.8,9.953,6.516,10.239,2.042
MID,hybrid,264,217,L,Thalamus,Sub,28,-11.6,-25.6,14.8,5.245,3.155,6.832,1.426
SST,prior,1,1,R,OrbFrontal,FPN,57,13.9,56.8,-16.6,-5.101,-5.965,0.465,-1.622
SST,prior,4,4,R,OrbFrontal,FPN,31,15.6,34.1,-22.6,-3.887,-4.773,2.007,-0.779
SST,prior,7,7,R,AntPFC,FPN,52,30.5,54.9,-3.5,1.164,-0.303,3.491,3.245
SST,prior,8,8,R,AntPFC,FPN,60,44.6,46.2,-4.9,-5.676,-5.136,-2.204,3.849
SST,prior,9,9,R,AntPFC,FPN,97,28.9,51.1,18.7,8.499,6.032,5.495,6.853
SST,prior,19,19,R,dlPFC,FPN,58,48.3,35.7,15.1,-0.461,0.084,0.051,1.073
SST,prior,21,21,R,Broca-Operc,FPN,64,55.4,9.6,22.2,12.79,11.325,7.902,7.215
SST,prior,22,22,R,Broca-Operc,FPN,67,40.0,17.6,29.2,5.357,4.723,2.084,0.613
SST,prior,23,23,R,PrimMotor,Motor,131,57.8,-8.3,27.3,-0.969,-2.91,2.98,1.388
SST,prior,30,30,R,PreMot+SuppMot,FPN,60,25.2,12.4,49.4,3.24,2.374,3.188,-0.727
SST,prior,31,31,R,PreMot+SuppMot,FPN,34,39.7,3.4,34.0,13.107,12.094,5.884,9.095
SST,prior,34,34,R,Insula,Motor,13,41.8,5.0,-7.6,7.948,6.301,5.281,5.74
SST,prior,35,35,R,Insula,Motor,39,41.4,3.5,7.2,15.398,13.158,8.586,5.167
SST,prior,37,37,R,Insula,Motor,69,38.3,-12.5,-1.1,5.535,3.713,6.203,-4.171
SST,prior,82,82,R,PrimVisual,Visual I,74,14.6,-68.3,8.3,26.972,24.613,13.056,-2.26
SST,prior,83,83,R,DorsalACC,Limbic,39,7.8,34.7,17.1,3.462,0.793,2.374,1.027
SST,prior,120,99,R,,Sub,18,21.2,-36.4,22.6,3.678,2.803,0.154,-1.604
SST,prior,121,100,R,Caudate,Sub,48,12.7,12.9,11.5,5.875,2.064,10.629,0.912
SST,prior,122,101,R,Caudate,Sub,49,13.7,-4.2,20.9,1.189,-1.286,6.453,-0.679
SST,prior,123,102,R,Caudate,Sub,52,12.6,20.2,-0.7,8.066,3.338,14.321,-0.247
SST,prior,124,103,R,Putamen,Sub,59,26.6,6.3,0.1,19.259,15.803,14.279,4.482
SST,prior,126,105,R,Thalamus,Sub,36,10.5,-26.8,-2.2,13.178,10.047,11.588,4.008
SST,prior,127,106,R,Thalamus,Sub,28,12.3,-27.7,13.5,2.283,0.625,4.102,-0.198
SST,prior,128,107,R,Thalamus,Sub,17,5.5,-9.7,5.2,11.504,7.965,11.915,2.412
SST,prior,139,113,L,AntPFC,FPN,47,-18.2,57.0,-14.3,-1.797,-2.937,1.509,2.035
SST,prior,140,114,L,OrbFrontal,SMF,37,-6.0,48.1,11.7,-4.411,-6.11,-2.759,-4.594
SST,prior,142,116,L,AntPFC,FPN,32,-29.2,54.3,2.5,6.121,4.238,4.378,5.341
SST,prior,143,117,L,AntPFC,FPN,47,-42.7,47.3,-6.9,-4.257,-2.987,-4.034,3.577
SST,prior,147,121,L,dlPFC,FPN,47,-46.1,28.2,26.8,4.719,5.267,0.241,1.012
SST,prior,154,128,L,dlPFC,FPN,54,-43.0,42.0,11.0,4.877,4.983,1.162,1.752
SST,prior,157,131,L,PreMot+SuppMot,FPN,71,-46.2,7.9,28.6,14.761,14.349,4.586,5.21
SST,prior,158,132,L,PrimMotor,Motor,76,-41.6,-14.7,44.8,11.686,8.003,9.722,-2.59
SST,prior,164,138,L,PreMot+SuppMot,FPN,108,-23.2,10.7,53.6,5.643,4.03,4.452,-0.211
SST,prior,168,142,L,Insula,Motor,53,-39.1,1.7,9.5,18.101,15.587,7.821,6.803
SST,prior,170,144,L,Insula,Motor,51,-37.7,-12.9,-1.4,6.203,4.628,5.528,-2.565
SST,prior,215,189,L,PrimVisual,Visual I,103,-6.0,-81.2,12.2,31.465,28.483,17.496,-4.724
SST,prior,216,190,L,PrimVisual,Visual I,52,-22.1,-66.7,7.4,16.274,15.029,7.362,-1.395
SST,prior,217,191,L,,Sub,9,-23.6,-41.3,19.9,1.075,0.723,0.859,-0.36
SST,prior,219,193,L,DorsalAcc,SMF,56,-6.0,34.1,26.3,7.716,4.422,4.135,5.454
SST,prior,257,210,L,,Sub,27,-10.8,23.9,9.6,-12.238,-12.552,0.944,-6.088
SST,prior,258,211,L,Caudate,Sub,29,-12.5,11.6,8.7,12.516,7.607,14.966,4.72
SST,prior,259,212,L,Caudate,Sub,107,-10.4,10.9,-8.1,9.402,5.796,11.504,-1.245
SST,prior,260,213,L,Caudate,Sub,51,-14.6,-3.5,21.1,-1.206,-3.216,5.035,1.102
SST,prior,261,214,L,Putamen,Sub,71,-24.8,5.6,-0.1,21.178,17.514,14.187,5.923
SST,prior,262,215,L,Putamen,Sub,31,-9.6,-25.4,-1.4,14.665,11.168,12.846,3.711
SST,prior,263,216,L,Thalamus,Sub,36,-4.9,-10.3,5.8,9.953,6.516,10.239,2.042
SST,prior,264,217,L,Thalamus,Sub,28,-11.6,-25.6,14.8,5.245,3.155,6.832,1.426
SST,act_Nmatched,9,9,R,AntPFC,FPN,97,28.9,51.1,18.7,8.499,6.032,5.495,6.853
SST,act_Nmatched,11,11,R,dlPFC,Limbic,76,37.6,35.4,31.1,9.581,7.753,5.394,8.533
SST,act_Nmatched,15,15,R,FrontEyeFilds,Limbic,41,6.7,21.4,31.5,17.849,14.207,10.076,10.535
SST,act_Nmatched,16,16,R,ParsOrbitalis,SMF,59,53.6,24.8,0.9,1.52,-0.197,1.638,5.616
SST,act_Nmatched,20,20,R,Broca_Triang,Limbic,39,37.0,20.8,5.9,22.437,18.688,12.54,18.984
SST,act_Nmatched,21,21,R,Broca-Operc,FPN,64,55.4,9.6,22.2,12.79,11.325,7.902,7.215
SST,act_Nmatched,28,28,R,PreMot+SuppMot,Limbic,28,6.1,14.0,48.7,25.258,21.635,13.856,14.718
SST,act_Nmatched,29,29,R,PreMot+SuppMot,Limbic,84,13.7,6.3,65.4,14.407,10.77,9.728,9.72
SST,act_Nmatched,31,31,R,PreMot+SuppMot,FPN,34,39.7,3.4,34.0,13.107,12.094,5.884,9.095
SST,act_Nmatched,32,32,R,PreMot+SuppMot,Limbic,36,32.0,-5.4,52.1,20.998,16.802,16.088,9.865
SST,act_Nmatched,34,34,R,Insula,Motor,13,41.8,5.0,-7.6,7.948,6.301,5.281,5.74
SST,act_Nmatched,36,36,R,Insula,Limbic,40,37.5,21.1,-10.1,8.124,4.944,3.915,11.103
SST,act_Nmatched,43,43,R,VisMotor,Visual Asso,146,31.6,-60.8,49.2,12.184,10.953,8.366,12.767
SST,act_Nmatched,45,45,R,SupramargGyr,Motor,122,52.8,-27.2,40.9,10.929,8.163,12.213,8.633
SST,act_Nmatched,47,47,R,SupramargGyr,FPN,144,54.2,-45.2,36.9,10.416,7.854,4.411,15.185
SST,act_Nmatched,50,50,R,AngGyrus,DMN,74,48.9,-58.1,14.4,9.027,8.113,2.671,9.16
SST,act_Nmatched,54,54,R,MedTempGyrus,SMF,39,50.0,-33.8,-0.7,7.011,5.042,2.696,8.765
SST,act_Nmatched,65,65,R,SupTemGyrus,SMF,93,59.3,-43.8,8.5,9.158,7.852,2.264,9.874
SST,act_Nmatched,66,66,R,Fusiform,Visual Asso,44,46.5,-59.9,-14.8,-3.071,-4.777,7.319,12.087
SST,act_Nmatched,67,67,R,Fusiform,Visual Asso,51,36.4,-69.1,-17.5,-0.432,-3.849,14.844,9.964
SST,act_Nmatched,69,69,R,Fusiform,Visual Asso,77,55.2,-56.3,-4.8,4.396,2.813,7.092,10.006
SST,act_Nmatched,71,71,R,Fusiform,Visual Asso,45,41.6,-45.7,-22.6,6.986,4.577,8.723,8.122
SST,act_Nmatched,73,73,R,Visual Assoc,Visual Asso,79,30.1,-82.9,20.5,13.279,10.477,12.124,9.625
SST,act_Nmatched,74,74,R,Visual Assoc,Visual Asso,96,45.1,-74.3,2.6,3.28,1.083,7.546,23.274
SST,act_Nmatched,76,76,R,SecVisual,Visual II,102,17.9,-83.4,-11.3,4.717,2.406,18.82,9.349
SST,act_Nmatched,78,78,R,SecVisual,Visual II,105,23.7,-96.0,6.5,-15.308,-17.937,14.853,14.002
SST,act_Nmatched,81,81,R,SecVisual,Visual II,100,31.2,-91.8,-10.8,-30.548,-32.301,11.598,6.79
SST,act_Nmatched,144,118,L,AntPFC,Limbic,63,-28.8,50.1,21.7,12.818,9.884,7.047,8.689
SST,act_Nmatched,150,124,L,FrontEyeFilds,SMF,48,-5.0,17.7,46.1,19.616,16.448,9.031,12.631
SST,act_Nmatched,155,129,L,Broca_Triang,Limbic,63,-32.5,22.1,5.8,21.036,16.857,11.875,17.276
SST,act_Nmatched,162,136,L,PreMot+SuppMot,SMF,75,-9.1,0.4,66.5,16.736,12.738,12.515,7.495
SST,act_Nmatched,165,139,L,PreMot+SuppMot,SMF,53,-45.8,-0.4,49.3,17.638,15.105,10.115,7.822
SST,act_Nmatched,166,140,L,PreMot+SuppMot,Motor,36,-27.6,-9.1,55.9,20.966,16.511,15.005,11.275
SST,act_Nmatched,168,142,L,Insula,Motor,53,-39.1,1.7,9.5,18.101,15.587,7.821,6.803
SST,act_Nmatched,169,143,L,Insula,Limbic,24,-38.7,8.1,-4.8,13.301,10.87,6.012,10.496
SST,act_Nmatched,177,151,L,VisMotor,Visual Asso,84,-28.4,-62.3,40.4,15.643,14.583,8.866,9.136
SST,act_Nmatched,179,153,L,SupramargGyr,Motor,71,-35.7,-39.3,47.7,17.31,13.553,12.893,8.891
SST,act_Nmatched,184,158,L,AngGyrus,FPN,138,-53.4,-43.5,38.8,12.943,10.188,6.707,11.804
SST,act_Nmatched,200,174,L,Fusiform,Visual Asso,42,-42.6,-52.1,-17.4,7.198,5.643,5.633,5.869
SST,act_Nmatched,204,178,L,Visual Assoc,Visual Asso,63,-31.6,-87.2,12.5,7.969,4.708,9.663,12.317
SST,act_Nmatched,206,180,L,Visual Assoc,Visual Asso,50,-43.2,-70.4,-13.8,-2.553,-5.03,7.339,9.837
SST,act_Nmatched,209,183,L,Visual Assoc,Visual Asso,79,-48.3,-67.4,1.1,8.59,6.257,9.942,15.856
SST,act_Nmatched,210,184,L,SecVisual,Visual Asso,63,-36.0,-84.2,-3.9,-10.308,-13.566,8.868,20.931
SST,act_Nmatched,212,186,L,SecVisual,Visual II,103,-10.8,-98.1,7.6,6.817,3.645,9.632,10.13
SST,act_Nmatched,213,187,L,SecVisual,Visual II,121,-14.7,-84.0,-13.1,8.377,5.435,13.191,6.968
SST,act_Nmatched,214,188,L,SecVisual,Visual II,108,-22.3,-96.6,-10.1,-34.605,-37.355,12.97,6.696
SST,act_Nmatched,261,214,L,Putamen,Sub,71,-24.8,5.6,-0.1,21.178,17.514,14.187,5.923
SST,act_voxmatched,11,11,R,dlPFC,Limbic,76,37.6,35.4,31.1,9.581,7.753,5.394,8.533
SST,act_voxmatched,15,15,R,FrontEyeFilds,Limbic,41,6.7,21.4,31.5,17.849,14.207,10.076,10.535
SST,act_voxmatched,20,20,R,Broca_Triang,Limbic,39,37.0,20.8,5.9,22.437,18.688,12.54,18.984
SST,act_voxmatched,28,28,R,PreMot+SuppMot,Limbic,28,6.1,14.0,48.7,25.258,21.635,13.856,14.718
SST,act_voxmatched,29,29,R,PreMot+SuppMot,Limbic,84,13.7,6.3,65.4,14.407,10.77,9.728,9.72
SST,act_voxmatched,31,31,R,PreMot+SuppMot,FPN,34,39.7,3.4,34.0,13.107,12.094,5.884,9.095
SST,act_voxmatched,32,32,R,PreMot+SuppMot,Limbic,36,32.0,-5.4,52.1,20.998,16.802,16.088,9.865
SST,act_voxmatched,34,34,R,Insula,Motor,13,41.8,5.0,-7.6,7.948,6.301,5.281,5.74
SST,act_voxmatched,36,36,R,Insula,Limbic,40,37.5,21.1,-10.1,8.124,4.944,3.915,11.103
SST,act_voxmatched,43,43,R,VisMotor,Visual Asso,146,31.6,-60.8,49.2,12.184,10.953,8.366,12.767
SST,act_voxmatched,45,45,R,SupramargGyr,Motor,122,52.8,-27.2,40.9,10.929,8.163,12.213,8.633
SST,act_voxmatched,47,47,R,SupramargGyr,FPN,144,54.2,-45.2,36.9,10.416,7.854,4.411,15.185
SST,act_voxmatched,50,50,R,AngGyrus,DMN,74,48.9,-58.1,14.4,9.027,8.113,2.671,9.16
SST,act_voxmatched,54,54,R,MedTempGyrus,SMF,39,50.0,-33.8,-0.7,7.011,5.042,2.696,8.765
SST,act_voxmatched,65,65,R,SupTemGyrus,SMF,93,59.3,-43.8,8.5,9.158,7.852,2.264,9.874
SST,act_voxmatched,66,66,R,Fusiform,Visual Asso,44,46.5,-59.9,-14.8,-3.071,-4.777,7.319,12.087
SST,act_voxmatched,67,67,R,Fusiform,Visual Asso,51,36.4,-69.1,-17.5,-0.432,-3.849,14.844,9.964
SST,act_voxmatched,69,69,R,Fusiform,Visual Asso,77,55.2,-56.3,-4.8,4.396,2.813,7.092,10.006
SST,act_voxmatched,73,73,R,Visual Assoc,Visual Asso,79,30.1,-82.9,20.5,13.279,10.477,12.124,9.625
SST,act_voxmatched,74,74,R,Visual Assoc,Visual Asso,96,45.1,-74.3,2.6,3.28,1.083,7.546,23.274
SST,act_voxmatched,76,76,R,SecVisual,Visual II,102,17.9,-83.4,-11.3,4.717,2.406,18.82,9.349
SST,act_voxmatched,78,78,R,SecVisual,Visual II,105,23.7,-96.0,6.5,-15.308,-17.937,14.853,14.002
SST,act_voxmatched,128,107,R,Thalamus,Sub,17,5.5,-9.7,5.2,11.504,7.965,11.915,2.412
SST,act_voxmatched,144,118,L,AntPFC,Limbic,63,-28.8,50.1,21.7,12.818,9.884,7.047,8.689
SST,act_voxmatched,150,124,L,FrontEyeFilds,SMF,48,-5.0,17.7,46.1,19.616,16.448,9.031,12.631
SST,act_voxmatched,155,129,L,Broca_Triang,Limbic,63,-32.5,22.1,5.8,21.036,16.857,11.875,17.276
SST,act_voxmatched,166,140,L,PreMot+SuppMot,Motor,36,-27.6,-9.1,55.9,20.966,16.511,15.005,11.275
SST,act_voxmatched,169,143,L,Insula,Limbic,24,-38.7,8.1,-4.8,13.301,10.87,6.012,10.496
SST,act_voxmatched,177,151,L,VisMotor,Visual Asso,84,-28.4,-62.3,40.4,15.643,14.583,8.866,9.136
SST,act_voxmatched,179,153,L,SupramargGyr,Motor,71,-35.7,-39.3,47.7,17.31,13.553,12.893,8.891
SST,act_voxmatched,184,158,L,AngGyrus,FPN,138,-53.4,-43.5,38.8,12.943,10.188,6.707,11.804
SST,act_voxmatched,204,178,L,Visual Assoc,Visual Asso,63,-31.6,-87.2,12.5,7.969,4.708,9.663,12.317
SST,act_voxmatched,206,180,L,Visual Assoc,Visual Asso,50,-43.2,-70.4,-13.8,-2.553,-5.03,7.339,9.837
SST,act_voxmatched,209,183,L,Visual Assoc,Visual Asso,79,-48.3,-67.4,1.1,8.59,6.257,9.942,15.856
SST,act_voxmatched,210,184,L,SecVisual,Visual Asso,63,-36.0,-84.2,-3.9,-10.308,-13.566,8.868,20.931
SST,act_voxmatched,212,186,L,SecVisual,Visual II,103,-10.8,-98.1,7.6,6.817,3.645,9.632,10.13
SST,act_thresh,9,9,R,AntPFC,FPN,97,28.9,51.1,18.7,8.499,6.032,5.495,6.853
SST,act_thresh,11,11,R,dlPFC,Limbic,76,37.6,35.4,31.1,9.581,7.753,5.394,8.533
SST,act_thresh,15,15,R,FrontEyeFilds,Limbic,41,6.7,21.4,31.5,17.849,14.207,10.076,10.535
SST,act_thresh,16,16,R,ParsOrbitalis,SMF,59,53.6,24.8,0.9,1.52,-0.197,1.638,5.616
SST,act_thresh,20,20,R,Broca_Triang,Limbic,39,37.0,20.8,5.9,22.437,18.688,12.54,18.984
SST,act_thresh,21,21,R,Broca-Operc,FPN,64,55.4,9.6,22.2,12.79,11.325,7.902,7.215
SST,act_thresh,28,28,R,PreMot+SuppMot,Limbic,28,6.1,14.0,48.7,25.258,21.635,13.856,14.718
SST,act_thresh,29,29,R,PreMot+SuppMot,Limbic,84,13.7,6.3,65.4,14.407,10.77,9.728,9.72
SST,act_thresh,31,31,R,PreMot+SuppMot,FPN,34,39.7,3.4,34.0,13.107,12.094,5.884,9.095
SST,act_thresh,32,32,R,PreMot+SuppMot,Limbic,36,32.0,-5.4,52.1,20.998,16.802,16.088,9.865
SST,act_thresh,34,34,R,Insula,Motor,13,41.8,5.0,-7.6,7.948,6.301,5.281,5.74
SST,act_thresh,35,35,R,Insula,Motor,39,41.4,3.5,7.2,15.398,13.158,8.586,5.167
SST,act_thresh,36,36,R,Insula,Limbic,40,37.5,21.1,-10.1,8.124,4.944,3.915,11.103
SST,act_thresh,43,43,R,VisMotor,Visual Asso,146,31.6,-60.8,49.2,12.184,10.953,8.366,12.767
SST,act_thresh,45,45,R,SupramargGyr,Motor,122,52.8,-27.2,40.9,10.929,8.163,12.213,8.633
SST,act_thresh,47,47,R,SupramargGyr,FPN,144,54.2,-45.2,36.9,10.416,7.854,4.411,15.185
SST,act_thresh,50,50,R,AngGyrus,DMN,74,48.9,-58.1,14.4,9.027,8.113,2.671,9.16
SST,act_thresh,54,54,R,MedTempGyrus,SMF,39,50.0,-33.8,-0.7,7.011,5.042,2.696,8.765
SST,act_thresh,65,65,R,SupTemGyrus,SMF,93,59.3,-43.8,8.5,9.158,7.852,2.264,9.874
SST,act_thresh,66,66,R,Fusiform,Visual Asso,44,46.5,-59.9,-14.8,-3.071,-4.777,7.319,12.087
SST,act_thresh,67,67,R,Fusiform,Visual Asso,51,36.4,-69.1,-17.5,-0.432,-3.849,14.844,9.964
SST,act_thresh,69,69,R,Fusiform,Visual Asso,77,55.2,-56.3,-4.8,4.396,2.813,7.092,10.006
SST,act_thresh,71,71,R,Fusiform,Visual Asso,45,41.6,-45.7,-22.6,6.986,4.577,8.723,8.122
SST,act_thresh,73,73,R,Visual Assoc,Visual Asso,79,30.1,-82.9,20.5,13.279,10.477,12.124,9.625
SST,act_thresh,74,74,R,Visual Assoc,Visual Asso,96,45.1,-74.3,2.6,3.28,1.083,7.546,23.274
SST,act_thresh,76,76,R,SecVisual,Visual II,102,17.9,-83.4,-11.3,4.717,2.406,18.82,9.349
SST,act_thresh,78,78,R,SecVisual,Visual II,105,23.7,-96.0,6.5,-15.308,-17.937,14.853,14.002
SST,act_thresh,81,81,R,SecVisual,Visual II,100,31.2,-91.8,-10.8,-30.548,-32.301,11.598,6.79
SST,act_thresh,142,116,L,AntPFC,FPN,32,-29.2,54.3,2.5,6.121,4.238,4.378,5.341
SST,act_thresh,144,118,L,AntPFC,Limbic,63,-28.8,50.1,21.7,12.818,9.884,7.047,8.689
SST,act_thresh,150,124,L,FrontEyeFilds,SMF,48,-5.0,17.7,46.1,19.616,16.448,9.031,12.631
SST,act_thresh,155,129,L,Broca_Triang,Limbic,63,-32.5,22.1,5.8,21.036,16.857,11.875,17.276
SST,act_thresh,157,131,L,PreMot+SuppMot,FPN,71,-46.2,7.9,28.6,14.761,14.349,4.586,5.21
SST,act_thresh,162,136,L,PreMot+SuppMot,SMF,75,-9.1,0.4,66.5,16.736,12.738,12.515,7.495
SST,act_thresh,165,139,L,PreMot+SuppMot,SMF,53,-45.8,-0.4,49.3,17.638,15.105,10.115,7.822
SST,act_thresh,166,140,L,PreMot+SuppMot,Motor,36,-27.6,-9.1,55.9,20.966,16.511,15.005,11.275
SST,act_thresh,168,142,L,Insula,Motor,53,-39.1,1.7,9.5,18.101,15.587,7.821,6.803
SST,act_thresh,169,143,L,Insula,Limbic,24,-38.7,8.1,-4.8,13.301,10.87,6.012,10.496
SST,act_thresh,177,151,L,VisMotor,Visual Asso,84,-28.4,-62.3,40.4,15.643,14.583,8.866,9.136
SST,act_thresh,179,153,L,SupramargGyr,Motor,71,-35.7,-39.3,47.7,17.31,13.553,12.893,8.891
SST,act_thresh,184,158,L,AngGyrus,FPN,138,-53.4,-43.5,38.8,12.943,10.188,6.707,11.804
SST,act_thresh,200,174,L,Fusiform,Visual Asso,42,-42.6,-52.1,-17.4,7.198,5.643,5.633,5.869
SST,act_thresh,204,178,L,Visual Assoc,Visual Asso,63,-31.6,-87.2,12.5,7.969,4.708,9.663,12.317
SST,act_thresh,206,180,L,Visual Assoc,Visual Asso,50,-43.2,-70.4,-13.8,-2.553,-5.03,7.339,9.837
SST,act_thresh,209,183,L,Visual Assoc,Visual Asso,79,-48.3,-67.4,1.1,8.59,6.257,9.942,15.856
SST,act_thresh,210,184,L,SecVisual,Visual Asso,63,-36.0,-84.2,-3.9,-10.308,-13.566,8.868,20.931
SST,act_thresh,212,186,L,SecVisual,Visual II,103,-10.8,-98.1,7.6,6.817,3.645,9.632,10.13
SST,act_thresh,213,187,L,SecVisual,Visual II,121,-14.7,-84.0,-13.1,8.377,5.435,13.191,6.968
SST,act_thresh,214,188,L,SecVisual,Visual II,108,-22.3,-96.6,-10.1,-34.605,-37.355,12.97,6.696
SST,act_thresh,219,193,L,DorsalAcc,SMF,56,-6.0,34.1,26.3,7.716,4.422,4.135,5.454
SST,act_thresh,261,214,L,Putamen,Sub,71,-24.8,5.6,-0.1,21.178,17.514,14.187,5.923
SST,act_strict,20,20,R,Broca_Triang,Limbic,39,37.0,20.8,5.9,22.437,18.688,12.54,18.984
SST,act_strict,28,28,R,PreMot+SuppMot,Limbic,28,6.1,14.0,48.7,25.258,21.635,13.856,14.718
SST,act_strict,43,43,R,VisMotor,Visual Asso,146,31.6,-60.8,49.2,12.184,10.953,8.366,12.767
SST,act_strict,47,47,R,SupramargGyr,FPN,144,54.2,-45.2,36.9,10.416,7.854,4.411,15.185
SST,act_strict,66,66,R,Fusiform,Visual Asso,44,46.5,-59.9,-14.8,-3.071,-4.777,7.319,12.087
SST,act_strict,74,74,R,Visual Assoc,Visual Asso,96,45.1,-74.3,2.6,3.28,1.083,7.546,23.274
SST,act_strict,78,78,R,SecVisual,Visual II,105,23.7,-96.0,6.5,-15.308,-17.937,14.853,14.002
SST,act_strict,150,124,L,FrontEyeFilds,SMF,48,-5.0,17.7,46.1,19.616,16.448,9.031,12.631
SST,act_strict,155,129,L,Broca_Triang,Limbic,63,-32.5,22.1,5.8,21.036,16.857,11.875,17.276
SST,act_strict,184,158,L,AngGyrus,FPN,138,-53.4,-43.5,38.8,12.943,10.188,6.707,11.804
SST,act_strict,209,183,L,Visual Assoc,Visual Asso,79,-48.3,-67.4,1.1,8.59,6.257,9.942,15.856
SST,act_strict,210,184,L,SecVisual,Visual Asso,63,-36.0,-84.2,-3.9,-10.308,-13.566,8.868,20.931
SST,hybrid,9,9,R,AntPFC,FPN,97,28.9,51.1,18.7,8.499,6.032,5.495,6.853
SST,hybrid,11,11,R,dlPFC,Limbic,76,37.6,35.4,31.1,9.581,7.753,5.394,8.533
SST,hybrid,15,15,R,FrontEyeFilds,Limbic,41,6.7,21.4,31.5,17.849,14.207,10.076,10.535
SST,hybrid,16,16,R,ParsOrbitalis,SMF,59,53.6,24.8,0.9,1.52,-0.197,1.638,5.616
SST,hybrid,20,20,R,Broca_Triang,Limbic,39,37.0,20.8,5.9,22.437,18.688,12.54,18.984
SST,hybrid,21,21,R,Broca-Operc,FPN,64,55.4,9.6,22.2,12.79,11.325,7.902,7.215
SST,hybrid,23,23,R,PrimMotor,Motor,131,57.8,-8.3,27.3,-0.969,-2.91,2.98,1.388
SST,hybrid,28,28,R,PreMot+SuppMot,Limbic,28,6.1,14.0,48.7,25.258,21.635,13.856,14.718
SST,hybrid,29,29,R,PreMot+SuppMot,Limbic,84,13.7,6.3,65.4,14.407,10.77,9.728,9.72
SST,hybrid,31,31,R,PreMot+SuppMot,FPN,34,39.7,3.4,34.0,13.107,12.094,5.884,9.095
SST,hybrid,32,32,R,PreMot+SuppMot,Limbic,36,32.0,-5.4,52.1,20.998,16.802,16.088,9.865
SST,hybrid,34,34,R,Insula,Motor,13,41.8,5.0,-7.6,7.948,6.301,5.281,5.74
SST,hybrid,36,36,R,Insula,Limbic,40,37.5,21.1,-10.1,8.124,4.944,3.915,11.103
SST,hybrid,43,43,R,VisMotor,Visual Asso,146,31.6,-60.8,49.2,12.184,10.953,8.366,12.767
SST,hybrid,45,45,R,SupramargGyr,Motor,122,52.8,-27.2,40.9,10.929,8.163,12.213,8.633
SST,hybrid,47,47,R,SupramargGyr,FPN,144,54.2,-45.2,36.9,10.416,7.854,4.411,15.185
SST,hybrid,50,50,R,AngGyrus,DMN,74,48.9,-58.1,14.4,9.027,8.113,2.671,9.16
SST,hybrid,54,54,R,MedTempGyrus,SMF,39,50.0,-33.8,-0.7,7.011,5.042,2.696,8.765
SST,hybrid,65,65,R,SupTemGyrus,SMF,93,59.3,-43.8,8.5,9.158,7.852,2.264,9.874
SST,hybrid,66,66,R,Fusiform,Visual Asso,44,46.5,-59.9,-14.8,-3.071,-4.777,7.319,12.087
SST,hybrid,67,67,R,Fusiform,Visual Asso,51,36.4,-69.1,-17.5,-0.432,-3.849,14.844,9.964
SST,hybrid,69,69,R,Fusiform,Visual Asso,77,55.2,-56.3,-4.8,4.396,2.813,7.092,10.006
SST,hybrid,71,71,R,Fusiform,Visual Asso,45,41.6,-45.7,-22.6,6.986,4.577,8.723,8.122
SST,hybrid,73,73,R,Visual Assoc,Visual Asso,79,30.1,-82.9,20.5,13.279,10.477,12.124,9.625
SST,hybrid,74,74,R,Visual Assoc,Visual Asso,96,45.1,-74.3,2.6,3.28,1.083,7.546,23.274
SST,hybrid,76,76,R,SecVisual,Visual II,102,17.9,-83.4,-11.3,4.717,2.406,18.82,9.349
SST,hybrid,78,78,R,SecVisual,Visual II,105,23.7,-96.0,6.5,-15.308,-17.937,14.853,14.002
SST,hybrid,81,81,R,SecVisual,Visual II,100,31.2,-91.8,-10.8,-30.548,-32.301,11.598,6.79
SST,hybrid,82,82,R,PrimVisual,Visual I,74,14.6,-68.3,8.3,26.972,24.613,13.056,-2.26
SST,hybrid,126,105,R,Thalamus,Sub,36,10.5,-26.8,-2.2,13.178,10.047,11.588,4.008
SST,hybrid,127,106,R,Thalamus,Sub,28,12.3,-27.7,13.5,2.283,0.625,4.102,-0.198
SST,hybrid,128,107,R,Thalamus,Sub,17,5.5,-9.7,5.2,11.504,7.965,11.915,2.412
SST,hybrid,144,118,L,AntPFC,Limbic,63,-28.8,50.1,21.7,12.818,9.884,7.047,8.689
SST,hybrid,150,124,L,FrontEyeFilds,SMF,48,-5.0,17.7,46.1,19.616,16.448,9.031,12.631
SST,hybrid,155,129,L,Broca_Triang,Limbic,63,-32.5,22.1,5.8,21.036,16.857,11.875,17.276
SST,hybrid,158,132,L,PrimMotor,Motor,76,-41.6,-14.7,44.8,11.686,8.003,9.722,-2.59
SST,hybrid,162,136,L,PreMot+SuppMot,SMF,75,-9.1,0.4,66.5,16.736,12.738,12.515,7.495
SST,hybrid,165,139,L,PreMot+SuppMot,SMF,53,-45.8,-0.4,49.3,17.638,15.105,10.115,7.822
SST,hybrid,166,140,L,PreMot+SuppMot,Motor,36,-27.6,-9.1,55.9,20.966,16.511,15.005,11.275
SST,hybrid,168,142,L,Insula,Motor,53,-39.1,1.7,9.5,18.101,15.587,7.821,6.803
SST,hybrid,169,143,L,Insula,Limbic,24,-38.7,8.1,-4.8,13.301,10.87,6.012,10.496
SST,hybrid,177,151,L,VisMotor,Visual Asso,84,-28.4,-62.3,40.4,15.643,14.583,8.866,9.136
SST,hybrid,179,153,L,SupramargGyr,Motor,71,-35.7,-39.3,47.7,17.31,13.553,12.893,8.891
SST,hybrid,184,158,L,AngGyrus,FPN,138,-53.4,-43.5,38.8,12.943,10.188,6.707,11.804
SST,hybrid,200,174,L,Fusiform,Visual Asso,42,-42.6,-52.1,-17.4,7.198,5.643,5.633,5.869
SST,hybrid,204,178,L,Visual Assoc,Visual Asso,63,-31.6,-87.2,12.5,7.969,4.708,9.663,12.317
SST,hybrid,206,180,L,Visual Assoc,Visual Asso,50,-43.2,-70.4,-13.8,-2.553,-5.03,7.339,9.837
SST,hybrid,209,183,L,Visual Assoc,Visual Asso,79,-48.3,-67.4,1.1,8.59,6.257,9.942,15.856
SST,hybrid,210,184,L,SecVisual,Visual Asso,63,-36.0,-84.2,-3.9,-10.308,-13.566,8.868,20.931
SST,hybrid,212,186,L,SecVisual,Visual II,103,-10.8,-98.1,7.6,6.817,3.645,9.632,10.13
SST,hybrid,213,187,L,SecVisual,Visual II,121,-14.7,-84.0,-13.1,8.377,5.435,13.191,6.968
SST,hybrid,214,188,L,SecVisual,Visual II,108,-22.3,-96.6,-10.1,-34.605,-37.355,12.97,6.696
SST,hybrid,215,189,L,PrimVisual,Visual I,103,-6.0,-81.2,12.2,31.465,28.483,17.496,-4.724
SST,hybrid,216,190,L,PrimVisual,Visual I,52,-22.1,-66.7,7.4,16.274,15.029,7.362,-1.395
SST,hybrid,261,214,L,Putamen,Sub,71,-24.8,5.6,-0.1,21.178,17.514,14.187,5.923
SST,hybrid,263,216,L,Thalamus,Sub,36,-4.9,-10.3,5.8,9.953,6.516,10.239,2.042
SST,hybrid,264,217,L,Thalamus,Sub,28,-11.6,-25.6,14.8,5.245,3.155,6.832,1.426
