shen_id,model_index,network,in_prior_MID,bold_r,dist_to_nearest_assim_mm
1,1,FPN,True,0.8653617838285035,0.0
2,2,Limbic,True,0.8747333482043657,0.0
3,3,DMN,True,0.9115203889427554,0.0
4,4,FPN,True,0.8677594001730338,0.0
5,5,DMN,True,0.9032314894737065,0.0
6,6,DMN,True,0.8988584898118078,0.0
7,7,FPN,False,0.20989615015112703,19.981491435826307
8,8,FPN,False,-0.1560201938234987,26.598120234332352
9,9,FPN,False,0.14265883967731013,24.848742422907442
10,10,Limbic,False,0.5370819317791463,19.576516544063704
11,11,Limbic,False,0.4357499888578401,27.181427482750053
12,12,SMF,False,0.08568950558370295,30.507212262020925
13,13,DMN,False,0.40395386236956216,25.449950884039048
14,14,FPN,True,0.9055912184414437,0.0
15,15,Limbic,False,0.5527278341611293,14.63967212747608
16,16,SMF,False,0.020008251265631754,19.846914117816908
17,17,FPN,False,0.3960357564167603,17.85889134296975
18,18,Limbic,False,0.44594157397485157,15.700318468107582
19,19,FPN,False,0.17964207468741836,31.061873736141546
20,20,Limbic,False,0.7127831517521241,16.010621474508728
21,21,FPN,False,0.5014143489378929,18.766459442313565
22,22,FPN,False,0.5517484818697546,19.263955980016153
23,23,Motor,True,0.9174576798298181,0.0
24,24,Motor,False,0.10050049469106065,36.79918477357888
25,25,Motor,False,0.43417211342901424,18.77738000893628
26,26,Motor,False,0.3157338366264396,35.80670328304464
27,27,Motor,False,0.7518194234871641,20.814898510441985
28,28,Limbic,False,0.2844651671817178,19.93113142799475
29,29,Limbic,False,0.40418998895570507,31.81021848400291
30,30,FPN,False,0.52914966429886,15.687574701017367
31,31,FPN,False,0.4104040918372552,18.05131574151868
32,32,Limbic,False,0.6877524415850009,22.066037251849277
33,33,Motor,False,0.12888704683885363,34.042032841767835
34,34,Motor,False,0.5113573092055816,16.85081600398034
35,35,Motor,False,0.5973193752384975,16.6520269036535
36,36,Limbic,True,0.9131195217205634,0.0
37,37,Motor,False,0.6065656573099539,17.647096078392046
38,38,Motor,False,0.156399753190891,29.36460454356571
39,39,Motor,False,0.18799498505880316,47.323567067582715
40,40,Motor,False,0.49891096897521403,19.901256241755192
41,41,Visual Asso,False,0.0016130965306004386,48.396797414705034
42,42,Visual Asso,False,0.157077380206609,26.600939833020934
43,43,Visual Asso,False,-0.029586916901139973,37.564344796628625
44,44,Limbic,False,0.05880543437825015,46.4880629839532
45,45,Motor,False,0.5777626006960218,23.81533119652128
46,46,Motor,False,0.5055729926928965,22.402678411297163
47,47,FPN,False,0.04691002340266589,37.02607189535504
48,48,FPN,False,0.0034772135920964745,38.587692338360945
49,49,DMN,False,-0.004457150260489404,33.99014563075598
50,50,DMN,False,0.01987986725257884,32.570078292813484
51,51,Motor,False,0.08668823780916424,27.13466417702641
52,52,SMF,False,0.030031711849862513,24.328995047062673
53,53,SMF,False,0.130072216223712,21.794953544341404
54,54,SMF,False,0.0429645738921141,21.436884101939814
55,55,FPN,False,-0.020187215941744767,27.271413604725367
56,56,SMF,False,0.01473037704137901,24.037886762359122
57,57,SMF,False,-0.01154137007101812,30.546521896936152
58,58,Motor,False,0.06974805973495067,18.341483037093806
59,59,Visual Asso,False,0.2904297892377499,15.444092721814382
60,60,Motor,False,0.06653004994600614,30.49540949061022
61,61,Motor,False,0.5178936062002195,25.122300850041583
62,62,Motor,False,0.3062798130880025,21.407008198251336
63,63,Motor,False,-0.023747239111884037,31.821533589693626
64,64,SMF,False,0.11155903695041301,22.182425476038457
65,65,SMF,False,-0.016501480840293747,32.40540078443715
66,66,Visual Asso,False,-0.11640744623237503,32.57806010185382
67,67,Visual Asso,False,0.01659184618202541,33.78638779153522
68,68,Visual I,False,0.4970870272810694,14.869095466772686
69,69,Visual Asso,False,0.0568377349418242,33.111327366929885
70,70,FPN,False,-0.01295193189682358,37.077216724020694
71,71,Visual Asso,False,-0.017851177112935334,27.423347716863457
72,72,Visual I,False,0.7161241569552911,19.010786411929413
73,73,Visual Asso,False,0.12190389544609627,24.540782383616058
74,74,Visual Asso,False,-0.003567063431488524,31.60284797292801
75,75,Visual I,False,0.2828434282953814,36.09681426386545
76,76,Visual II,False,0.02512938407993497,24.961169844380297
77,77,Visual I,False,0.7388842558907828,19.271481520630427
78,78,Visual II,False,0.016864284895387723,29.211983842252142
79,79,Visual I,False,0.7649785994451377,15.353501229361338
80,80,Visual I,False,0.6463563661400626,15.661736813010233
81,81,Visual II,False,-0.018239621627530966,34.534330744926855
82,82,Visual I,True,0.8944335193072376,0.0
83,83,Limbic,True,0.8886480823196294,0.0
84,84,Motor,True,0.9029821097049378,0.0
85,85,DMN,False,0.35804500262647776,16.876611034209446
86,86,DMN,False,0.5109621644138318,14.984658821608182
87,87,Visual I,False,0.4242654466576629,18.335212024953513
88,88,Limbic,False,0.1772150986704399,17.7459854615065
89,89,Motor,False,0.4945433737985681,24.10705290988511
90,90,DMN,False,-0.009572961484278344,30.15559649550975
91,91,Limbic,False,0.21809127366304484,28.790797140753153
92,92,Motor,False,0.5234015564209151,19.18749592833833
93,93,Sub,True,0.8821377945103994,0.0
94,94,Sub,True,0.8972385451314581,0.0
95,95,DMN,False,0.5917484727957293,16.14249051416788
96,96,DMN,False,0.39370263727742993,11.229870880824947
97,97,Sub,False,-0.03777572400828429,20.46216019876689
98,98,Visual I,False,0.5903079755059761,17.149927113547744
120,99,Sub,True,0.8945288306679937,0.0
121,100,Sub,True,0.8873418107278723,0.0
122,101,Sub,True,0.9013576809421885,0.0
123,102,Sub,True,0.8972422073812018,0.0
124,103,Sub,True,0.879282178227409,0.0
125,104,Sub,True,0.8813933957597753,0.0
126,105,Sub,True,0.912324488506253,0.0
127,106,Sub,True,0.9030507229916329,0.0
128,107,Sub,True,0.9003401129768209,0.0
134,108,DMN,True,0.8845517261493882,0.0
135,109,Limbic,True,0.871938674026067,0.0
136,110,Limbic,True,0.879840369862305,0.0
137,111,SMF,True,0.9241355357552861,0.0
138,112,DMN,True,0.9108867077106187,0.0
139,113,FPN,False,0.29131217046392116,16.653528154718447
140,114,SMF,True,0.9117823712400233,0.0
141,115,DMN,True,0.9342273244081103,0.0
142,116,FPN,False,0.3050326573085089,20.634437234875097
143,117,FPN,False,0.11690906149242535,35.83406200809504
144,118,Limbic,False,0.2505967206909786,24.97678922519866
145,119,SMF,False,0.488797299101512,20.416170061987632
146,120,Limbic,False,0.45493706254150945,23.573289969794203
147,121,FPN,False,0.3053658832788144,38.17499181401353
148,122,SMF,False,0.24552847327048316,25.731692521091574
149,123,SMF,False,-0.013160793480160523,32.039194746435186
150,124,SMF,False,0.6427647121620932,17.972757161882537
151,125,SMF,False,0.09719383995477336,21.57660770371469
152,126,Limbic,False,0.3411527368967789,20.547505931377657
153,127,SMF,False,0.5512670923516801,14.754321400864225
154,128,FPN,False,0.20155220847651942,36.96498343026817
155,129,Limbic,False,0.6089910226381674,18.62256695517565
156,130,SMF,False,-0.07090322143669883,23.465080438813754
157,131,FPN,False,0.47829567277528057,28.18439284426755
158,132,Motor,True,0.9065225109946862,0.0
159,133,Motor,False,0.6814906691658682,25.784103629949986
160,134,Motor,False,0.6243104888850521,35.714142856857144
161,135,Motor,False,0.5146571525832885,15.257129481000023
162,136,SMF,False,0.35479963070840337,34.11934934901309
163,137,Motor,False,0.17042378771279124,24.529573987332103
164,138,FPN,False,0.3750608104553092,30.884785898561773
165,139,SMF,False,0.5482212550402176,15.568558057829247
166,140,Motor,False,0.6092810349761535,18.72351462733426
167,141,Motor,False,0.7165366727506468,23.21831173879789
168,142,Motor,False,0.6941415492422743,15.671949463930773
169,143,Limbic,True,0.8790264964494244,0.0
170,144,Motor,False,0.6045798145691413,18.106904760339354
171,145,Motor,False,0.7007923338974419,13.242733856723092
172,146,Motor,False,0.12986951478787218,31.091156298857722
173,147,Motor,False,0.10574078950711224,29.95880504960103
174,148,Motor,False,0.0006440421702141547,45.40143169548732
175,149,Visual Asso,False,-0.03631559597833092,46.12602302388534
176,150,Visual I,False,0.6995284820054669,22.458405998645585
177,151,Visual Asso,False,0.08485150102340473,29.7370139724889
178,152,Limbic,False,0.010662577920121433,45.32637201453477
179,153,Motor,False,0.2558446541419426,25.46330693370364
180,154,Motor,False,0.07110834126930159,21.539962859763712
181,155,Motor,False,0.002637586370364694,31.14899677357202
182,156,FPN,False,-0.05880538379347808,37.47385755430044
183,157,SMF,False,0.0469993081256858,31.594303283978267
184,158,FPN,False,0.08688051275280642,31.69668752409311
185,159,SMF,False,0.27629824295415095,22.533752461585266
186,160,SMF,False,0.3147808008363545,19.863534428696223
187,161,SMF,False,-0.017896900389640032,27.066399834481125
188,162,Motor,False,0.08764729741949798,15.23318745371434
189,163,Motor,False,0.27042191512778263,20.950656314301945
190,164,SMF,False,-0.04441559695662942,29.648102806081873
191,165,Motor,False,-0.02128968960093631,29.73045576509045
192,166,SMF,False,0.03972172292845734,28.256326725177846
193,167,FPN,False,0.10077955966554902,24.45015337375207
194,168,SMF,False,-0.12596107181063246,30.105647310762144
195,169,Motor,False,0.1572824874855542,18.60994357863559
196,170,FPN,False,0.10336947621417443,22.27060843353858
197,171,Motor,False,0.052684178186307704,24.97558808116437
198,172,Visual I,False,0.2789227462799768,13.48406466908254
199,173,FPN,False,0.0526450411643316,31.484599409870214
200,174,Visual Asso,False,-0.07589303022350696,20.770652372999745
201,175,Visual Asso,False,0.1311274244130231,20.985709423319477
202,176,DMN,False,0.13608353640540163,23.881373494839025
203,177,DMN,False,0.049395368236789416,26.031903503201608
204,178,Visual Asso,False,0.07606569834978003,23.162685509240934
205,179,Visual I,False,0.6183166907315474,15.319921670818037
206,180,Visual Asso,False,-0.11050222878584458,30.13867946675833
207,181,Visual I,False,0.12847399497517958,20.38357181653893
208,182,Visual I,False,0.6691445132154094,23.72698885235967
209,183,Visual Asso,False,0.055447381882557704,26.95588989441825
210,184,Visual Asso,False,-0.13355573806609372,25.042963083469175
211,185,Visual I,False,0.8021085225107337,16.524224641416613
212,186,Visual II,False,0.6071036539227107,18.160671793741543
213,187,Visual II,False,0.20364299209427944,26.900185872963775
214,188,Visual II,False,-0.03485722538260848,31.624990118575525
215,189,Visual I,True,0.9239738858506489,0.0
216,190,Visual I,True,0.8958682760698854,0.0
217,191,Sub,True,0.9000870601161186,0.0
218,192,Motor,False,0.29877064960437366,22.323082224459952
219,193,SMF,True,0.8939769197932488,0.0
220,194,Limbic,True,0.8855902992596526,0.0
221,195,Limbic,True,0.889134327390425,0.0
222,196,DMN,False,0.5176838241406403,18.67351065011612
223,197,DMN,False,0.334407875765886,21.155613912151072
224,198,Limbic,False,0.30083817323053214,13.926952286842948
225,199,DMN,False,0.1457195314306213,27.521264505832576
226,200,Limbic,False,0.0720034775363985,33.65664867451898
227,201,DMN,False,0.5629879473383476,16.75708805252273
228,202,Sub,True,0.8853654347186319,0.0
229,203,Sub,True,0.8688860326194722,0.0
230,204,Sub,True,0.9105977982504028,0.0
231,205,Sub,True,0.8969899360083778,0.0
232,206,Sub,True,0.8849827846382692,0.0
233,207,DMN,False,0.6850354933021454,15.69904455691492
234,208,DMN,False,0.6867241820480359,12.835108102388544
235,209,DMN,False,0.43243139710057565,13.63451502621197
257,210,Sub,True,0.8329947598220311,0.0
258,211,Sub,True,0.91861266902575,0.0
259,212,Sub,True,0.8802185246691571,0.0
260,213,Sub,True,0.9232519843148637,0.0
261,214,Sub,True,0.8814021976031431,0.0
262,215,Sub,True,0.9131977643932404,0.0
263,216,Sub,True,0.9049426239933803,0.0
264,217,Sub,True,0.9007195105882024,0.0
