data_file,producing_cell_id,frame_id,created_at,analysis_script,recovered_archive,inputs,tests,local_runnable,verification,notes
fig.4/fig4_data/fig4_dawba_domains_n284.csv,d55b9234-c1ad-4b85-9b1c-6e294ec9c989,fe47a03f-2d43-4fe0-a1c3-e0544839d822,2026-09-21 16:19:58 UTC,03_analysis/fig4/01_fig4_dawba_domains_n284.py,recovered/fig4/fig4_dawba_domains_n284__cell_d55b9234.py,"04_figures/fig.4/fig4_data/fig4_subject_level_n288.csv  (staged read-only into the scratch mirror) | 04_figures/fig.4/fig4_data  (staged read-only into the scratch mirror) | /Users/yunman/Desktop/submission/figures_v2/fig4/diff_response_after_virtual_modulation/compare_subgroup_beha_symptoms.xlsx  (author's tree, not shipped in this package)",None - table assembly only.,partial,match,"Re-run reproduces the shipped file: same columns, same 284 rows, max relative difference 0.00e+00. Inputs not shipped in this package: /Users/yunman/Desktop/submission/figures_v2/fig4/diff_response_after_virtual_modulation/compare_subgroup_beha_symptoms.xlsx  (author's tree, not shipped in this package) They were present on the author's machine, which is how this script was verified."
fig.4/fig4_data/fig4_mid_by_np_grouping_n288.csv,d556a9ba-afe4-4e91-94c2-17902bc44e68,fe47a03f-2d43-4fe0-a1c3-e0544839d822,2026-09-21 21:09:27 UTC,03_analysis/fig4/02_fig4_mid_by_np_grouping_n288.py,recovered/fig4/fig4_mid_by_np_grouping_n288__cell_d556a9ba.py,04_figures/fig.4/fig4_data  (staged read-only into the scratch mirror),"One-way ANOVA / Kruskal-Wallis across groups, with group means and SDs.",yes,match,"Re-run reproduces the shipped file: same columns, same 9 rows, max relative difference 0.00e+00."
fig.4/fig4_data/fig4_mid_pattern_subject_n288.csv,f88fc48a-773d-46d3-9a3d-f8b0d4b61ca6,fe47a03f-2d43-4fe0-a1c3-e0544839d822,2026-09-21 21:06:01 UTC,03_analysis/fig4/03_fig4_mid_pattern_subject_n288.py,recovered/fig4/fig4_mid_pattern_subject_n288__cell_f88fc48a.py,04_figures/fig.4/fig4_data  (staged read-only into the scratch mirror),None - table assembly only.,yes,match,"Re-run reproduces the shipped file: same columns, same 288 rows, max relative difference 0.00e+00."
fig.4/fig4_data/fig4_mid_rule_grouping_n288.csv,f88fc48a-773d-46d3-9a3d-f8b0d4b61ca6,fe47a03f-2d43-4fe0-a1c3-e0544839d822,2026-09-21 21:06:01 UTC,03_analysis/fig4/04_fig4_mid_rule_grouping_n288.py,recovered/fig4/fig4_mid_rule_grouping_n288__cell_f88fc48a.py,04_figures/fig.4/fig4_data  (staged read-only into the scratch mirror),"One-way ANOVA / Kruskal-Wallis across the three diagnostic groups within each rule, with group means and SDs.",yes,match,"Re-run reproduces the shipped file: same columns, same 16 rows, max relative difference 0.00e+00."
fig.4/fig4_data/fig4_paired_np_mid_n288.csv,430c5712-5091-41c6-b544-5d65d756d89c,fe47a03f-2d43-4fe0-a1c3-e0544839d822,2026-09-21 16:30:21 UTC,03_analysis/fig4/05_fig4_paired_np_mid_n288.py,recovered/fig4/fig4_paired_np_mid_n288__cell_430c5712.py,04_figures/fig.4/fig4_data/fig4_subject_level_n288.csv  (staged read-only into the scratch mirror) | 04_figures/fig.4/fig4_data  (staged read-only into the scratch mirror) | 06_upstream_inputs/empirical_simul_np_fcs_300subs/np_all_subs_3m_wide_corrected.csv  (fallback: /Users/yunman/Desktop/submission/revision/empirical_simul_np_fcs_300subs/np_all_subs_3m_wide_corrected.csv; platform artifact c39c8ccc-6410-47df-a102-00903507ebcd),None - table assembly only.,yes,match,"Re-run reproduces the shipped file: same columns, same 288 rows, max relative difference 0.00e+00."
fig.4/fig4_data/fig4_sdq_composite_stats.csv,a9666212-e3ef-41f3-8ac3-b4d157a1e8b1,fe47a03f-2d43-4fe0-a1c3-e0544839d822,2026-09-21 16:23:19 UTC,03_analysis/fig4/06_fig4_sdq_composite_stats.py,recovered/fig4/fig4_sdq_composite_stats__cell_a9666212.py,04_figures/fig.4/fig4_data/fig4_subject_level_n288.csv  (staged read-only into the scratch mirror) | 04_figures/fig.4/fig4_data/fig4_sdq_items_n287.csv  (staged read-only into the scratch mirror) | 04_figures/fig.4/fig4_data  (staged read-only into the scratch mirror),"Welch two-sample t test, Mann-Whitney U, Hedges' g, covariate-adjusted OLS group term (sex, site, FD) and Benjamini-Hochberg FDR across the composites.",yes,match,"Re-run reproduces the shipped file: same columns, same 18 rows, max relative difference 0.00e+00."
fig.4/fig4_data/fig4_sdq_composites_n287.csv,a9666212-e3ef-41f3-8ac3-b4d157a1e8b1,fe47a03f-2d43-4fe0-a1c3-e0544839d822,2026-09-21 16:23:19 UTC,03_analysis/fig4/07_fig4_sdq_composites_n287.py,recovered/fig4/fig4_sdq_composites_n287__cell_a9666212.py,04_figures/fig.4/fig4_data/fig4_subject_level_n288.csv  (staged read-only into the scratch mirror) | 04_figures/fig.4/fig4_data/fig4_sdq_items_n287.csv  (staged read-only into the scratch mirror) | 04_figures/fig.4/fig4_data  (staged read-only into the scratch mirror),"PCA (first component) over the negative items, the positive items and the four subscales; no inferential test in this file.",yes,match,"Re-run reproduces the shipped file: same columns, same 287 rows, max relative difference 0.00e+00."
fig.4/fig4_data/fig4_sdq_items_n287.csv,7eb5aef9-b7c8-4b6e-8b24-607618d2a160,fe47a03f-2d43-4fe0-a1c3-e0544839d822,2026-09-21 16:05:41 UTC,03_analysis/fig4/08_fig4_sdq_items_n287.py,recovered/fig4/fig4_sdq_items_n287__cell_7eb5aef9.py,"04_figures/fig.4  (staged read-only into the scratch mirror) | /Users/yunman/Desktop/submission/figures_v2/fig4/diff_response_after_virtual_modulation/compare_subgroup_beha_symptoms3.csv  (author's tree, not shipped in this package) | 06_upstream_inputs/empirical_simul_np_fcs_300subs/np_residualized_290subs.csv  (fallback: /Users/yunman/Desktop/submission/revision/empirical_simul_np_fcs_300subs/np_residualized_290subs.csv; platform artifact 025c7b13-ece7-4589-af4e-8c4e6f87d905)",None - table assembly only.,partial,match,"Re-run reproduces the shipped file: same columns, same 287 rows, max relative difference 0.00e+00. Inputs not shipped in this package: /Users/yunman/Desktop/submission/figures_v2/fig4/diff_response_after_virtual_modulation/compare_subgroup_beha_symptoms3.csv  (author's tree, not shipped in this package) They were present on the author's machine, which is how this script was verified."
fig.4/fig4_data/fig4_subject_level_n288.csv,40556d56-3567-4347-9fd1-6bea06be097d,fe47a03f-2d43-4fe0-a1c3-e0544839d822,2026-09-21 16:04:10 UTC,03_analysis/fig4/09_fig4_subject_level_n288.py,recovered/fig4/fig4_subject_level_n288__cell_40556d56.py,04_figures/fig.4  (staged read-only into the scratch mirror) | 06_upstream_inputs/empirical_simul_np_fcs_300subs/np_residualized_290subs.csv  (fallback: /Users/yunman/Desktop/submission/revision/empirical_simul_np_fcs_300subs/np_residualized_290subs.csv; platform artifact 025c7b13-ece7-4589-af4e-8c4e6f87d905),"OLS residualisation of each NP measure on sex, recruitment site and mean framewise displacement (refit on the n=288 cohort); no inferential test.",yes,match,"The stored *_resid columns of the upstream n=290 table were fitted on 290; this script refits them on the 288 retained twins. Re-run reproduces the shipped file: same columns, same 288 rows, max relative difference 0.00e+00."
fig.4/fig4_data/fig4ad_group_stats.csv,25a34d77-b2b2-48f2-adde-bfe6ba7196f5,fe47a03f-2d43-4fe0-a1c3-e0544839d822,2026-09-21 16:06:48 UTC,03_analysis/fig4/10_fig4ad_group_stats.py,recovered/fig4/fig4ad_group_stats__cell_25a34d77.py,04_figures/fig.4  (staged read-only into the scratch mirror),"One-way ANOVA (F, P) per panel and the three pairwise post-hoc contrasts, with Benjamini-Hochberg FDR q values across the contrasts. NP is residualised on sex, site and FD and the condition mean added back.",yes,match,"Re-run reproduces the shipped file: same columns, same 4 rows, max relative difference 0.00e+00."
fig.4/fig4_data/fig4e_effect_size.csv,70a0f9b2-3826-489b-9f8a-59838d95dee2,fe47a03f-2d43-4fe0-a1c3-e0544839d822,2026-09-21 19:05:33 UTC,03_analysis/fig4/11_fig4e_effect_size.py,recovered/fig4/fig4e_effect_size__cell_70a0f9b2.py,04_figures/fig.4  (staged read-only into the scratch mirror),"Cohen's d with a 95% CI from the Hedges-Olkin standard error, and Welch's two-sample t test.",yes,match,"Re-run reproduces the shipped file: same columns, same 4 rows, max relative difference 0.00e+00."
fig.4/fig4_data/fig4h_ampa_sdq_stats.csv,37142daa-f186-4e77-98d3-783912832160,fe47a03f-2d43-4fe0-a1c3-e0544839d822,2026-09-21 16:16:39 UTC,03_analysis/fig4/12_fig4h_ampa_sdq_stats.py,recovered/fig4/fig4h_ampa_sdq_stats__cell_37142daa.py,04_figures/fig.4  (staged read-only into the scratch mirror),"Mann-Whitney U per item, Hedges' g with a 95% CI, and Benjamini-Hochberg FDR across the 26 items.",yes,match,"Written by the same loop in fig4.py as fig4h_sdq_stats.csv. Re-run reproduces the shipped file: same columns, same 26 rows, max relative difference 0.00e+00."
fig.4/fig4_data/fig4h_dawba_pattern_stats.csv,d55b9234-c1ad-4b85-9b1c-6e294ec9c989,fe47a03f-2d43-4fe0-a1c3-e0544839d822,2026-09-21 16:19:58 UTC,03_analysis/fig4/13_fig4h_dawba_pattern_stats.py,recovered/fig4/fig4h_dawba_pattern_stats__cell_d55b9234.py,04_figures/fig.4  (staged read-only into the scratch mirror),"Mann-Whitney U per domain, Hedges' g with a 95% CI, and Benjamini-Hochberg FDR across the seven measures.",yes,match,"Written by the same loop in fig4.py as fig4h_dawba_stats.csv. Re-run reproduces the shipped file: same columns, same 7 rows, max relative difference 0.00e+00."
fig.4/fig4_data/fig4h_dawba_stats.csv,d55b9234-c1ad-4b85-9b1c-6e294ec9c989,fe47a03f-2d43-4fe0-a1c3-e0544839d822,2026-09-21 16:19:58 UTC,03_analysis/fig4/14_fig4h_dawba_stats.py,recovered/fig4/fig4h_dawba_stats__cell_d55b9234.py,04_figures/fig.4  (staged read-only into the scratch mirror),"Mann-Whitney U per domain, Hedges' g with a 95% CI, and Benjamini-Hochberg FDR across the seven measures.",yes,match,"Written by the same loop in fig4.py as fig4h_dawba_pattern_stats.csv. Re-run reproduces the shipped file: same columns, same 7 rows, max relative difference 0.00e+00."
fig.4/fig4_data/fig4h_multivariate_and_demographics.csv,5bcb6e14-c58d-447d-b78a-f6cdc07704d3,fe47a03f-2d43-4fe0-a1c3-e0544839d822,2026-09-21 20:02:32 UTC,03_analysis/fig4/15_fig4h_multivariate_and_demographics.py,recovered/fig4/fig4h_multivariate_and_demographics__cell_5bcb6e14.py,04_figures/fig.4/fig4_data  (staged read-only into the scratch mirror),Partial least squares regression with leave-one-out / k-fold cross-validation and a permutation null; chi-square and t tests on the demographic contrasts.,yes,match,"The permutation null and the cross-validation split are not seeded in the recovered cell, so a re-run reproduces the permutation P value only up to Monte Carlo error. Re-run reproduces the shipped file: same columns, same 9 rows, max relative difference 0.00e+00."
fig.4/fig4_data/fig4h_sdq_stats.csv,37142daa-f186-4e77-98d3-783912832160,fe47a03f-2d43-4fe0-a1c3-e0544839d822,2026-09-21 16:16:39 UTC,03_analysis/fig4/16_fig4h_sdq_stats.py,recovered/fig4/fig4h_sdq_stats__cell_37142daa.py,04_figures/fig.4  (staged read-only into the scratch mirror),"Mann-Whitney U per item, Hedges' g with a 95% CI, and Benjamini-Hochberg FDR across the 26 items.",yes,match,"One loop in fig4.py writes both this file and fig4h_ampa_sdq_stats.csv; this script keeps the loop and reports the split it belongs to. Re-run reproduces the shipped file: same columns, same 26 rows, max relative difference 0.00e+00."
fig.4/fig4_data/fig4i_paired_stats.csv,430c5712-5091-41c6-b544-5d65d756d89c,fe47a03f-2d43-4fe0-a1c3-e0544839d822,2026-09-21 16:30:21 UTC,03_analysis/fig4/17_fig4i_paired_stats.py,recovered/fig4/fig4i_paired_stats__cell_430c5712.py,04_figures/fig.4  (staged read-only into the scratch mirror),"Paired t test, Wilcoxon signed-rank test, Cohen's d_z, and the proportion of twins that increased.",yes,match,"Re-run reproduces the shipped file: same columns, same 4 rows, max relative difference 0.00e+00."
fig.4/fig4_data/fig4j_baseline_change_stats.csv,a21cec10-f1a8-46d5-8aa0-553a33110bfc,fe47a03f-2d43-4fe0-a1c3-e0544839d822,2026-09-21 19:21:24 UTC,03_analysis/fig4/18_fig4j_baseline_change_stats.py,recovered/fig4/fig4j_baseline_change_stats__cell_a21cec10.py,04_figures/fig.4  (staged read-only into the scratch mirror),"Pearson correlations (naive and Oldham), OLS of post on pre with the slope tested against 1, and the post/pre variance ratio.",yes,match,"Re-run reproduces the shipped file: same columns, same 2 rows, max relative difference 0.00e+00."
fig.4/fig4_main_A4_caption_values.csv,b4756688-a365-4784-a4ea-d0fb2cf3ad17,8d001885-f89b-4ca4-9e30-9866f1015ee6,2026-09-23 21:48:57 UTC,03_analysis/fig4/19_fig4_main_A4_caption_values.py,recovered/fig4/fig4_main_A4_caption_values__cell_b4756688.py,"04_figures/fig.4/fig4_main_A4.py  (figure script, staged and retargeted) | 04_figures/fig.4/  (its panel PNGs and data/ tables) | 04_figures/  (all data tables of the figure tree, staged into the mirror) | 04_figures/figA4_kit.py, 04_figures/fig_color/  (shared style modules)","None new - the values are read back or re-derived from the panel source tables while the figure is drawn, so the tests are those of the upstream data files.",yes,match,"These numbers are NOT produced by a separate statistical cell. They are accumulated in the dict `S` inside the figure script while its panels are drawn and written out as its last statement, so they cannot be sliced out of it. This script therefore stages a working copy of the figure script and runs it, which regenerates the table without writing into 04_figures. Verification re-ran the staged figure script and compared the caption-value table it wrote. Re-run reproduces the shipped file: same columns, same 18 rows, max relative difference 0.00e+00."
supp_conductance/data/conductance_across_setting_correlations.csv,4f1219ba-ee06-45f1-adc4-bf6e8ed25294,fe47a03f-2d43-4fe0-a1c3-e0544839d822,2026-09-21 21:29:24 UTC,03_analysis/fig4/20_conductance_across_setting_correlations.py,recovered/fig4/conductance_across_setting_correlations__cell_4f1219ba.py,"04_figures/  (scratch mirror root) | 06_upstream_inputs/empirical_simul_np_fcs_300subs/cal_np_3m_model  (fallback: /Users/yunman/Desktop/submission/revision/empirical_simul_np_fcs_300subs/cal_np_3m_model) | /Users/yunman/Desktop/submission/  (author's tree, not shipped in this package)","None recomputed here - verbatim copy of the upstream across-setting correlation table (Pearson r with CI, Spearman rho, same-sign proportion).",partial,match,"Upstream table: empirical_simul_np_fcs_300subs/cal_np_3m_model/npchange_correlation_288_n288.csv. Re-run reproduces the shipped file: same columns, same 15 rows, max relative difference 0.00e+00. Inputs not shipped in this package: /Users/yunman/Desktop/submission/  (author's tree, not shipped in this package) They were present on the author's machine, which is how this script was verified."
supp_conductance/data/conductance_grid_summary_n288.csv,4f1219ba-ee06-45f1-adc4-bf6e8ed25294,fe47a03f-2d43-4fe0-a1c3-e0544839d822,2026-09-21 21:29:24 UTC,03_analysis/fig4/21_conductance_grid_summary_n288.py,recovered/fig4/conductance_grid_summary_n288__cell_4f1219ba.py,"04_figures/  (scratch mirror root) | 06_upstream_inputs/empirical_simul_np_fcs_300subs/cal_np_3m_model  (fallback: /Users/yunman/Desktop/submission/revision/empirical_simul_np_fcs_300subs/cal_np_3m_model) | /Users/yunman/Desktop/submission/  (author's tree, not shipped in this package)","None recomputed here - the file is a verbatim copy of the upstream conductance-sensitivity table (paired t test, Cohen's d, same-sign proportion and baseline-change correlation computed in the conductance sweep).",partial,match,"Upstream table: empirical_simul_np_fcs_300subs/cal_np_3m_model/TableSXX_conductance_sensitivity_n288.csv. Re-run reproduces the shipped file: same columns, same 6 rows, max relative difference 0.00e+00. Inputs not shipped in this package: /Users/yunman/Desktop/submission/  (author's tree, not shipped in this package) They were present on the author's machine, which is how this script was verified."
supp_conductance/data/conductance_responder_by_group_n288.csv,4f1219ba-ee06-45f1-adc4-bf6e8ed25294,fe47a03f-2d43-4fe0-a1c3-e0544839d822,2026-09-21 21:29:24 UTC,03_analysis/fig4/22_conductance_responder_by_group_n288.py,recovered/fig4/conductance_responder_by_group_n288__cell_4f1219ba.py,"04_figures/fig.4/fig4_data  (staged read-only into the scratch mirror) | 04_figures/  (scratch mirror root) | 06_upstream_inputs/empirical_simul_np_fcs_300subs/cal_np_3m_model  (fallback: /Users/yunman/Desktop/submission/revision/empirical_simul_np_fcs_300subs/cal_np_3m_model) | /Users/yunman/Desktop/submission/  (author's tree, not shipped in this package)",Chi-square test of independence across the three groups at each setting.,partial,match,"Re-run reproduces the shipped file: same columns, same 24 rows, max relative difference 0.00e+00. Inputs not shipped in this package: /Users/yunman/Desktop/submission/  (author's tree, not shipped in this package) They were present on the author's machine, which is how this script was verified."
supp_conductance/data/conductance_subject_level_n288.csv,4f1219ba-ee06-45f1-adc4-bf6e8ed25294,fe47a03f-2d43-4fe0-a1c3-e0544839d822,2026-09-21 21:29:24 UTC,03_analysis/fig4/23_conductance_subject_level_n288.py,recovered/fig4/conductance_subject_level_n288__cell_4f1219ba.py,"04_figures/fig.4/fig4_data  (staged read-only into the scratch mirror) | 04_figures/  (scratch mirror root) | 06_upstream_inputs/empirical_simul_np_fcs_300subs/cal_np_3m_model  (fallback: /Users/yunman/Desktop/submission/revision/empirical_simul_np_fcs_300subs/cal_np_3m_model) | /Users/yunman/Desktop/submission/  (author's tree, not shipped in this package)",None - table assembly only.,partial,match,"Re-run reproduces the shipped file: same columns, same 288 rows, max relative difference 0.00e+00. Inputs not shipped in this package: /Users/yunman/Desktop/submission/  (author's tree, not shipped in this package) They were present on the author's machine, which is how this script was verified."
supp_empsim/data/empsim_paired_tests_n288.csv,4dde959f-7678-4a21-8dee-200bbcc14bd8,fe47a03f-2d43-4fe0-a1c3-e0544839d822,2026-09-22 20:15:54 UTC,03_analysis/fig4/24_empsim_paired_tests_n288.py,recovered/fig4/empsim_paired_tests_n288__cell_4dde959f.py,04_figures/  (scratch mirror root) | 04_figures/fig.4/fig4_data  (staged read-only into the scratch mirror) | 04_figures/supp_empsim/data  (staged read-only into the scratch mirror),"Paired t test with a 95% CI, Wilcoxon signed-rank test, Cohen's d_z and the empirical-simulated Pearson correlation.",yes,match,"Re-run reproduces the shipped file: same columns, same 6 rows, max relative difference 0.00e+00."
supp_empsim/data/empsim_subject_level_n288.csv,4dde959f-7678-4a21-8dee-200bbcc14bd8,fe47a03f-2d43-4fe0-a1c3-e0544839d822,2026-09-22 20:15:54 UTC,03_analysis/fig4/25_empsim_subject_level_n288.py,recovered/fig4/empsim_subject_level_n288__cell_4dde959f.py,04_figures/  (scratch mirror root) | 04_figures/fig.4/fig4_data  (staged read-only into the scratch mirror) | 04_figures/supp_empsim/data  (staged read-only into the scratch mirror),None - projection of the Fig. 4 subject-level table.,yes,match,"Re-run reproduces the shipped file: same columns, same 288 rows, max relative difference 0.00e+00."
supp_midnp/figS_midnp_A4_caption_values.csv,06f11c87-e2ab-41e1-abce-496783e7d595,8d001885-f89b-4ca4-9e30-9866f1015ee6,2026-09-24 23:56:31 UTC,03_analysis/fig4/26_figS_midnp_A4_caption_values.py,recovered/fig4/figS_midnp_A4_caption_values__cell_06f11c87.py,"04_figures/supp_midnp/figS_midnp_A4.py  (figure script, staged and retargeted) | 04_figures/supp_midnp/  (its panel PNGs and data/ tables) | 04_figures/  (all data tables of the figure tree, staged into the mirror) | 04_figures/figA4_kit.py, 04_figures/fig_color/  (shared style modules)","None new - the values are read back or re-derived from the panel source tables while the figure is drawn, so the tests are those of the upstream data files.",yes,match,"These numbers are NOT produced by a separate statistical cell. They are accumulated in the dict `S` inside the figure script while its panels are drawn and written out as its last statement, so they cannot be sliced out of it. This script therefore stages a working copy of the figure script and runs it, which regenerates the table without writing into 04_figures. Verification re-ran the staged figure script and compared the caption-value table it wrote. Re-run reproduces the shipped file: same columns, same 4 rows, max relative difference 0.00e+00."
supp_midpaired/data/midpaired_edgewise_source_n27.csv,4ab10510-5953-484f-924f-4505fae7b97e,fe47a03f-2d43-4fe0-a1c3-e0544839d822,2026-09-22 20:37:24 UTC,03_analysis/fig4/27_midpaired_edgewise_source_n27.py,recovered/fig4/midpaired_edgewise_source_n27__cell_4ab10510.py,04_figures/supp_midpaired/data  (staged read-only into the scratch mirror) | 06_upstream_inputs/whole_brain_fc_compare  (fallback: /Users/yunman/Desktop/submission/revision/whole_brain_fc_compare),OLS of raw summed FC on mean FD (pooled residual).,yes,match,"Re-run reproduces the shipped file: same columns, same 81 rows, max relative difference 0.00e+00."
supp_midpaired/data/midpaired_placebo_vs_drug_n27.csv,4ab10510-5953-484f-924f-4505fae7b97e,fe47a03f-2d43-4fe0-a1c3-e0544839d822,2026-09-22 20:37:24 UTC,03_analysis/fig4/28_midpaired_placebo_vs_drug_n27.py,recovered/fig4/midpaired_placebo_vs_drug_n27__cell_4ab10510.py,04_figures/supp_midpaired/data  (staged read-only into the scratch mirror) | 06_upstream_inputs/whole_brain_fc_compare  (fallback: /Users/yunman/Desktop/submission/revision/whole_brain_fc_compare),"Paired t test with a 95% CI, Wilcoxon signed-rank test, Cohen's d_z, and an OLS of the within-subject FC change on the within-subject FD change (intercept test).",yes,match,"Re-run reproduces the shipped file: same columns, same 8 rows, max relative difference 0.00e+00."
supp_midpaired/data/midpaired_subject_level_n27.csv,4ab10510-5953-484f-924f-4505fae7b97e,fe47a03f-2d43-4fe0-a1c3-e0544839d822,2026-09-22 20:37:24 UTC,03_analysis/fig4/29_midpaired_subject_level_n27.py,recovered/fig4/midpaired_subject_level_n27__cell_4ab10510.py,04_figures/  (scratch mirror root) | 04_figures/fig.5/fig5_data  (staged read-only into the scratch mirror) | 04_figures/supp_midpaired/data  (staged read-only into the scratch mirror) | 06_upstream_inputs/whole_brain_fc_compare  (fallback: /Users/yunman/Desktop/submission/revision/whole_brain_fc_compare),"OLS of raw summed FC on mean FD pooled over sessions, used to form the motion-adjusted score.",yes,match,"Re-run reproduces the shipped file: same columns, same 27 rows, max relative difference 0.00e+00."
supp_midpaired/figS_midpaired_A4_caption_values.csv,67c6983a-0cc7-4fa8-a769-b62371d8fea8,c60c0dc4-003a-4667-bb4f-e50a2f4c1e5f,2026-09-24 22:21:47 UTC,03_analysis/fig4/30_figS_midpaired_A4_caption_values.py,recovered/fig4/figS_midpaired_A4_caption_values__cell_67c6983a.py,"04_figures/supp_midpaired/figS_midpaired_A4.py  (figure script, staged and retargeted) | 04_figures/supp_midpaired/  (its panel PNGs and data/ tables) | 04_figures/  (all data tables of the figure tree, staged into the mirror) | 04_figures/figA4_kit.py, 04_figures/fig_color/  (shared style modules)","None new - the values are read back or re-derived from the panel source tables while the figure is drawn, so the tests are those of the upstream data files.",yes,match,"These numbers are NOT produced by a separate statistical cell. They are accumulated in the dict `S` inside the figure script while its panels are drawn and written out as its last statement, so they cannot be sliced out of it. This script therefore stages a working copy of the figure script and runs it, which regenerates the table without writing into 04_figures. Verification re-ran the staged figure script and compared the caption-value table it wrote. Re-run reproduces the shipped file: same columns, same 2 rows, max relative difference 0.00e+00."
supp_motion/data/TableS25_motion_np_correlations_corrected_n288.csv,151433bd-08b5-4bbd-bbc2-df36ad881040,fe47a03f-2d43-4fe0-a1c3-e0544839d822,2026-09-21 21:50:08 UTC,03_analysis/fig4/31_TableS25_motion_np_correlations_corrected_n288.py,recovered/fig4/TableS25_motion_np_correlations_corrected_n288__cell_151433bd.py,"04_figures/fig.4/fig4_data  (staged read-only into the scratch mirror) | 04_figures/  (scratch mirror root) | 04_figures/supp_motion  (staged read-only into the scratch mirror) | /Users/yunman/Desktop/submission/  (author's tree, not shipped in this package)","Pearson r with a Fisher-z 95% CI, Spearman rho, and Bonferroni adjustment over the six outcomes.",partial,match,"Computed in cell c1b71a9d, source_column labels corrected in 5a577a61, and finalised in bash cell 151433bd, which dropped the P_FDR column and fixed the column order. The shipped file has 10 columns and no P_FDR, i.e. it is the output of 151433bd. Re-run reproduces the shipped file: same columns, same 6 rows, max relative difference 0.00e+00. Inputs not shipped in this package: /Users/yunman/Desktop/submission/  (author's tree, not shipped in this package) They were present on the author's machine, which is how this script was verified."
supp_motion/data/TableS25_motion_np_correlations_corrected_n288.xlsx,151433bd-08b5-4bbd-bbc2-df36ad881040,fe47a03f-2d43-4fe0-a1c3-e0544839d822,2026-09-21 21:50:08 UTC,03_analysis/fig4/32_TableS25_motion_np_correlations_corrected_n288_xlsx.py,recovered/fig4/TableS25_motion_np_correlations_corrected_n288_xlsx__cell_151433bd.py,"04_figures/fig.4/fig4_data  (staged read-only into the scratch mirror) | 04_figures/  (scratch mirror root) | 04_figures/supp_motion  (staged read-only into the scratch mirror) | /Users/yunman/Desktop/submission/  (author's tree, not shipped in this package)",As the CSV - no additional computation.,partial,match,"Written by the same bash cell that finalised the CSV. Re-run reproduces the shipped file: same columns, same 6 rows, max relative difference 0.00e+00. Inputs not shipped in this package: /Users/yunman/Desktop/submission/  (author's tree, not shipped in this package) They were present on the author's machine, which is how this script was verified."
supp_motion/data/TableS26_group_effect_motion_adjustment_corrected_n288.csv,f03a0dec-16d3-4061-a819-100afe256021,fe47a03f-2d43-4fe0-a1c3-e0544839d822,2026-09-21 21:51:38 UTC,03_analysis/fig4/33_TableS26_group_effect_motion_adjustment_corrected_n288.py,recovered/fig4/TableS26_group_effect_motion_adjustment_corrected_n288__cell_f03a0dec.py,"04_figures/fig.4/fig4_data  (staged read-only into the scratch mirror) | 04_figures/  (scratch mirror root) | /Users/yunman/Desktop/submission/  (author's tree, not shipped in this package)","Type-II ANOVA partial eta-squared and F for the group term in three nested OLS models (group; group + FD; group + FD + sex + site), with Bonferroni adjustment over the six outcomes.",partial,match,"Re-run reproduces the shipped file: same columns, same 6 rows, max relative difference 0.00e+00. Inputs not shipped in this package: /Users/yunman/Desktop/submission/  (author's tree, not shipped in this package) They were present on the author's machine, which is how this script was verified."
supp_motion/data/TableS26_group_effect_motion_adjustment_corrected_n288.xlsx,1c75aa2e-28a8-487e-999c-fc7fca6bf6a9,fe47a03f-2d43-4fe0-a1c3-e0544839d822,2026-09-21 21:53:03 UTC,03_analysis/fig4/34_TableS26_group_effect_motion_adjustment_corrected_n288_xlsx.py,recovered/fig4/TableS26_group_effect_motion_adjustment_corrected_n288_xlsx__cell_1c75aa2e.py,"04_figures/fig.4/fig4_data  (staged read-only into the scratch mirror) | 04_figures/  (scratch mirror root) | 04_figures/supp_motion  (staged read-only into the scratch mirror) | /Users/yunman/Desktop/submission/  (author's tree, not shipped in this package)",None - format conversion of the CSV.,partial,match,"Re-run reproduces the shipped file: same columns, same 6 rows, max relative difference 0.00e+00. Inputs not shipped in this package: /Users/yunman/Desktop/submission/  (author's tree, not shipped in this package) They were present on the author's machine, which is how this script was verified."
supp_motion/data/motion_correlations.csv,b72044c3-67ab-4c45-91dc-304f0d61104b,fe47a03f-2d43-4fe0-a1c3-e0544839d822,2026-09-21 21:45:42 UTC,03_analysis/fig4/35_motion_correlations.py,recovered/fig4/motion_correlations__cell_b72044c3.py,"04_figures/  (scratch mirror root) | /Users/yunman/Desktop/submission/  (author's tree, not shipped in this package)","Pearson r with a Fisher-z 95% CI, Benjamini-Hochberg FDR and Bonferroni adjustment over the six outcomes, in both datasets.",partial,match,"Built in three steps in the original session: b4b3ae62 wrote a first version, 18914da9 rewrote it as the two-dataset comparison, and b72044c3 added the Bonferroni columns. The shipped file is the output of b72044c3. Re-run reproduces the shipped file: same columns, same 6 rows, max relative difference 0.00e+00. Inputs not shipped in this package: /Users/yunman/Desktop/submission/  (author's tree, not shipped in this package) They were present on the author's machine, which is how this script was verified."
supp_motion/data/motion_group_tests.csv,b4b3ae62-de2b-487f-9e6a-76fadf505293,fe47a03f-2d43-4fe0-a1c3-e0544839d822,2026-09-21 21:29:52 UTC,03_analysis/fig4/36_motion_group_tests.py,recovered/fig4/motion_group_tests__cell_b4b3ae62.py,"04_figures/fig.4/fig4_data  (staged read-only into the scratch mirror) | 04_figures/  (scratch mirror root) | /Users/yunman/Desktop/submission/  (author's tree, not shipped in this package)","One-way ANOVA, Kruskal-Wallis, Levene's test of equal variance, HC-versus-rest Welch t test with Cohen's d, HC-versus-rest Mann-Whitney U, and per-group descriptives.",partial,match,"Re-run reproduces the shipped file: same columns, same 8 rows, max relative difference 0.00e+00. Inputs not shipped in this package: /Users/yunman/Desktop/submission/  (author's tree, not shipped in this package) They were present on the author's machine, which is how this script was verified."
supp_motion/data/motion_per_edge_correlations.csv,b4b3ae62-de2b-487f-9e6a-76fadf505293,fe47a03f-2d43-4fe0-a1c3-e0544839d822,2026-09-21 21:29:52 UTC,03_analysis/fig4/37_motion_per_edge_correlations.py,recovered/fig4/motion_per_edge_correlations__cell_b4b3ae62.py,"04_figures/  (scratch mirror root) | 06_upstream_inputs/corr_hd_np/empirical_fc_vs_headmotion_corr_excl_fd05.csv  (fallback: /Users/yunman/Desktop/submission/revision/corr_hd_np/empirical_fc_vs_headmotion_corr_excl_fd05.csv) | /Users/yunman/Desktop/submission/  (author's tree, not shipped in this package)",Pearson r per edge with Benjamini-Hochberg FDR and Bonferroni adjustment over the 12 edges.,partial,match,"The write statement was added to 04_figures/supp_motion/motion_supp.py by bash cell 151433bd; the shipped file carries the p_bonferroni column that only that version writes. Re-run reproduces the shipped file: same columns, same 12 rows, max relative difference 0.00e+00. Inputs not shipped in this package: /Users/yunman/Desktop/submission/  (author's tree, not shipped in this package) They were present on the author's machine, which is how this script was verified."
supp_motion/data/motion_subject_level_n288.csv,c1b71a9d-8594-41a2-8c86-0e6441c4a9fa,fe47a03f-2d43-4fe0-a1c3-e0544839d822,2026-09-21 21:48:21 UTC,03_analysis/fig4/38_motion_subject_level_n288.py,recovered/fig4/motion_subject_level_n288__cell_c1b71a9d.py,"04_figures/fig.4/fig4_data  (staged read-only into the scratch mirror) | 04_figures/  (scratch mirror root) | /Users/yunman/Desktop/submission/  (author's tree, not shipped in this package)",None - table assembly only.,partial,match,"Re-run reproduces the shipped file: same columns, same 288 rows, max relative difference 0.00e+00. Inputs not shipped in this package: /Users/yunman/Desktop/submission/  (author's tree, not shipped in this package) They were present on the author's machine, which is how this script was verified."
supp_motion/figS_motion_A4_caption_values.csv,1296b65f-8ffb-4818-b483-c86562441896,c60c0dc4-003a-4667-bb4f-e50a2f4c1e5f,2026-09-25 00:15:31 UTC,03_analysis/fig4/39_figS_motion_A4_caption_values.py,recovered/fig4/figS_motion_A4_caption_values__cell_1296b65f.py,"04_figures/supp_motion/figS_motion_A4.py  (figure script, staged and retargeted) | 04_figures/supp_motion/  (its panel PNGs and data/ tables) | 04_figures/  (all data tables of the figure tree, staged into the mirror) | 04_figures/figA4_kit.py, 04_figures/fig_color/  (shared style modules)","None new - the values are read back or re-derived from the panel source tables while the figure is drawn, so the tests are those of the upstream data files.",yes,match,"These numbers are NOT produced by a separate statistical cell. They are accumulated in the dict `S` inside the figure script while its panels are drawn and written out as its last statement, so they cannot be sliced out of it. This script therefore stages a working copy of the figure script and runs it, which regenerates the table without writing into 04_figures. Verification re-ran the staged figure script and compared the caption-value table it wrote. Re-run reproduces the shipped file: same columns, same 17 rows, max relative difference 0.00e+00."
supp_oldham/data/oldham_subject_level.csv,22e9867c-f442-442a-b25e-d2ee46ade4d5,fe47a03f-2d43-4fe0-a1c3-e0544839d822,2026-09-22 21:01:19 UTC,03_analysis/fig4/40_oldham_subject_level.py,recovered/fig4/oldham_subject_level__cell_22e9867c.py,04_figures/fig.4/fig4_data  (staged read-only into the scratch mirror) | 04_figures/fig.5/fig5_data/fig5_healthy_n27.csv  (staged read-only into the scratch mirror) | 04_figures/fig.5/fig5_data/fig5_mdd_hc_n36.csv  (staged read-only into the scratch mirror) | 04_figures/supp_oldham  (staged read-only into the scratch mirror) | 06_upstream_inputs/whole_brain_fc_compare  (fallback: /Users/yunman/Desktop/submission/revision/whole_brain_fc_compare),None - table assembly only.,yes,mismatch,"Six of the eight Oldham series reproduce exactly (max relative difference 0). The two clinical-ketamine series do not: the script's input 04_figures/fig.5/fig5_data/fig5_mdd_hc_n36.csv has been rewritten since this table was produced (cells 040b58f5 on 2026-09-23 and ac41e707 on 2026-09-25, both after 22e9867c). Its FC_p2 column now has mean -0.0844 / s.d. 1.3354, whereas the shipped table implies mean 0.0000 / s.d. 1.4380. Largest relative discrepancy 0.471 (clinical_ket) and 0.460 (clinical_ket_mdd) over the pre/post/mean/difference columns; the six DTB and healthy-pharmacology series match exactly. Re-run detail: max relative difference 153 in column 'mean_pre_post'."
supp_oldham/data/oldham_tests.csv,22e9867c-f442-442a-b25e-d2ee46ade4d5,fe47a03f-2d43-4fe0-a1c3-e0544839d822,2026-09-22 21:01:19 UTC,03_analysis/fig4/41_oldham_tests.py,recovered/fig4/oldham_tests__cell_22e9867c.py,04_figures/fig.4/fig4_data  (staged read-only into the scratch mirror) | 04_figures/fig.5/fig5_data/fig5_healthy_n27.csv  (staged read-only into the scratch mirror) | 04_figures/fig.5/fig5_data/fig5_mdd_hc_n36.csv  (staged read-only into the scratch mirror) | 04_figures/supp_oldham  (staged read-only into the scratch mirror) | 06_upstream_inputs/whole_brain_fc_compare  (fallback: /Users/yunman/Desktop/submission/revision/whole_brain_fc_compare),"Oldham's method: Pearson correlation of the within-subject change on the mean of pre and post, with a Fisher-z 95% CI and a t statistic; the naive baseline-versus-change correlation for comparison; OLS of post on pre with the slope tested against 1; and the post/pre variance ratio.",yes,mismatch,"Six of the eight Oldham series reproduce exactly (max relative difference 0). The two clinical-ketamine series do not: the script's input 04_figures/fig.5/fig5_data/fig5_mdd_hc_n36.csv has been rewritten since this table was produced (cells 040b58f5 on 2026-09-23 and ac41e707 on 2026-09-25, both after 22e9867c). Its FC_p2 column now has mean -0.0844 / s.d. 1.3354, whereas the shipped table implies mean 0.0000 / s.d. 1.4380. Re-run values for clinical_ket: oldham_r 0.0573 vs 0.1161 shipped, oldham_p 0.740 vs 0.500; largest relative discrepancy 0.509 (oldham_t). For clinical_ket_mdd: oldham_r 0.2373 vs 0.2711, largest relative discrepancy 3.01 (slope_post_on_pre). Re-run detail: max relative difference 8.84e+10 in column 'post_mean'."
supp_oldham/figS_oldham_A4_caption_values.csv,2281423c-59ac-430e-bfa1-75ca831d0624,8d001885-f89b-4ca4-9e30-9866f1015ee6,2026-09-24 21:44:18 UTC,03_analysis/fig4/42_figS_oldham_A4_caption_values.py,recovered/fig4/figS_oldham_A4_caption_values__cell_2281423c.py,"04_figures/supp_oldham/figS_oldham_A4.py  (figure script, staged and retargeted) | 04_figures/supp_oldham/  (its panel PNGs and data/ tables) | 04_figures/  (all data tables of the figure tree, staged into the mirror) | 04_figures/figA4_kit.py, 04_figures/fig_color/  (shared style modules)","None new - the values are read back or re-derived from the panel source tables while the figure is drawn, so the tests are those of the upstream data files.",yes,match,"These numbers are NOT produced by a separate statistical cell. They are accumulated in the dict `S` inside the figure script while its panels are drawn and written out as its last statement, so they cannot be sliced out of it. This script therefore stages a working copy of the figure script and runs it, which regenerates the table without writing into 04_figures. Verification re-ran the staged figure script and compared the caption-value table it wrote. Re-run reproduces the shipped file: same columns, same 5 rows, max relative difference 0.00e+00."
supp_oldham_all/data/oldham_subject_level_all.csv,01027a5c-247d-4fe8-9735-13a80ad2e877,25343478-9a78-4867-bcc3-f40b07365f59,2026-09-27 05:40:36 UTC,03_analysis/fig4/43_oldham_subject_level_all.py,recovered/fig4/oldham_subject_level_all__cell_01027a5c.py,04_figures/  (scratch mirror root),None - concatenation.,yes,match,"Re-run reproduces the shipped file: same columns, same 1318 rows, max relative difference 0.00e+00."
supp_oldham_all/data/oldham_tests_all.csv,01027a5c-247d-4fe8-9735-13a80ad2e877,25343478-9a78-4867-bcc3-f40b07365f59,2026-09-27 05:40:36 UTC,03_analysis/fig4/44_oldham_tests_all.py,recovered/fig4/oldham_tests_all__cell_01027a5c.py,04_figures/  (scratch mirror root),None recomputed - concatenation of the two previously computed Oldham test tables.,yes,match,"Re-run reproduces the shipped file: same columns, same 10 rows, max relative difference 0.00e+00."
supp_oldham_all/figS_oldham_all_A4_caption_values.csv,1bc40366-1cb9-4e77-8657-6f41c4367cc7,25343478-9a78-4867-bcc3-f40b07365f59,2026-09-27 05:41:05 UTC,03_analysis/fig4/45_figS_oldham_all_A4_caption_values.py,recovered/fig4/figS_oldham_all_A4_caption_values__cell_1bc40366.py,"04_figures/supp_oldham_all/figS_oldham_all_A4.py  (figure script, staged and retargeted) | 04_figures/supp_oldham_all/  (its panel PNGs and data/ tables) | 04_figures/  (all data tables of the figure tree, staged into the mirror) | 04_figures/figA4_kit.py, 04_figures/fig_color/  (shared style modules)","None new - the values are read back or re-derived from the panel source tables while the figure is drawn, so the tests are those of the upstream data files.",yes,match,"These numbers are NOT produced by a separate statistical cell. They are accumulated in the dict `S` inside the figure script while its panels are drawn and written out as its last statement, so they cannot be sliced out of it. This script therefore stages a working copy of the figure script and runs it, which regenerates the table without writing into 04_figures. The figure script was created by cell 1bc40366 and edited in the same session by 44c93d79, 7bc5da54 and 282a207f; the version in 04_figures is the final one. Verification re-ran the staged figure script and compared the caption-value table it wrote. Re-run reproduces the shipped file: same columns, same 7 rows, max relative difference 0.00e+00."
supp_oldham_mid6/data/oldham_subject_level_mid6.csv,df496b3b-8da3-41a2-b4a9-dffbbf6c0ecd,25343478-9a78-4867-bcc3-f40b07365f59,2026-09-27 05:27:39 UTC,03_analysis/fig4/46_oldham_subject_level_mid6.py,recovered/fig4/oldham_subject_level_mid6__cell_df496b3b.py,04_figures/supp_oldham/data/oldham_subject_level.csv  (staged read-only into the scratch mirror) | 04_figures/supp_oldham_mid6  (staged read-only into the scratch mirror),None - table assembly only.,yes,match,"Re-run reproduces the shipped file: same columns, same 576 rows, max relative difference 0.00e+00."
supp_oldham_mid6/data/oldham_tests_mid6.csv,28602d61-418b-4441-9ab4-50fb918dd1ca,25343478-9a78-4867-bcc3-f40b07365f59,2026-09-27 05:28:48 UTC,03_analysis/fig4/47_oldham_tests_mid6.py,recovered/fig4/oldham_tests_mid6__cell_28602d61.py,04_figures/supp_oldham/data/oldham_subject_level.csv  (staged read-only into the scratch mirror) | 04_figures/supp_oldham_mid6  (staged read-only into the scratch mirror),"Oldham's method: Pearson correlation of the within-subject change on the mean of pre and post, with a Fisher-z 95% CI and a t statistic; the naive baseline-versus-change correlation for comparison; OLS of post on pre with the slope tested against 1; and the post/pre variance ratio.",yes,match,"Computed in cell df496b3b and rewritten by 28602d61, which keeps oldham_p, naive_p and slope_vs1_p at full precision and rounds every other float to six decimals. The shipped file is the output of 28602d61. Re-run reproduces the shipped file: same columns, same 4 rows, max relative difference 0.00e+00."
supp_wbdrug/data/wbdrug_direction_agreement_n288.csv,b2cddfae-313a-4926-8130-ee69d01e2303,fe47a03f-2d43-4fe0-a1c3-e0544839d822,2026-09-22 20:31:07 UTC,03_analysis/fig4/48_wbdrug_direction_agreement_n288.py,recovered/fig4/wbdrug_direction_agreement_n288__cell_b2cddfae.py,04_figures/supp_wbdrug/data  (staged read-only into the scratch mirror) | 06_upstream_inputs/whole_brain_fc_compare  (fallback: /Users/yunman/Desktop/submission/revision/whole_brain_fc_compare),"None recomputed here - verbatim copy of the upstream Supplementary Table WB3, whose statistics are a two-sided binomial test against 0.5 and a node-wise sign-flip permutation test.",yes,match,"Upstream table: whole_brain_fc_compare/SuppTable_WB3_direction_agreement_n288.csv. Re-run reproduces the shipped file: same columns, same 24 rows, max relative difference 0.00e+00."
supp_wbdrug/data/wbdrug_direction_agreement_pooled_prior.csv,b2cddfae-313a-4926-8130-ee69d01e2303,fe47a03f-2d43-4fe0-a1c3-e0544839d822,2026-09-22 20:31:07 UTC,03_analysis/fig4/49_wbdrug_direction_agreement_pooled_prior.py,recovered/fig4/wbdrug_direction_agreement_pooled_prior__cell_b2cddfae.py,04_figures/supp_wbdrug/data  (staged read-only into the scratch mirror) | 06_upstream_inputs/whole_brain_fc_compare  (fallback: /Users/yunman/Desktop/submission/revision/whole_brain_fc_compare),None recomputed - verbatim copy of the upstream Supplementary Table WB2.,yes,match,"Upstream table: whole_brain_fc_compare/SuppTable_WB2_direction_agreement_corrected.csv. Re-run reproduces the shipped file: same columns, same 16 rows, max relative difference 0.00e+00."
supp_wbdrug/data/wbdrug_map_reliability.csv,b2cddfae-313a-4926-8130-ee69d01e2303,fe47a03f-2d43-4fe0-a1c3-e0544839d822,2026-09-22 20:31:07 UTC,03_analysis/fig4/50_wbdrug_map_reliability.py,recovered/fig4/wbdrug_map_reliability__cell_b2cddfae.py,04_figures/supp_wbdrug/data  (staged read-only into the scratch mirror) | 06_upstream_inputs/whole_brain_fc_compare  (fallback: /Users/yunman/Desktop/submission/revision/whole_brain_fc_compare),None recomputed - verbatim copy of the upstream reliability table (Spearman-Brown split-half reliability; the ceiling is its square root).,yes,match,"Upstream table: whole_brain_fc_compare/model_data/wholebrain_results/pharma_map_reliability.csv. Re-run reproduces the shipped file: same columns, same 4 rows, max relative difference 0.00e+00."
supp_wbdrug/figS_wbdrug_A4_caption_values.csv,4e5929b0-0e26-4db0-a87c-6b9ea740fa11,c60c0dc4-003a-4667-bb4f-e50a2f4c1e5f,2026-09-24 22:38:35 UTC,03_analysis/fig4/51_figS_wbdrug_A4_caption_values.py,recovered/fig4/figS_wbdrug_A4_caption_values__cell_4e5929b0.py,"04_figures/supp_wbdrug/figS_wbdrug_A4.py  (figure script, staged and retargeted) | 04_figures/supp_wbdrug/  (its panel PNGs and data/ tables) | 04_figures/  (all data tables of the figure tree, staged into the mirror) | 04_figures/figA4_kit.py, 04_figures/fig_color/  (shared style modules)","None new - the values are read back or re-derived from the panel source tables while the figure is drawn, so the tests are those of the upstream data files.",yes,match,"These numbers are NOT produced by a separate statistical cell. They are accumulated in the dict `S` inside the figure script while its panels are drawn and written out as its last statement, so they cannot be sliced out of it. This script therefore stages a working copy of the figure script and runs it, which regenerates the table without writing into 04_figures. Verification re-ran the staged figure script and compared the caption-value table it wrote. Re-run reproduces the shipped file: same columns, same 16 rows, max relative difference 0.00e+00."
supp_wholebrain/figS_wb_A4_caption_values.csv,1d8f3df0-c037-40bf-ba5e-506b8baf91cf,8d001885-f89b-4ca4-9e30-9866f1015ee6,2026-09-24 21:58:11 UTC,03_analysis/fig4/52_figS_wb_A4_caption_values.py,recovered/fig4/figS_wb_A4_caption_values__cell_1d8f3df0.py,"04_figures/supp_wholebrain/figS_wb_A4.py  (figure script, staged and retargeted) | 04_figures/supp_wholebrain/  (its panel PNGs and data/ tables) | 04_figures/  (all data tables of the figure tree, staged into the mirror) | 04_figures/figA4_kit.py, 04_figures/fig_color/  (shared style modules)","None new - the values are read back or re-derived from the panel source tables while the figure is drawn, so the tests are those of the upstream data files.",yes,match,"These numbers are NOT produced by a separate statistical cell. They are accumulated in the dict `S` inside the figure script while its panels are drawn and written out as its last statement, so they cannot be sliced out of it. This script therefore stages a working copy of the figure script and runs it, which regenerates the table without writing into 04_figures. Verification re-ran the staged figure script and compared the caption-value table it wrote. Re-run reproduces the shipped file: same columns, same 3 rows, max relative difference 0.00e+00."
supp_wholebrain/wb_data/SuppTable_WB1_wholebrain_modulation_n288.csv,ba8c33cc-5568-4fc6-8be4-37a8230fcf10,97872b81-5061-4c82-a255-9ab25db6e3f8,2026-09-07 14:17:32 UTC,03_analysis/fig4/53_SuppTable_WB1_wholebrain_modulation_n288.py,recovered/fig4/SuppTable_WB1_wholebrain_modulation_n288__cell_ba8c33cc.py,"06_upstream_inputs/whole_brain_fc_compare/model_data/wholebrain_results/{sst,mid}_data_{baseline,mani_ampa,mani_gaba}_217.mat  (fallback: /Users/yunman/Desktop/submission/revision/whole_brain_fc_compare/model_data/wholebrain_results/; not shipped in this package) | 06_upstream_inputs/empirical_simul_np_fcs_300subs/np_residualized_290subs.csv  (for the n=288 ID list)","Paired t test per edge over subjects with Benjamini-Hochberg FDR across the 23,436 edges, and the distribution of within-subject Cohen's d_z.",partial,match,"Cell 5ad6d815 later rewrote the identical DataFrame; the computation lives in ba8c33cc. Re-run reproduces the shipped file: same columns, same 12 rows, max relative difference 0.00e+00. Inputs not shipped in this package: 06_upstream_inputs/whole_brain_fc_compare/model_data/wholebrain_results/{sst,mid}_data_{baseline,mani_ampa,mani_gaba}_217.mat  (fallback: /Users/yunman/Desktop/submission/revision/whole_brain_fc_compare/model_data/wholebrain_results/; not shipped in this package) They were present on the author's machine, which is how this script was verified."
supp_wholebrain/wb_data/SuppTable_WB_network_pair_summary_n288.csv,09110be8-1f30-4f28-9d8f-1b5a1e214f70,97872b81-5061-4c82-a255-9ab25db6e3f8,2026-09-07 14:17:54 UTC,03_analysis/fig4/54_SuppTable_WB_network_pair_summary_n288.py,recovered/fig4/SuppTable_WB_network_pair_summary_n288__cell_09110be8.py,"06_upstream_inputs/whole_brain_fc_compare/model_data/wholebrain_results/{sst,mid}_data_{baseline,mani_ampa,mani_gaba}_217.mat  (fallback: /Users/yunman/Desktop/submission/revision/whole_brain_fc_compare/model_data/wholebrain_results/; not shipped in this package) | 06_upstream_inputs/empirical_simul_np_fcs_300subs/np_residualized_290subs.csv  (for the n=288 ID list) | 06_upstream_inputs/whole_brain_fc_compare/model_data/wholebrain_results/shen268_network_labels (node-to-network assignment used for the network-pair summary)",Counts and net signed percentages over the FDR-significant edges of the per-edge paired t tests.,partial,match,"Re-run reproduces the shipped file: same columns, same 540 rows, max relative difference 0.00e+00. Inputs not shipped in this package: 06_upstream_inputs/whole_brain_fc_compare/model_data/wholebrain_results/{sst,mid}_data_{baseline,mani_ampa,mani_gaba}_217.mat  (fallback: /Users/yunman/Desktop/submission/revision/whole_brain_fc_compare/model_data/wholebrain_results/; not shipped in this package) They were present on the author's machine, which is how this script was verified."
