ampa_index_resid,fu3_change_resid
-7.368391709874102,-4.977916958199109
2.10575775443764,-10.87845569929169
-1.1364587554221295,1.2700072859291378
3.321299874346183,0.4831790178693307
-8.6275357888774,4.9236422614144635
-6.150338152321852,-0.02634521483216168
-6.4179987338513635,-11.368174700925813
-3.6479521243903523,-1.8288412066796464
3.816470352163837,-7.2415968436968114
-4.27914755329334,4.9291006118032135
6.514710195798533,-6.034379091949502
-5.4379678287687,-9.578204540541728
0.3276115934821471,5.55708840774379
-3.632943074446013,-4.097278758685685
3.554208924646235,2.9858533212814606
-11.206687677680257,3.55708840774379
7.312909687962759,6.042012802292772
-5.20550017467343,-3.5062310482259766
3.7450190554694536,3.884143830995229
-4.843148885830272,-4.026345214832162
-4.797687638583406,6.671750911657014
8.285525384831693,-1.2338948382312755
-5.215851155976699,-3.690894602943973
-3.1911136948161007,-1.5030404670477382
-4.398644359501959,0.6017620057539292
-3.1917850138225776,-1.084963086077562
1.3453470472867093,-4.952765408458494
-1.1869075595374732,-2.462714535172566
2.2773928383072053,7.913596646167865
5.473175170182348,2.434963208242568
1.0718198989993726,8.659127481530813
-4.373392989543426,-3.7559717652674154
-1.967796418675734,2.9173999936447386
9.084043693573225,6.8300373840371265
5.8719445557446015,5.118773508763654
-5.729093760465091,5.363602482225451
-0.4967541158468687,-0.8783094117749275
6.403292330930155,4.371499752907052
-3.385347913410083,1.7194688033286303
5.43451125129626,-9.01424427738134
0.4337728463965047,-8.495978090752086
2.017533088454724,-7.218788903737259
3.9097349882805155,-3.659818224032737
-1.8012913108336366,4.737364999708539
6.394177534216517,-5.007367485220731
2.774001330085089,7.844606392803058
-7.661253867033805,1.5530018774690721
7.999221099539257,4.235994357615244
3.028444807993636,3.2101593057844404
-0.4072412075422771,1.4509650918330639
-4.060444262735457,-0.8011409930816891
-3.5296189353451677,0.4224082257569073
-2.418099299824921,-1.1162833511683639
4.437975541598071,1.915249360928728
8.896260449825986,6.904783956448547
4.217837975894857,7.762702133584196
4.808674503020887,1.7573535267599367
-2.823352471246193,-2.9513251407039203
4.926717000217421,-0.2993015840555078
6.725626457114085,8.056999312141274
-5.528991760782561,-7.898258642208045
7.528435508994533,-0.3099548608217448
0.7896555518127326,-7.054472610593711
1.373747159376355,-8.298183506871716
0.3717347650257947,-3.8065970553194255
4.587941347753229,6.7175329057699225
-4.629504635649702,-4.154021787082909
-1.6073734621604645,1.6041935331167707
2.9496246873027787,-3.988877992483424
5.693867089106486,3.0659291383550933
5.697460623014521,0.9830214746262742
-1.4748721809180458,-2.89528279618711
-2.8059328992878623,2.2413332833584807
-1.8512650713764915,-4.269938974615664
3.077674905929872,3.7140614299448536
-8.08589841774095,-0.8716668247128574
-8.668467129058195,0.6866421109937271
-11.421683877364867,0.8679317885494573
-5.371127040052831,-11.340445336305596
1.761622458792235,12.706445053910084
5.375345713076763,4.929713378101848
0.9116451862151744,9.870907634570392
6.532389677177272,0.3495387843446762
-0.8996084115589507,-3.6653524149920376
-2.2316905855526032,-3.579312936644497
