ampa_restoration_index,x2,x3,x4,x5,fu3_symptom_change
-10.610216068529287,0.0,8.0,5.0,9.0,-11.0
0.9814910756058843,0.0,5.0,8.0,8.0,-17.0
-1.8577806735243527,5.0,6.0,6.0,4.0,-2.0
-0.6996795063595762,3.0,11.0,8.0,12.0,-8.0
-9.271176729006282,0.0,3.0,5.0,13.0,-2.0
-6.133512564741789,0.0,2.0,2.0,2.0,-1.0
-7.145510135860864,1.0,5.0,7.0,1.0,-14.0
-5.866953163769686,4.0,8.0,4.0,2.0,-4.0
4.46377643960632,4.0,3.0,6.0,6.0,-11.0
-6.280036049363964,4.0,8.0,7.0,6.0,0.0
6.469545887782301,0.0,2.0,6.0,15.0,-14.0
-7.646527844111667,1.0,7.0,7.0,9.0,-16.0
-1.788911912293539,1.0,7.0,7.0,7.0,0.0
-5.331489604246109,0.0,5.0,2.0,3.0,-6.0
0.5827048479906765,4.0,9.0,7.0,15.0,-6.0
-13.323211183455943,1.0,7.0,7.0,7.0,-2.0
7.625869941384943,4.0,4.0,8.0,7.0,1.0
-4.364099591265681,0.0,1.0,4.0,2.0,-5.0
3.9419247519809133,0.0,2.0,3.0,1.0,3.0
-4.826323298250209,0.0,2.0,2.0,2.0,-5.0
-5.651035754409008,1.0,4.0,5.0,10.0,1.0
8.26032562783128,0.0,2.0,1.0,0.0,-1.0
-5.547566016731139,3.0,3.0,3.0,14.0,-10.0
-3.295951683568642,1.0,3.0,3.0,0.0,-2.0
-5.612990294122209,4.0,7.0,7.0,1.0,-2.0
-6.008843138108899,5.0,10.0,8.0,7.0,-7.0
-0.4532218124869942,0.0,5.0,4.0,11.0,-11.0
-2.647735956094241,3.0,6.0,6.0,11.0,-9.0
-0.6441000733615496,4.0,9.0,6.0,11.0,1.0
6.560877988246279,0.0,0.0,1.0,0.0,3.0
-0.49326305765949385,3.0,7.0,8.0,7.0,3.0
-6.022526635363246,3.0,7.0,6.0,3.0,-7.0
-5.215649343958461,4.0,10.0,6.0,6.0,-2.0
6.720798405935694,0.0,7.0,5.0,2.0,4.0
1.0826101381058368,0.0,12.0,8.0,3.0,0.0
-7.071472982605556,0.0,5.0,5.0,4.0,2.0
-0.7916936903615124,5.0,5.0,4.0,1.0,-2.0
6.6342375516157635,0.0,2.0,6.0,9.0,-1.0
-5.1120841345576515,0.0,6.0,8.0,9.0,-5.0
5.468147574100302,2.0,4.0,8.0,4.0,-13.0
-2.908313162157615,0.0,9.0,6.0,2.0,-12.0
1.1577368587959178,4.0,5.0,1.0,0.0,-7.0
3.4545795246950206,1.0,4.0,9.0,13.0,-12.0
-4.078708882811764,3.0,7.0,2.0,5.0,2.0
3.2853972014969006,2.0,9.0,6.0,6.0,-10.0
2.3176478110070704,2.0,3.0,5.0,18.0,-1.0
-6.351445595457999,0.0,0.0,3.0,1.0,1.0
6.288097558123143,3.0,7.0,10.0,16.0,-6.0
4.204191225421685,0.0,0.0,2.0,1.0,3.0
-2.634228067327939,4.0,8.0,6.0,8.0,-4.0
-5.361815968507635,2.0,6.0,6.0,3.0,-4.0
-5.1183003921418155,0.0,6.0,8.0,6.0,-5.0
-2.9359035261377002,0.0,4.0,7.0,4.0,-5.0
3.470949669846192,2.0,5.0,4.0,2.0,0.0
10.262688917501533,5.0,2.0,6.0,7.0,3.0
3.2888445385202907,2.0,5.0,6.0,7.0,3.0
1.7807304575459213,0.0,9.0,8.0,1.0,-2.0
-4.517486543637464,1.0,6.0,6.0,7.0,-8.0
-0.1357518641322102,2.0,13.0,7.0,3.0,-5.0
7.319526750373129,1.0,1.0,3.0,9.0,4.0
-5.997563330395398,2.0,4.0,7.0,12.0,-15.0
7.879606930594894,0.0,1.0,0.0,1.0,0.0
-0.8258581170385995,2.0,6.0,4.0,4.0,-10.0
-1.9781210060831427,4.0,10.0,9.0,17.0,-19.0
-2.557743967049287,4.0,9.0,8.0,17.0,-14.0
4.006709850426304,1.0,4.0,6.0,7.0,2.0
-3.016773933317971,5.0,1.0,3.0,5.0,-6.0
-5.217163631804436,1.0,10.0,9.0,9.0,-6.0
3.291194179278097,5.0,4.0,7.0,8.0,-9.0
3.8696640727706217,1.0,6.0,4.0,4.0,0.0
6.351554475370808,5.0,2.0,0.0,5.0,0.0
-1.7543599929809695,0.0,3.0,6.0,8.0,-8.0
-4.758767484150468,0.0,6.0,7.0,11.0,-5.0
-1.700975910655199,3.0,4.0,8.0,6.0,-9.0
3.557299162256111,5.0,4.0,7.0,5.0,0.0
-7.006779701089872,3.0,2.0,8.0,10.0,-7.0
-9.221089387831984,2.0,4.0,5.0,8.0,-4.0
-12.745475337782903,5.0,7.0,6.0,5.0,-3.0
-6.221500073887459,3.0,5.0,4.0,4.0,-14.0
0.5533050907995261,0.0,5.0,6.0,4.0,9.0
3.9943357755524573,3.0,7.0,8.0,3.0,1.0
-0.22306251665294852,3.0,6.0,5.0,1.0,8.0
4.373840826821109,1.0,7.0,6.0,5.0,-4.0
-3.3588831189669257,0.0,7.0,6.0,7.0,-9.0
-3.8101896482388113,4.0,7.0,6.0,6.0,-8.0
