id_numeric,phenotype,empirical_edge1,empirical_edge2,empirical_edge3,empirical_edge4,empirical_edge5,empirical_edge6,empirical_edge7,empirical_edge8,empirical_edge9,empirical_edge10,empirical_edge11,empirical_edge12,empirical_sst_sum,empirical_mid_sum,empirical_np_sum,source,wide_table_disagrees,in_85_longitudinal
458976,IMAGEN,0.31926817,-0.13064324,0.34874682,-0.17787006,-0.09579864,0.00438762,0.14448245,0.17064615,0.26234757,-0.01427436,-0.00713608,-0.13849962,0.26809066,0.41756611,0.68565677,"empirical_np (.mat, ID-matched)",no,0
829055,HC,0.16506755,0.19071035,0.00597407,-0.02577993,0.30767657,-0.03335283,0.3584154,0.37516569,-0.30676837,0.28774625,-0.23118033,-0.00855803,0.61029578,0.4748206,1.08511638,"empirical_np (.mat, ID-matched)",no,0
1647364,IMAGEN,-0.07974015,-0.1805191,0.31563006,0.16843051,0.06912861,-0.2559301,-0.04748864,0.43625922,-0.33435058,0.3031126,0.09920617,-0.41685931,0.03699983,0.03987946,0.07687929,"empirical_np (.mat, ID-matched)",no,1
2190836,HC,-0.2665344,0.22964475,-0.15690239,0.2566243,0.37716787,0.07944604,0.09393656,0.36455598,-0.20043768,-0.21955128,-0.060309,-0.23982675,0.51944616,-0.26163215,0.25781401,"empirical_np (.mat, ID-matched)",no,0
2270310,HC,-0.11450698,-0.01597481,0.00538668,0.04238739,0.31544989,-0.07859523,0.59546388,0.2217111,-0.25410645,0.56735516,0.10237635,-0.30149644,0.15414694,0.93130361,1.08545055,"empirical_np (.mat, ID-matched)",no,0
2695459,IMAGEN,-0.35733723,-0.15489057,-0.3366539,-0.15257614,0.3113769,-0.22219514,0.24227911,-0.12207423,0.05644516,0.15686884,0.23168878,0.05640372,-0.91227609,0.62161138,-0.29066471,"empirical_np (.mat, ID-matched)",no,1
2904393,HC,0.19269675,-0.14767154,0.230169,-0.17969255,0.21136704,-0.31863165,0.26457383,0.3186757,-0.01475034,0.64036695,0.19921586,-0.02116224,-0.01176295,1.38691976,1.3751568,"empirical_np (.mat, ID-matched)",no,0
3287674,HC,0.02813535,0.36537665,-0.20237012,-0.15620767,0.27405255,0.19289248,0.29811428,-0.2420527,-0.1282969,0.17053248,0.07362166,-0.28339859,0.50187924,-0.11147979,0.39039945,"empirical_np (.mat, ID-matched)",no,0
4254555,IMAGEN,-0.19294415,-0.08802579,-0.11287656,0.13273823,-0.55295284,-0.11320596,-0.39530042,-0.06513677,-0.36682995,0.31341497,-0.08910703,-0.4020323,-0.92726706,-1.0049915,-1.93225856,"empirical_np (.mat, ID-matched)",no,0
4631192,HC,0.33813029,0.08221221,-0.03138678,0.00748704,0.08166654,0.26208061,-0.07472029,0.08513479,-0.0740754,0.02307164,-0.07400946,-0.13482513,0.74018992,-0.24942385,0.49076606,"empirical_np (.mat, ID-matched)",no,0
4794212,IMAGEN,0.07001769,-0.08047074,0.03906077,-0.13946793,0.02876354,-0.23510327,0.34704209,-0.01772361,-0.32437588,-0.13190243,0.00834096,-0.43448613,-0.31719995,-0.553105,-0.87030496,"empirical_np (.mat, ID-matched)",no,1
4885471,IMAGEN,-0.22347867,-0.06421648,-0.10645298,0.06413976,-0.23193615,0.04181079,0.55571909,0.59879517,0.01531527,-0.00110198,0.28603588,0.00265674,-0.52013374,1.45742017,0.93728644,"empirical_np (.mat, ID-matched)",no,0
5182386,IMAGEN,0.04069081,-0.01675266,-0.12401316,-0.1771583,-0.05230354,-0.13068405,0.25807967,0.16396462,-0.09979655,0.2452354,0.13149441,-0.00680267,-0.4602209,0.69217487,0.23195398,"empirical_np (.mat, ID-matched)",no,1
5432841,HC,0.17114781,-0.29017121,0.06489662,-0.12135356,-0.01558113,-0.01834574,0.2925123,0.2125873,0.20795575,-0.5000382,-0.0584644,0.07719435,-0.20940722,0.23174711,0.02233989,"empirical_np (.mat, ID-matched)",no,0
5901115,IMAGEN,-0.19895246,0.01339259,-0.03801825,0.51033291,0.34235343,-0.12562289,0.3867252,0.10692555,-0.4145404,-0.09583476,0.26426152,-0.35184656,0.50348533,-0.10430946,0.39917587,"empirical_np (.mat, ID-matched)",no,1
5978534,HC,-0.30831595,0.17903841,-0.10805595,0.37145022,0.36480488,-0.08418257,0.62241488,-0.4560299,-0.30921828,-0.16354289,0.64806391,-0.36982228,0.41473904,-0.02813455,0.3866045,"empirical_np (.mat, ID-matched)",no,1
6000160,IMAGEN,-0.18232466,-0.27997128,-0.1401019,-0.44654293,0.53261492,-0.01033346,0.40504645,-0.78651216,-0.18510873,0.76819702,-0.15490451,-0.45343329,-0.52665932,-0.40671522,-0.93337453,"empirical_np (.mat, ID-matched)",no,0
6314205,HC,-0.24101421,0.01380534,-0.23069426,-0.19469998,0.35632355,-0.12189331,0.24164069,0.05553738,0.1934775,0.35306167,-0.02447454,0.06631026,-0.41817286,0.88555294,0.46738008,"empirical_np (.mat, ID-matched)",no,0
6502630,HC,-0.1323633,-0.06745876,-0.3325888,0.00239058,0.52147193,0.04432264,0.09315734,0.24050265,-0.16426088,0.14609383,-0.23879794,-0.17541292,0.03577429,-0.09871793,-0.06294363,"empirical_np (.mat, ID-matched)",no,0
7127936,HC,-0.2716086,0.21919479,0.07435529,-0.28513716,0.00512922,-0.09039967,-0.06354522,0.02788248,-0.27429129,0.62852519,-0.2420626,-0.03189344,-0.34846614,0.04461511,-0.30385103,"empirical_np (.mat, ID-matched)",no,0
7478069,IMAGEN,-0.25440336,-0.00579332,-0.1469862,0.08817616,0.24744254,0.14531489,-0.20454786,-0.10229423,-0.32506913,0.26096315,-0.13686976,-0.3783515,0.07375071,-0.88616933,-0.81241862,"empirical_np (.mat, ID-matched)",no,1
7764421,HC,-0.41633365,0.04470058,-0.20891518,0.40846704,0.39832772,-0.04225454,-0.05826236,-0.18013462,-0.42382624,0.02896969,0.11537095,-0.25017562,0.18399197,-0.7680582,-0.58406623,"empirical_np (.mat, ID-matched)",no,0
8043474,HC,0.05745705,0.26599538,-0.17913456,-0.08771741,0.5973602,-0.43378891,0.19365986,-0.41284724,0.11158666,-0.2235789,-0.38876454,-0.03323491,0.22017173,-0.75317907,-0.53300734,"empirical_np (.mat, ID-matched)",no,0
10058298,IMAGEN,0.05316447,0.08713911,0.24649588,-0.00668501,0.58070586,-0.18348177,-0.1607523,-0.34392496,-0.53231805,0.10434723,0.06814022,-0.42677915,0.77733854,-1.29128701,-0.51394847,"empirical_np (.mat, ID-matched)",no,0
10121092,IMAGEN,-0.42269324,-0.07862273,-0.42043726,0.32438344,0.2077905,-0.36448846,-0.32804885,0.22063434,-0.11279736,0.00262353,-0.00614225,-0.05576595,-0.75406774,-0.27949656,-1.0335643,"empirical_np (.mat, ID-matched)",no,1
11922061,IMAGEN,-0.08070856,0.2011811,-0.02059982,-0.36935005,0.07295695,-0.01735605,0.05026707,0.19904502,-0.28958894,0.05079533,-0.0380697,-0.39515655,-0.21387643,-0.42270778,-0.63658421,"empirical_np (.mat, ID-matched)",no,1
12029891,HC,-0.16363233,-0.1843838,-0.30929018,0.05244852,0.36076609,-0.1224388,0.22644498,0.45330876,-0.38230276,0.13186399,-0.17315771,-0.20397541,-0.36653049,0.05218185,-0.31434864,"empirical_np (.mat, ID-matched)",no,0
13471924,IMAGEN,-0.53771973,0.13920093,-0.25270537,-0.11438591,0.13434213,-0.10116807,0.11470858,-0.11645527,0.1646863,-0.00356346,-0.22181351,0.00901283,-0.73243602,-0.05342454,-0.78586056,"empirical_np (.mat, ID-matched)",no,1
14759699,IMAGEN,0.1180989,-0.01033452,0.06474897,-0.18672532,0.22376088,0.1630507,0.12882045,-0.19986868,0.03086172,-0.21384076,-0.09115273,-0.12053422,0.37259962,-0.46571422,-0.0931146,"empirical_np (.mat, ID-matched)",no,1
14783858,IMAGEN,-0.13618657,0.25091484,-0.04223876,0.18065459,0.18348325,-0.15300825,-0.1133211,0.00849648,-0.52748111,0.35187007,0.43388719,-0.39259137,0.28361911,-0.23913984,0.04447927,"empirical_np (.mat, ID-matched)",no,0
14850118,HC,0.10903228,-0.10950822,0.28568583,-0.01069209,-0.23507408,0.072864,-0.60701192,0.38064136,-0.38002828,0.78092265,-0.08202466,-0.17089705,0.11230772,-0.07839789,0.03390983,"empirical_np (.mat, ID-matched)",no,0
14893890,IMAGEN,-0.01125409,0.05840988,-0.36530978,-0.47054797,-0.25346176,-0.09705378,-0.08510368,0.14689116,-0.53512163,-0.18534509,-0.33765587,-0.69746191,-1.13921748,-1.69379702,-2.83301451,"empirical_np (.mat, ID-matched)",no,1
15059321,IMAGEN,-0.06962739,0.22736685,0.03238129,0.10788237,0.24915672,-0.21781215,0.04052732,-0.0279641,0.18966898,0.76241289,0.345282,0.18483768,0.3293477,1.49476476,1.82411246,"empirical_np (.mat, ID-matched)",no,1
16190159,IMAGEN,-0.20409422,0.14658629,-0.19455666,-0.38642127,0.21186551,-0.28325891,0.48341702,0.16722753,-0.31207164,0.0541556,0.01842231,-0.15259411,-0.70987927,0.25855672,-0.45132255,"empirical_np (.mat, ID-matched)",no,1
16275727,IMAGEN,0.18950386,-0.33838158,-0.23937373,-0.09283238,0.39610697,-0.0455181,-0.19132029,-0.22207794,-0.11347161,0.22842481,-0.10619664,-0.11459478,-0.13049496,-0.51923645,-0.64973141,"empirical_np (.mat, ID-matched)",no,1
16708319,HC,-0.44528729,0.10343887,-0.16052294,-0.15537541,0.28728253,-0.00854968,0.17392541,0.40828016,-0.14222317,0.35241171,-0.14677454,-0.23165172,-0.37901392,0.41396785,0.03495393,"empirical_np (.mat, ID-matched)",no,0
17213220,IMAGEN,0.30933428,0.08162514,0.11567375,0.07944534,-0.12279234,-0.05280388,0.26868119,-0.08045476,-0.55888148,0.19002509,0.17300413,-0.49429951,0.41048228,-0.50192534,-0.09144306,"empirical_np (.mat, ID-matched)",no,1
17696979,IMAGEN,-0.17800996,-0.02097274,-0.26894404,0.36885683,0.01439145,0.28875373,0.2468254,-0.02779335,0.05323802,0.19474038,0.28857286,0.17265314,0.20407527,0.92823645,1.13231172,np_all_subs_3m_wide_corrected.csv,no,0
18455372,IMAGEN,0.09978771,-0.10344096,-0.0586041,-0.19476542,-0.07099721,-0.13929528,0.29610869,0.11852611,0.0952963,0.24680922,-0.38689975,0.25385181,-0.46731526,0.62369237,0.15637711,"empirical_np (.mat, ID-matched)",no,0
18801650,IMAGEN,-0.15617388,0.12134812,-0.15975203,-0.00231458,0.27544043,-0.11075761,0.00458561,0.34949604,-0.17251653,0.25415929,-0.0858848,0.01658235,-0.03220956,0.36642196,0.3342124,"empirical_np (.mat, ID-matched)",no,1
18904077,HC,-0.15206286,0.07474882,-0.42981802,-0.07363399,0.56772843,0.18054767,0.10974341,0.26205161,-0.19176144,0.0083107,-0.24581786,-0.17235547,0.16751004,-0.22982904,-0.062319,"empirical_np (.mat, ID-matched)",no,1
18952353,HC,-0.06428394,0.09413045,-0.20501027,-0.08502367,0.71416875,-0.0154679,0.24332495,0.18126294,0.04021864,0.28131261,-0.1670554,-0.12561429,0.43851341,0.45344944,0.89196285,"empirical_np (.mat, ID-matched)",no,0
19031295,HC,0.01154128,0.23657722,0.08656424,0.59887778,0.40034973,0.09095514,0.46001338,0.35287453,-0.41941168,-0.06088594,0.1422103,-0.40343343,1.4248654,0.07136716,1.49623256,"empirical_np (.mat, ID-matched)",no,0
19316057,HC,-0.09576214,-0.34569778,0.20327688,0.09138663,0.55729541,0.00257154,0.10633713,0.38073123,0.09908417,0.36899294,0.38976208,-0.18068362,0.41307054,1.16422392,1.57729446,"empirical_np (.mat, ID-matched)",no,0
19432693,IMAGEN,-0.03279383,-0.05375618,-0.21632471,0.04301229,0.56805759,0.30181709,0.2327706,0.008214,-0.02038275,0.4370934,-0.22537996,-0.0719756,0.61001226,0.36033969,0.97035195,"empirical_np (.mat, ID-matched)",no,0
20051604,HC,-0.07675243,0.03990399,0.25546825,-0.08362909,0.45364392,-0.07467733,0.23813894,0.40570362,0.17026056,0.10979858,-0.0584026,0.25826121,0.51395731,1.12376032,1.63771763,"empirical_np (.mat, ID-matched)",no,0
20830744,HC,0.07884003,0.1257123,-0.11343274,-0.18741559,0.18981683,0.15644868,0.4702647,0.1167655,0.14287699,-0.0863123,-0.29648841,0.01047391,0.24996951,0.35758039,0.6075499,"empirical_np (.mat, ID-matched)",no,1
21053574,HC,-0.4673693,-0.10215225,-0.57989946,0.2722933,0.40864244,0.01370253,0.43893513,0.04023673,-0.57474679,0.13112099,-0.42158082,-0.08088951,-0.45478273,-0.46692427,-0.92170699,"empirical_np (.mat, ID-matched)",no,1
21313420,IMAGEN,-0.45087467,0.24384219,-0.07272782,0.000551,-0.03565709,0.13433027,-0.42912379,0.05687122,-0.07655477,0.40071578,0.00919478,-0.28287407,-0.18053611,-0.32177084,-0.50230695,"empirical_np (.mat, ID-matched)",no,1
22084493,HC,-0.07943451,0.0510149,-0.0534812,-0.03066053,0.38491812,0.04065978,-0.1883858,0.21416174,-0.25141607,0.21699248,-0.10292085,-0.07392815,0.31301656,-0.18549666,0.1275199,"empirical_np (.mat, ID-matched)",no,0
23343892,HC,0.00988691,0.08794194,0.09019842,0.41556294,0.09942206,0.08525815,-0.28345399,-0.17443946,0.12864434,-0.26382041,-0.21284134,0.08361034,0.78827042,-0.72230051,0.06596991,"empirical_np (.mat, ID-matched)",no,0
24115048,HC,0.1119911,0.07087533,0.14387757,-0.11785807,-0.0636002,0.12873434,0.28829518,0.19314472,-0.03509225,0.62763295,-0.22758707,-0.2717096,0.27402008,0.57468393,0.84870401,"empirical_np (.mat, ID-matched)",no,1
24495953,IMAGEN,-0.12129788,0.00150248,-0.11288029,-0.49259057,0.4021554,-0.07966516,-0.00804552,0.09550215,0.08881387,-0.08920755,-0.37901138,0.01192963,-0.40277601,-0.2800188,-0.68279482,"empirical_np (.mat, ID-matched)",no,1
25000478,HC,0.36228632,0.07981286,0.47610202,-0.04298389,0.35518976,-0.12703392,0.14446026,0.0905302,0.25561534,0.06746468,-0.05914301,0.20382015,1.10337314,0.70274761,1.80612075,"empirical_np (.mat, ID-matched)",no,1
25067315,IMAGEN,-0.01856344,-0.10730137,-0.44575199,0.18946257,-0.22714301,0.03496184,-0.59097848,0.2639817,0.4638951,0.8413365,-0.23899353,0.28879134,-0.5743354,1.02803262,0.45369722,"empirical_np (.mat, ID-matched)",no,1
25356336,IMAGEN,0.11350617,0.32532486,0.07772931,0.00330591,0.10101105,0.13245013,-0.13403947,-0.28914659,-0.16732099,-0.09509674,0.08287142,-0.28881526,0.75332744,-0.89154764,-0.1382202,"empirical_np (.mat, ID-matched)",no,1
25517914,IMAGEN,0.05666269,-0.20238875,-0.04125286,-0.04598941,0.05499632,-0.22436946,-0.053731,-0.06954456,-0.00120927,0.00025333,0.22815423,0.04130911,-0.40234147,0.14523184,-0.25710963,"empirical_np (.mat, ID-matched)",no,1
25821028,HC,-0.03528702,-0.10645557,-0.25376583,0.20765104,0.14549644,-0.0538974,0.03536711,-0.03286551,0.19529754,-0.02938464,-0.40033207,0.29220863,-0.09625834,0.06029105,-0.03596729,"empirical_np (.mat, ID-matched)",no,0
26901488,IMAGEN,-0.26193802,0.40609941,-0.44212576,-0.13268549,0.10683818,-0.2776036,-0.45537378,-0.42575737,0.121754,0.06761222,0.08508306,0.12584422,-0.60141529,-0.48083764,-1.08225293,"empirical_np (.mat, ID-matched)",no,1
27363295,HC,0.02854333,-0.17713287,-0.13473185,-0.29180945,0.27145676,0.03856639,-0.54980539,0.43032559,0.31406145,0.01273818,-0.46295216,0.03158264,-0.26510769,-0.22404969,-0.48915738,"empirical_np (.mat, ID-matched)",no,0
27578624,IMAGEN,-0.09030788,-0.16200133,-0.36639571,-0.26173368,0.1036681,-0.31326272,0.11126115,0.06040378,0.21348819,0.21724889,0.15152453,0.17417421,-1.09003321,0.92810075,-0.16193246,"empirical_np (.mat, ID-matched)",no,1
28113492,HC,0.19310382,0.10791317,-0.14786573,-0.03132752,0.29296224,-0.23296793,0.49453735,-0.0019719,-0.2129397,-0.10572117,0.20972612,-0.52422591,0.18181805,-0.14059521,0.04122284,"empirical_np (.mat, ID-matched)",no,1
28264513,HC,0.14656902,-0.20497092,-0.03070735,0.0993899,0.15646815,0.18452955,0.13076498,0.02369864,-0.34980378,0.46563882,-0.03267791,-0.2448583,0.35127833,-0.00723755,0.34404078,"empirical_np (.mat, ID-matched)",no,0
29658673,IMAGEN,0.29572151,0.09658839,-0.04050718,-0.17656432,-0.1745776,-0.15401705,0.36573616,-0.12611365,0.11893185,-0.26840057,-0.26033306,0.07483368,-0.15335626,-0.0953456,-0.24870185,"empirical_np (.mat, ID-matched)",no,1
29751086,IMAGEN,0.32960612,0.2534352,-0.20788753,-0.3153162,-0.11698536,-0.24134516,-0.12138619,0.10555612,0.10389343,0.17507913,-0.45607072,0.0122588,-0.29849293,-0.18066945,-0.47916238,"empirical_np (.mat, ID-matched)",no,1
29871328,IMAGEN,-0.065135,0.12041254,-0.14343079,0.11727513,0.58557573,-0.23443416,0.23857,0.37625793,0.08809846,0.47210927,0.10481183,-0.08132834,0.38026345,1.19851915,1.5787826,"empirical_np (.mat, ID-matched)",no,1
30151696,HC,0.18614725,-0.27847396,-0.01153786,-0.21362912,0.3304739,0.04176686,-0.12930273,0.25363832,-0.12273659,-0.16982496,-0.11280426,-0.16488159,0.05474707,-0.44591182,-0.39116475,"empirical_np (.mat, ID-matched)",no,0
30276332,IMAGEN,-0.27526292,-0.03078247,0.19932866,-0.09981389,0.0735779,0.02378396,-0.2656881,-0.11971138,-0.04251445,0.03811121,-0.128383,-0.15983869,-0.10916875,-0.6780244,-0.78719315,"empirical_np (.mat, ID-matched)",no,1
30649663,HC,-0.10937999,0.11174257,0.21661765,0.25229937,0.47796975,-0.13418764,0.31309265,0.07944893,-0.04846436,0.30160056,0.07054671,-0.09208559,0.8150617,0.62413889,1.43920059,"empirical_np (.mat, ID-matched)",no,1
30779144,IMAGEN,-0.10284141,0.1519797,-0.07102815,0.11782302,0.39084621,0.05252204,0.49224989,-0.1093181,0.29988276,-0.14652278,-0.41099121,0.23714896,0.53930141,0.36244952,0.90175092,"empirical_np (.mat, ID-matched)",no,1
31070544,IMAGEN,-0.39978704,-0.18125014,0.04081244,0.20238148,0.13765238,0.02079048,0.22552839,-0.05116532,0.03824753,0.22195268,-0.02458224,0.21672743,-0.17940039,0.62670847,0.44730807,"empirical_np (.mat, ID-matched)",no,1
31171219,IMAGEN,-0.02993238,0.13968548,-0.11899448,-0.1715062,0.41024465,0.14110712,-0.15281721,-0.1042348,0.0258503,0.62663163,-0.05290115,0.11546782,0.37060418,0.45799658,0.82860077,"empirical_np (.mat, ID-matched)",no,1
31825112,IMAGEN,-0.11159738,0.08558678,-0.14351204,-0.38645809,0.56144195,-0.30810684,0.19509651,0.29452646,-0.43935593,0.07745476,0.53273382,-0.19212218,-0.30264561,0.46833345,0.16568783,"empirical_np (.mat, ID-matched)",no,1
31851798,IMAGEN,-0.11450083,0.00023154,-0.32647333,-0.07869588,0.27505272,-0.08919823,0.0608979,-0.06244737,-0.00012468,0.2274379,-0.19027386,-0.10466372,-0.33358399,-0.06917384,-0.40275783,"empirical_np (.mat, ID-matched)",no,1
32581973,HC,-0.57400068,0.16577394,-0.49638483,-0.15926233,0.10087099,-0.13353012,-0.04941807,0.11367351,0.18493229,0.30752956,0.10986723,0.06989472,-1.09653304,0.73647924,-0.36005379,"empirical_np (.mat, ID-matched)",no,0
34458922,HC,-0.27334974,-0.12856135,-0.32502582,-0.06639674,0.43085953,-0.00805361,0.34739215,0.01769515,-0.2137191,-0.08295615,0.20218864,-0.02444967,-0.37052773,0.24615102,-0.12437671,"empirical_np (.mat, ID-matched)",no,0
35704260,IMAGEN,-0.10060122,0.03390695,0.20854545,0.04147141,-0.13737769,0.0523586,-0.29122955,0.26947085,0.11426054,-0.22669974,-0.16175158,0.1412428,0.09830349,-0.15470668,-0.05640318,"empirical_np (.mat, ID-matched)",no,1
36383037,HC,-0.23793729,-0.01538746,-0.04131447,0.02355732,-0.01416587,-0.28730968,-0.19798804,0.24813445,0.22317498,-0.00915016,0.1537483,0.14167726,-0.57255745,0.55959679,-0.01296066,"empirical_np (.mat, ID-matched)",no,0
37280746,HC,-0.23369925,-0.01425283,-0.1319005,0.12731816,0.41586735,0.23251697,0.63953195,-0.16719422,-0.06701761,-0.13764584,-0.2053726,-0.05012913,0.3958499,0.01217254,0.40802244,"empirical_np (.mat, ID-matched)",no,0
37805580,HC,0.17074545,0.23243789,0.03002912,0.05820783,-0.06969572,0.05634201,0.05513043,-0.0468191,-0.14286864,0.7296031,0.05793919,-0.0522788,0.47806658,0.60070616,1.07877274,"empirical_np (.mat, ID-matched)",no,1
38072766,HC,0.02837089,0.37793673,-0.0998424,0.0958145,-0.23455881,-0.00585842,-0.03662632,0.18180156,0.15720931,0.01266784,0.09323994,-0.04845366,0.16186249,0.35983866,0.52170115,"empirical_np (.mat, ID-matched)",no,0
38521433,IMAGEN,-0.27941681,-0.10431083,-0.22254143,0.21125558,0.34103825,-0.2688598,0.22415009,-0.0631278,-0.25898302,0.50541346,0.34067414,-0.29438449,-0.32283504,0.45374237,0.13090734,"empirical_np (.mat, ID-matched)",no,1
38666520,HC,0.01898702,0.08855844,-0.10988845,0.06153006,0.48466832,-0.18127619,0.22777954,-0.09400571,-0.71435184,0.1585779,-0.31376418,-0.24431423,0.36257919,-0.98007852,-0.61749933,"empirical_np (.mat, ID-matched)",no,0
39453204,HC,-0.06060353,0.06398456,-0.40544265,-0.01234425,0.26022358,0.15103964,0.06574544,-0.07153766,-0.19637895,0.47625744,-0.10439439,-0.24254334,-0.00314266,-0.07285146,-0.07599412,"empirical_np (.mat, ID-matched)",no,0
39583981,HC,0.16376839,-0.10211814,0.10514998,-0.3480848,0.58958365,0.0183173,-0.24059499,-0.16703017,-0.27850582,0.29189291,0.13420584,-0.25405764,0.42661639,-0.51408987,-0.08747348,"empirical_np (.mat, ID-matched)",no,0
39776858,IMAGEN,0.04689026,0.38965526,0.0199238,-0.09060577,0.3277387,-0.23136546,0.0668888,0.4997871,0.08726227,0.21359836,0.30336066,0.08550632,0.46223678,1.25640351,1.71864029,"empirical_np (.mat, ID-matched)",no,1
40201562,HC,-0.12384267,-0.0601701,-0.20169918,0.08569149,0.14755117,-0.20042852,0.05399411,0.20512798,-0.00929451,0.89908044,0.39681138,0.07090098,-0.3528978,1.61662038,1.26372258,"empirical_np (.mat, ID-matched)",no,0
41213271,HC,-0.13741849,-0.34884635,-0.01005707,0.16505864,0.38459547,-0.10080325,0.42071246,-0.01549019,0.15267017,0.13488244,0.10950268,0.13169672,-0.04747105,0.93397428,0.88650324,"empirical_np (.mat, ID-matched)",no,0
41383458,IMAGEN,-0.08523913,0.15898645,-0.04633648,-0.4022681,-0.07851602,-0.00538364,-0.17650299,-0.27847134,-0.60441861,0.0211609,0.00748946,-0.46319362,-0.45875692,-1.4939362,-1.95269313,"empirical_np (.mat, ID-matched)",no,1
41429086,IMAGEN,-0.0616672,0.00174798,-0.26974745,0.29357295,0.15175757,-0.30230383,0.10433621,-0.24049406,-0.2835667,-0.04092238,0.11136295,-0.14011064,-0.18663997,-0.48939462,-0.67603459,"empirical_np (.mat, ID-matched)",no,1
41548748,HC,0.25306396,-0.000336,0.17736746,0.36572102,0.14976954,0.06160938,0.17139577,0.01666208,-0.04665501,0.29756002,-0.23388524,-0.04422648,1.00719535,0.16085112,1.16804647,"empirical_np (.mat, ID-matched)",no,0
42449851,HC,0.0701147,0.00302996,-0.02847261,-0.52566679,0.00767522,0.12588796,-0.02516472,0.06922796,0.01656918,0.27466078,-0.26996108,-0.07437062,-0.34743156,-0.0090385,-0.35647006,"empirical_np (.mat, ID-matched)",no,1
42823353,IMAGEN,0.02759486,-0.27833787,-0.11394072,-0.11932206,-0.28491175,-0.26048108,-0.06024576,-0.04313904,0.07846893,-0.02871058,-0.07538427,0.05229239,-1.02939862,-0.07671833,-1.10611695,"empirical_np (.mat, ID-matched)",no,1
43525440,HC,-0.06313076,0.01728368,0.07691345,0.04988705,0.04179666,0.22073582,0.10165011,-0.02048755,0.09180919,-0.40148279,-0.26576253,0.00752798,0.34348588,-0.4867456,-0.14325972,"empirical_np (.mat, ID-matched)",no,1
43720294,IMAGEN,0.0702923,0.31397279,-0.16945614,0.23707101,0.42717789,-0.23806211,0.41928682,0.11654638,-0.35988721,0.22905365,-0.01224746,-0.2360307,0.64099575,0.15672148,0.79771723,"empirical_np (.mat, ID-matched)",no,1
43926786,IMAGEN,0.04364947,-0.25748132,-0.2297104,0.26309581,0.3118813,0.08467251,0.13526646,0.0829603,-0.38086437,0.25426056,0.13129137,-0.31178978,0.21610736,-0.08887545,0.12723191,"empirical_np (.mat, ID-matched)",no,1
44576096,HC,-0.14312006,0.23743676,0.18392051,0.33563014,0.41460534,-0.16788102,0.67629274,-0.06134961,0.10346051,0.5567965,0.16971288,-0.02132294,0.86059166,1.42359009,2.28418175,"empirical_np (.mat, ID-matched)",no,0
45544719,IMAGEN,-0.44940811,0.04002939,-0.17662262,-0.47269762,0.05157527,-0.00782942,-0.11550503,-0.09606054,0.4500463,0.23480389,0.2493347,0.32206318,-1.0149531,1.0446825,0.02972939,"empirical_np (.mat, ID-matched)",no,0
48028426,IMAGEN,0.15221111,-0.06270532,-0.21056766,-0.09386823,-0.126114,0.17699783,0.3966998,-0.09165747,-0.29803538,0.49224284,-0.00418964,-0.40483469,-0.16404627,0.09022547,-0.0738208,np_all_subs_3m_wide_corrected.csv,no,0
48054415,HC,-0.2835719,0.09789068,-0.29425049,-0.26982709,0.16918698,0.15399426,0.69766263,-0.12048141,0.20614162,0.15291749,-0.11245735,0.12596259,-0.42657756,0.94974557,0.523168,"empirical_np (.mat, ID-matched)",no,0
50395729,IMAGEN,-0.2294677,-0.22795397,-0.43936299,-0.17979528,0.07935739,0.06797465,-0.17559468,-0.0603466,-0.57271023,0.39194112,0.06156397,-0.51575801,-0.9292479,-0.87090444,-1.80015234,"empirical_np (.mat, ID-matched)",no,1
51076110,HC,-0.06266196,0.0266118,-0.06534312,-0.06311425,0.36218532,0.0622265,0.12761661,-0.01823085,-0.35429198,-0.04344668,0.17174951,-0.30433653,0.2599043,-0.42093992,-0.16103562,"empirical_np (.mat, ID-matched)",no,0
51649816,HC,-0.04912417,0.38972064,-0.50858811,-0.0823534,0.21488993,-0.0367553,0.19466722,-0.06826364,-0.43049527,-0.56565122,0.19927028,-0.45508569,-0.07221041,-1.12555833,-1.19776873,"empirical_np (.mat, ID-matched)",no,0
52071148,HC,0.03688985,0.26562277,0.25780444,0.24545363,0.46197887,0.16508833,0.37502221,-0.15438472,-0.27745481,0.22513272,0.21422126,-0.19649208,1.4328379,0.18604457,1.61888246,"empirical_np (.mat, ID-matched)",no,0
52801880,IMAGEN,-0.14771608,0.34956431,-0.07428571,-0.1968214,0.2043573,-0.33375843,0.64752636,-0.05120462,-0.17326755,0.25815012,-0.34204758,-0.0746445,-0.19866001,0.26451222,0.06585221,"empirical_np (.mat, ID-matched)",no,1
53120454,IMAGEN,-0.02314414,0.11362428,-0.13401962,0.33105527,0.2154628,0.00454072,-0.12079229,0.15302917,0.07105156,0.10395839,0.23865953,-0.01267786,0.50751931,0.43322851,0.94074783,"empirical_np (.mat, ID-matched)",yes,1
54633971,HC,0.05598362,-0.08923013,0.06813034,-0.24027794,0.42478875,-0.05794584,0.25376683,0.00640956,-0.18082223,0.59582519,-0.16176917,-0.11034914,0.1614488,0.40306104,0.56450984,"empirical_np (.mat, ID-matched)",no,0
54741718,IMAGEN,0.16140008,0.25410429,0.10379841,-0.12267993,0.02575498,-0.20651981,0.15773577,-0.44763548,-0.13381991,-0.28711356,0.27711789,-0.20767204,0.21585802,-0.64138733,-0.42552931,"empirical_np (.mat, ID-matched)",no,1
55417875,HC,0.01756567,-0.03022217,0.17314731,0.07640511,0.08605544,0.12209978,0.69593331,0.36577456,0.14404469,0.33323131,-0.25532956,-0.41815399,0.44505116,0.86550032,1.31055147,"empirical_np (.mat, ID-matched)",no,0
55499880,HC,-0.10276924,-0.08597952,-0.36047119,-0.27264907,0.37654616,0.11219065,0.20619018,-0.02566902,0.17393996,0.29180754,0.04121246,-0.00678844,-0.3331322,0.68069268,0.34756048,"empirical_np (.mat, ID-matched)",no,0
55619168,IMAGEN,0.06651766,0.03892992,0.04493996,-0.07008344,0.32752952,-0.17513407,0.25824906,0.30922463,-0.03728601,0.4026005,-0.06000524,0.04651868,0.23269955,0.91930161,1.15200116,"empirical_np (.mat, ID-matched)",no,1
55836894,HC,-0.14083892,0.18556478,-0.01380716,-0.05973874,0.11049165,0.09166609,0.68019896,0.08861087,-0.11006754,0.19237466,0.13764388,-0.17715444,0.17333769,0.81160639,0.98494409,"empirical_np (.mat, ID-matched)",no,0
56819618,IMAGEN,0.00908736,0.01524667,-0.40714714,-0.02572049,0.00508396,-0.17666682,-0.0092062,0.06947165,0.25083132,0.16392025,-0.02873345,0.33543601,-0.58011647,0.78171958,0.20160311,"empirical_np (.mat, ID-matched)",no,1
57172435,HC,-0.11384863,-0.05379321,0.11386599,-0.02385077,0.20266462,0.20702206,0.26662503,0.00128643,-0.11656016,0.40369459,-0.02382114,-0.19243731,0.33206006,0.33878744,0.6708475,"empirical_np (.mat, ID-matched)",no,0
57348284,IMAGEN,-0.1329975,0.12479762,-0.16608229,0.20269948,-0.05060044,0.11418356,0.20563444,0.0004398,-0.42866464,0.35318662,0.50229374,-0.3928416,0.09200043,0.24004836,0.33204878,"empirical_np (.mat, ID-matched)",no,1
57930100,HC,0.08794878,0.28063808,-0.02568222,0.04709734,0.35944562,0.2190131,0.14385827,-0.25830532,-0.15737574,0.4532127,-0.38069642,-0.12038184,0.9684607,-0.31968835,0.64877234,"empirical_np (.mat, ID-matched)",no,1
57968987,IMAGEN,-0.05203055,0.00130459,-0.21854693,-0.15934721,-0.12234955,0.11079458,0.12255485,0.30733667,-0.13060223,0.30113672,0.12826249,-0.19925929,-0.44017507,0.52942921,0.08925414,"empirical_np (.mat, ID-matched)",no,1
59057693,HC,-0.15450056,0.00917347,-0.19950134,-0.04502053,0.23402557,-0.1204582,0.60690893,0.01111998,-0.05557572,0.10221256,0.08219674,-0.37486919,-0.27628159,0.3719933,0.09571171,"empirical_np (.mat, ID-matched)",no,0
59343528,HC,-0.46546041,0.20970579,-0.44734504,0.322472,0.35004273,0.01734514,0.41356296,0.14791234,0.19345996,-0.24478189,-0.36420517,0.34523773,-0.01323977,0.49118593,0.47794616,"empirical_np (.mat, ID-matched)",no,0
60184938,HC,-0.18437655,0.11546648,0.09397712,-0.06690729,0.08126833,-0.01584534,0.17621127,0.44915079,-0.13013403,0.31431323,-0.11069618,-0.12652233,0.02358275,0.57232275,0.5959055,"empirical_np (.mat, ID-matched)",no,0
60186708,HC,-0.20214577,-0.13628199,0.07526713,-0.46824406,0.23452073,-0.16387116,-0.16287001,0.07247137,-0.05684224,-0.41486905,-0.23631739,-0.21263716,-0.66075512,-1.01106449,-1.67181961,"empirical_np (.mat, ID-matched)",no,0
60281382,IMAGEN,-0.06030409,0.08086363,-0.2002426,-0.07081512,0.33645494,0.14019262,0.02330832,-0.30190642,0.284437,-0.00691689,-0.26414082,0.21558307,0.22614939,-0.04963573,0.17651366,"empirical_np (.mat, ID-matched)",no,1
60334165,HC,-0.14303826,0.09014998,0.02599467,0.28605509,0.06197034,-0.01789022,-0.1802178,0.44358656,-0.10586441,0.21843657,-0.24687753,-0.13892989,0.3032416,-0.0098665,0.2933751,"empirical_np (.mat, ID-matched)",no,0
60530234,HC,-0.01930255,0.33604942,-0.06937997,-0.00336913,0.77432782,-0.31016187,0.37941216,0.46760682,-0.15528348,0.02290078,-0.2285459,-0.00700078,0.70816372,0.4790896,1.18725332,"empirical_np (.mat, ID-matched)",no,0
61581707,HC,-0.01363918,-0.05472551,0.01795912,0.04468147,-0.01895499,-0.12671371,0.10643728,0.25016265,0.01247728,0.1302135,0.08892594,0.12823343,-0.1513928,0.71645007,0.56505727,"empirical_np (.mat, ID-matched)",no,1
61756624,IMAGEN,-0.0061443,0.28033015,-0.22364823,0.01876415,-0.13713632,-0.12067531,0.20902895,0.42525822,0.31531425,-0.056684,0.41883522,0.23656578,-0.18850985,1.54831843,1.35980858,"empirical_np (.mat, ID-matched)",no,1
63213959,IMAGEN,0.03030754,-0.0927336,-0.13657603,-0.19059838,0.36854143,0.08498167,-0.44828695,0.14994333,-0.19582448,-0.07254988,-0.24304793,-0.46181971,0.06392263,-1.27158563,-1.207663,"empirical_np (.mat, ID-matched)",no,0
63218063,HC,-0.01339459,0.28139908,-0.0914295,0.56392027,0.55251458,0.00781907,0.12838356,0.36354791,0.0311617,0.0018492,-0.05545607,-0.00970286,1.30082891,0.45978345,1.76061236,"empirical_np (.mat, ID-matched)",no,0
63989137,IMAGEN,0.11275968,0.23201818,0.17818774,-0.39701706,-0.23651556,0.12253304,0.39749874,-0.07148452,0.00657128,0.27309836,-0.04062522,-0.1106764,0.01196602,0.45438224,0.46634826,"empirical_np (.mat, ID-matched)",no,0
64043761,HC,0.18205493,-0.140158,0.12287634,-0.31623689,-0.2084445,-0.03303059,0.38240387,0.73923252,0.31713458,-0.09427429,-0.72239653,0.48863507,-0.3929387,1.11073523,0.71779653,"empirical_np (.mat, ID-matched)",no,0
64082948,HC,-0.22292698,0.0359786,-0.24042647,-0.04569123,0.36516782,0.09132283,-0.15295472,0.02015354,-0.1478345,0.42890613,-0.1709521,-0.10930791,-0.01657542,-0.13198956,-0.14856499,"empirical_np (.mat, ID-matched)",no,0
64309040,HC,0.07018131,0.13937994,-0.23508456,-0.22544368,0.36820058,0.09529885,0.1245758,0.41998165,-0.00940504,-0.04939214,0.00973513,0.22980797,0.21253244,0.72530338,0.93783582,"empirical_np (.mat, ID-matched)",no,0
65620046,IMAGEN,-0.28018856,0.0226168,-0.38770913,-0.09833231,0.58347597,-0.13834487,-0.1819759,-0.06063701,0.07090811,0.61250874,0.40516206,-0.0183804,-0.29848209,0.8275856,0.5291035,"empirical_np (.mat, ID-matched)",no,0
66092324,IMAGEN,-0.14275168,-0.15772317,-0.13386939,0.50713205,-0.03547901,-0.07433641,0.59753334,0.16168554,0.23001194,0.1266043,0.03042148,0.37377214,-0.03702761,1.52002873,1.48300112,"empirical_np (.mat, ID-matched)",no,0
66847819,IMAGEN,-0.42804782,0.1771848,-0.39626293,0.02968541,0.24161571,-0.0114587,0.79107282,0.5214884,0.17297401,-0.25649488,-0.21755566,-0.11615755,-0.38728352,0.89532715,0.50804362,"empirical_np (.mat, ID-matched)",no,0
67342911,IMAGEN,-0.20344882,-0.32415761,-0.24853823,-0.08343793,-0.17284481,-0.10659938,-0.09001792,-0.21605859,-0.36330804,0.35606564,-0.03009993,-0.46325024,-1.13902678,-0.80666908,-1.94569585,"empirical_np (.mat, ID-matched)",no,1
67844279,IMAGEN,-0.3605056,-0.00918612,-0.13108958,0.15072663,-0.13376117,-0.161597,0.01375631,0.33480352,0.32842932,-0.20890242,-0.1960332,0.17433638,-0.64541282,0.44638991,-0.19902292,"empirical_np (.mat, ID-matched)",no,1
68000499,IMAGEN,-0.24306152,0.45201919,-0.19412549,-0.17263008,-0.33832826,-0.27238444,-0.09623185,-0.27550287,-0.13649648,-0.02854313,0.03652364,-0.12193733,-0.76851059,-0.62218801,-1.3906986,"empirical_np (.mat, ID-matched)",no,1
69159223,IMAGEN,0.22138308,0.19720997,0.26443253,0.10954768,-0.13206572,-0.52166912,0.18595971,-0.15239398,-0.03801436,0.50887636,-0.18571013,0.14546186,0.13883844,0.46417946,0.60301789,"empirical_np (.mat, ID-matched)",no,1
69366941,IMAGEN,0.09846962,0.14423834,-0.22300385,-0.23054403,0.29262151,-0.18691791,-0.29238493,-0.10445981,-0.0770573,0.05077622,-0.03881287,-0.11839057,-0.10513632,-0.58032925,-0.68546557,"empirical_np (.mat, ID-matched)",no,1
69973472,IMAGEN,-0.37800125,-0.1724324,-0.15852136,-0.04229838,-0.11068001,0.01741828,-0.02079285,0.03406882,0.03634565,-0.30395686,0.03143168,-0.11329104,-0.84451512,-0.3361946,-1.18070972,"empirical_np (.mat, ID-matched)",no,1
70910152,IMAGEN,-0.05654178,0.01950141,0.14338859,-0.03607152,-0.15314858,-0.15231259,0.14397774,0.13861611,0.0004165,0.44793861,-0.07643193,0.00993681,-0.23518448,0.66445384,0.42926936,"empirical_np (.mat, ID-matched)",yes,1
72155879,IMAGEN,-0.10030008,0.08645648,-0.01549637,-0.11911989,0.28957009,0.09805295,0.24805006,-0.09838626,-0.06706382,0.10979416,0.26411064,-0.02485546,0.23916317,0.43164932,0.67081249,"empirical_np (.mat, ID-matched)",yes,1
72358748,IMAGEN,-0.0371738,0.29085989,-0.0394657,-0.19679219,0.44166262,-0.16988956,0.05046549,-0.12155501,-0.00048368,0.18048293,-0.05559255,-0.16818101,0.28920126,-0.11486383,0.17433743,"empirical_np (.mat, ID-matched)",no,1
79630427,IMAGEN,-0.16972282,0.16104398,-0.16546846,0.26094621,0.22786414,-0.20016197,-0.11365451,-0.0071313,-0.17376612,0.16279213,0.11250346,-0.14119945,0.11450107,-0.16045578,-0.0459547,"empirical_np (.mat, ID-matched)",no,1
80301458,IMAGEN,-0.14240112,-0.14983347,-0.24159511,-0.07968245,0.0477916,-0.06114299,-0.19113838,0.19987451,0.12980976,-0.08240669,0.00222449,0.17541197,-0.62686354,0.23377566,-0.39308788,"empirical_np (.mat, ID-matched)",no,1
80461839,IMAGEN,0.2078306,0.2097669,-0.23603106,-0.05418595,0.14402286,0.24102509,0.01842187,-0.03254491,0.09054385,-0.16221823,-0.14565034,0.01954991,0.51242845,-0.21189786,0.30053059,"empirical_np (.mat, ID-matched)",no,1
82149344,IMAGEN,-0.33540834,-0.1731142,-0.43587991,-0.35254565,0.10220415,-0.25742024,0.05853451,-0.00442333,0.23273075,-0.29834083,0.14542036,0.3684593,-1.45216418,0.50238076,-0.94978342,"empirical_np (.mat, ID-matched)",no,1
83490451,IMAGEN,-0.39467617,0.05835996,-0.10099976,0.23114244,0.09246792,-0.06220007,-0.2814792,0.44212573,0.00795618,0.2898151,0.4063585,0.12818364,-0.17590568,0.99295995,0.81705427,"empirical_np (.mat, ID-matched)",no,1
84037702,IMAGEN,0.08387705,0.00226322,-0.05313924,0.00247989,-0.01015998,-0.04207683,-0.16608998,0.06785075,-0.3757781,0.20001483,-0.0126196,-0.35150997,-0.01675588,-0.63813207,-0.65488795,"empirical_np (.mat, ID-matched)",no,1
84828767,IMAGEN,0.06675926,0.16883007,-0.26664452,0.33446801,0.05097826,0.01168011,-0.23497095,0.37721416,-0.20642919,0.21994962,-0.33351898,-0.18892385,0.36607118,-0.36667918,-0.000608,"empirical_np (.mat, ID-matched)",no,1
90973178,IMAGEN,0.12120122,0.08279723,-0.05483872,-0.01152832,0.72781407,0.03759727,0.27596761,0.03713671,-0.23266599,-0.18665487,0.1917936,-0.01597481,0.90304275,0.06960225,0.972645,"empirical_np (.mat, ID-matched)",no,1
92159995,IMAGEN,0.03765794,-0.09604841,0.37431783,0.13393546,0.2896293,-0.01425666,0.1509087,-0.04502526,0.27019349,0.27530422,0.33871221,-0.10940414,0.72523546,0.88068922,1.60592468,"empirical_np (.mat, ID-matched)",no,0
92432902,IMAGEN,-0.061899,0.27035113,0.06064945,0.16359891,0.41197928,-0.02358286,0.06078617,0.18663407,-0.13428566,0.1019913,0.02083306,-0.14652219,0.82109691,0.08943675,0.91053365,"empirical_np (.mat, ID-matched)",no,1
92523261,IMAGEN,-0.2865842,0.0730309,-0.36534201,-0.21134025,0.23502541,0.10563946,0.31184566,0.03891341,-0.11768086,0.41395693,-0.23194942,0.0533182,-0.44957068,0.46840393,0.01883325,"empirical_np (.mat, ID-matched)",no,1
94345446,IMAGEN,-0.274703,0.1123181,-0.06083315,-0.37885436,0.34165437,0.00222571,0.17040808,-0.08359022,-0.30647751,0.2740124,0.05026915,-0.26088512,-0.25819233,-0.15626322,-0.41445556,"empirical_np (.mat, ID-matched)",no,1
94998851,IMAGEN,-0.10219197,0.26849585,-0.22668942,-0.35580032,0.33744232,0.1175359,-0.01848769,0.05180926,-0.06860889,0.3484254,0.03162314,-0.05520552,0.03879234,0.28955569,0.32834803,"empirical_np (.mat, ID-matched)",no,1
97970921,IMAGEN,0.26655084,-0.22493683,-0.20121966,-0.26050056,0.23508794,0.03265236,0.13262017,0.04658059,-0.40962613,-0.04162536,0.10065342,-0.34768043,-0.1523659,-0.51907774,-0.67144364,"empirical_np (.mat, ID-matched)",no,1
110841481,MDD,-0.24304551,-0.10723388,-0.22291301,0.25076892,0.1518988,-0.03774249,0.3475415,0.36273143,-0.18252376,0.11185424,0.06486592,0.06827658,-0.20826718,0.77274592,0.56447874,"empirical_np (.mat, ID-matched)",no,0
110937433,MDD,-0.10044758,0.0388237,-0.05717347,0.07097246,0.45738451,-0.04469735,-0.21812517,0.04346387,-0.20164954,0.07143189,-0.18954372,-0.10327248,0.36486227,-0.59769514,-0.23283287,"empirical_np (.mat, ID-matched)",no,0
111086310,MDD,-0.14673121,-0.04677639,0.07683103,-0.07402966,-0.03228831,-0.06458127,-0.41665268,-0.12897255,-0.30819081,-1.12394129,-0.15607336,-0.33720472,-0.28757582,-2.47103542,-2.75861123,"empirical_np (.mat, ID-matched)",no,0
111096801,MDD,-0.37749138,-0.12323188,-0.34729525,-0.46990308,0.26043357,-0.13615437,0.16582834,0.03179272,0.29007046,0.07339371,-0.13503548,0.38758951,-1.19364239,0.81363927,-0.38000312,"empirical_np (.mat, ID-matched)",no,0
111844771,MDD,-0.28270136,-0.195992,-0.33507772,-0.13452471,0.39163559,-0.13176858,-0.02850187,-0.14520143,0.32763574,0.2202405,0.10899235,0.05230154,-0.68842879,0.53546682,-0.15296196,"empirical_np (.mat, ID-matched)",no,0
112091464,MDD,-0.09638646,-0.01403611,-0.09512457,-0.02468951,0.185259,-0.14982193,0.74756096,0.30249758,0.26256985,0.4450436,-0.34135811,0.05167631,-0.19479959,1.46799018,1.27319059,"empirical_np (.mat, ID-matched)",no,0
112517217,AUD,0.00121797,0.16406041,-0.1500028,-0.06584443,0.19427925,-0.05122956,0.08131292,-0.02392296,-0.46150704,0.16222638,-0.49987942,-0.45144135,0.09248083,-1.19321147,-1.10073064,"empirical_np (.mat, ID-matched)",no,0
112917188,AUD,-0.22529797,-0.05928167,-0.25658096,0.22297432,0.28974733,0.01537448,0.18276797,-0.14320908,-0.106069,0.09462367,0.19257309,0.03408633,-0.01306447,0.25477297,0.24170851,"empirical_np (.mat, ID-matched)",no,0
112957066,MDD,-0.22935078,0.00012193,-0.21936116,-0.6367367,-0.21336218,-0.20137726,-0.13707831,0.32316475,0.28461353,-0.14741243,0.05423712,0.08943059,-1.50006616,0.46695525,-1.03311091,"empirical_np (.mat, ID-matched)",no,0
113174215,MDD,-0.04698248,-0.14566118,-0.01122855,-0.23308212,-0.13187752,-0.0116999,-0.08353781,0.02446217,-0.42158382,0.24285671,-0.03739958,-0.24504642,-0.58053175,-0.52024875,-1.1007805,"empirical_np (.mat, ID-matched)",no,0
113237194,AUD,-0.25114945,-0.15883533,-0.28562521,-0.01534931,0.62849681,0.2734095,0.23808317,0.07402409,-0.13374525,0.11295605,-0.16141011,0.03674827,0.19094701,0.16665622,0.35760322,"empirical_np (.mat, ID-matched)",no,0
113387068,MDD,0.0305885,-0.08428954,0.01192908,-0.20269206,-0.39872452,0.00756651,0.06651386,0.06225231,0.06405135,-0.03175467,-0.35493905,0.22198286,-0.63562202,0.02810666,-0.60751536,"empirical_np (.mat, ID-matched)",no,0
114552708,MDD,-0.19248799,-0.07723319,-0.39719904,0.01972933,0.5306629,-0.0524604,-0.09181883,-0.01211708,0.15513516,0.41299372,0.76566919,0.11926296,-0.1689884,1.34912512,1.18013672,"empirical_np (.mat, ID-matched)",no,0
115212275,AUD,0.11447958,0.00131116,0.33186418,0.02523464,-0.00916018,-0.05540168,0.02722302,-0.10201838,-0.15141951,0.51596043,-0.10381532,0.00785477,0.40832769,0.19378502,0.6021127,"empirical_np (.mat, ID-matched)",no,0
117385823,MDD,-0.24430948,-0.00246648,0.07642252,0.01887589,0.12760196,-0.3791581,0.00126365,0.80593084,0.53588266,0.03413268,-0.02893503,0.41938917,-0.4030337,1.76766398,1.36463028,"empirical_np (.mat, ID-matched)",no,0
118382279,MDD,-0.00750716,-0.24988877,-0.10523659,-0.13261698,0.0788535,0.06575053,0.02019912,0.16278674,-0.15541259,0.02461718,0.12594219,-0.28127354,-0.35064547,-0.1031409,-0.45378638,"empirical_np (.mat, ID-matched)",no,0
121801833,AUD,-0.20600693,-0.00974428,-0.11584391,0.12414852,-0.38636713,0.06051587,0.36543872,0.34056933,-0.17637116,0.30674776,0.02748417,-0.14984742,-0.53329786,0.71402139,0.18072354,"empirical_np (.mat, ID-matched)",no,0
122083369,AUD,-0.29772645,-0.10453903,-0.28336789,0.19705009,0.29194257,0.00269753,-0.12134275,-0.25826628,-0.07395282,-0.11092203,0.12359028,-0.2381035,-0.19394318,-0.6789971,-0.87294029,"empirical_np (.mat, ID-matched)",no,0
122408481,MDD,0.00876698,0.18063934,-0.1346045,-0.23968742,0.06384122,0.3364274,0.07164502,0.0771736,0.26696764,-0.00215305,0.50731655,0.15495119,0.21538304,1.07590094,1.29128398,"empirical_np (.mat, ID-matched)",no,0
123660597,MDD,-0.27194664,0.03688287,-0.30049096,0.10934732,0.20583841,-0.12949577,-0.43882726,0.68118274,-0.79765588,0.0275064,0.61831955,-0.56965412,-0.34986477,-0.47912858,-0.82899334,"empirical_np (.mat, ID-matched)",no,0
123930959,MDD,-0.26328249,-0.09307686,-0.24142814,-0.36261252,0.42643681,-0.39334404,0.0528384,-0.03316726,0.30304137,0.20767822,-0.32051862,0.28241031,-0.92730724,0.49228242,-0.43502482,"empirical_np (.mat, ID-matched)",no,0
124782577,AUD,-0.259187,0.03597686,-0.28067152,-0.0228692,0.2905143,-0.31120619,-0.13640792,-0.04158168,0.03981535,0.00403047,-0.1653345,-0.19769736,-0.54744274,-0.49717565,-1.04461839,"empirical_np (.mat, ID-matched)",no,0
125237313,MDD,-0.25913633,0.1226798,-0.0008866,0.51686694,0.42399666,0.16147939,0.35929596,0.21872989,-0.15710721,0.06924137,0.10845279,-0.01488857,0.96499987,0.58372422,1.54872409,"empirical_np (.mat, ID-matched)",no,0
125339679,AUD,-0.32118671,-0.13750401,-0.08472669,0.33645046,-0.02206961,-0.14751066,0.27467672,0.10075624,0.01627499,-0.10384845,0.11095609,-0.13761085,-0.37654723,0.26120472,-0.1153425,"empirical_np (.mat, ID-matched)",no,0
125524260,AUD,-0.29354111,0.05725784,-0.37406999,0.12046763,0.22718023,-0.63948474,0.09206328,-0.4323904,0.5906994,-0.47794319,0.65431651,0.36511452,-0.90219014,0.79186011,-0.11033003,"empirical_np (.mat, ID-matched)",no,0
130293488,MDD,-0.32783346,0.05805389,-0.27308423,-0.10577166,0.51125221,0.02522206,-0.08805593,0.14999075,-0.00985853,-0.37011919,0.4022337,-0.06424773,-0.11216119,0.01994308,-0.09221811,"empirical_np (.mat, ID-matched)",no,0
130597088,MDD,-0.08596061,0.12004168,-0.09012061,0.08151833,0.42001382,-0.36654947,0.37098668,0.14036944,0.042888,-0.11404686,-0.21558841,0.29946367,0.07894314,0.52407252,0.60301566,"empirical_np (.mat, ID-matched)",no,0
134330542,MDD,-0.05313047,0.13798108,-0.0099926,-0.04612513,0.45946118,-0.27219322,-0.24934803,0.14668855,-0.57795489,0.29003722,-0.1648761,-0.34026837,0.21600083,-0.89572162,-0.67972078,"empirical_np (.mat, ID-matched)",no,0
135517362,MDD,-0.28212135,-0.15502448,-0.25139441,0.14608321,0.01100033,-0.19615211,0.28657784,0.40927756,0.10797266,0.41613712,-0.15930105,-0.14186544,-0.7276088,0.9187987,0.19118989,"empirical_np (.mat, ID-matched)",no,0
135672596,AUD,-0.34244973,0.15429695,-0.22413431,-0.13810458,-0.03999287,0.06017731,0.15862245,0.16576317,0.13129092,0.03049304,-0.09150325,0.12856575,-0.53020723,0.52323207,-0.00697516,"empirical_np (.mat, ID-matched)",no,0
135736530,MDD,0.04538481,0.05642877,-0.0824059,-0.0507982,-0.11919144,0.51553784,0.0497357,-0.15172849,0.02142478,-0.27181894,-0.07458544,0.02613588,0.36495588,-0.4008365,-0.03588062,"empirical_np (.mat, ID-matched)",no,0
136295480,AUD,-0.25692967,-0.23582317,-0.25998989,0.08639547,0.2664444,0.15878587,0.09620045,-0.08494438,-0.07151598,0.22135994,-0.14258531,0.06227852,-0.24111698,0.08079325,-0.16032373,"empirical_np (.mat, ID-matched)",no,0
136348275,AUD,-0.41050753,-0.13706022,-0.19509368,-0.04987922,0.1638577,0.069379,0.03963863,-0.23617629,0.10316766,-0.06465322,0.44443838,0.14998471,-0.55930396,0.43639987,-0.12290409,"empirical_np (.mat, ID-matched)",no,0
136981533,MDD,-0.35087661,0.0814519,-0.50517324,0.08162996,-0.11719318,0.04370526,0.3504358,0.29779256,0.20249238,0.07881437,0.25737328,-4.39e-05,-0.7664559,1.18686448,0.42040858,"empirical_np (.mat, ID-matched)",no,0
137280633,MDD,-0.12332766,-0.09395633,-0.19133565,0.30683039,-0.1670539,0.21330793,-0.21684864,0.45361224,0.26298718,0.1054999,0.11042582,0.12910704,-0.05553522,0.84478354,0.78924832,"empirical_np (.mat, ID-matched)",no,0
138390224,AUD,0.08637564,0.00801104,-0.18711548,0.01172405,-0.11548961,-0.2299413,-0.0544544,0.14632573,0.06691362,0.32256648,0.28900126,0.28878308,-0.42643565,1.05913577,0.63270013,"empirical_np (.mat, ID-matched)",no,0
140267022,MDD,-0.31750957,-0.00060564,-0.37490378,-0.15341898,0.04898361,-0.17711167,-0.15512438,-1.19027255,0.48412534,0.57678003,0.41825704,1.02862881,-0.97456603,1.16239429,0.18782826,"empirical_np (.mat, ID-matched)",no,0
141253295,MDD,-0.13459913,0.13502489,-0.12993789,0.1603883,0.25910249,-0.08301014,-0.08121015,-0.04103335,-0.14221487,0.07609768,0.08746284,-0.18533574,0.20696852,-0.2862336,-0.07926508,"empirical_np (.mat, ID-matched)",no,0
141542924,MDD,-0.12177492,-0.06660638,-0.05769188,0.0743182,0.03790576,0.029613,0.06156195,0.04245003,0.22300434,0.48924107,0.04296937,0.10863795,-0.10423621,0.96786472,0.86362851,"empirical_np (.mat, ID-matched)",no,0
141831212,MDD,0.09178252,-0.23459356,-0.16848136,-0.47285034,0.00379758,-0.1555698,-0.10873114,0.26850902,-0.01207401,-0.02860291,0.30551802,-0.05764167,-0.93591496,0.36697731,-0.56893765,"empirical_np (.mat, ID-matched)",no,0
142392893,MDD,-0.04976763,0.04258037,-0.14290027,0.55484828,0.49608173,-0.13008295,0.21954251,-0.17808786,0.12976165,0.40060536,0.42524343,-0.14927214,0.77075952,0.84779295,1.61855247,"empirical_np (.mat, ID-matched)",no,0
143669176,AUD,-0.31963499,-0.15048278,-0.14571454,0.0858206,0.5849955,-0.20678154,0.2710295,0.30814833,0.16397412,-0.48106573,0.70810346,0.05182855,-0.15179776,1.02201824,0.87022049,"empirical_np (.mat, ID-matched)",no,0
144855245,MDD,-0.20680598,-0.14640957,-0.2291527,0.36998926,0.07878801,-0.25711256,0.10822285,-0.19192369,-0.25378184,0.11558985,0.26380691,-0.01374012,-0.39070353,0.02817396,-0.36252957,"empirical_np (.mat, ID-matched)",no,0
144964754,MDD,-0.11179999,-0.02426372,-0.18226953,-0.19416899,0.08338582,0.03697571,0.3063944,-0.05511953,0.18706576,0.41990244,-0.12894843,-0.04659132,-0.3921407,0.6827033,0.29056261,"empirical_np (.mat, ID-matched)",no,0
146042158,MDD,-0.25319184,-0.06561748,-0.37517463,0.32620746,0.08908875,0.15068324,0.22758519,-0.15078353,0.16749696,0.11571917,-0.05388591,0.21295856,-0.12800449,0.51909044,0.39108596,"empirical_np (.mat, ID-matched)",no,0
146061521,AUD,-0.19025813,-0.02240956,0.01287582,-0.71292625,0.15057613,-0.34332858,0.10646898,0.4142368,0.05113416,0.17054804,0.02514132,0.27521564,-1.10547057,1.04274493,-0.06272564,"empirical_np (.mat, ID-matched)",no,0
146906985,MDD,-0.0460842,-0.16700849,-0.04452547,-0.34658361,-0.1523926,0.11028808,0.01216732,0.46948027,0.18068069,0.43348776,-0.16990148,-0.01936879,-0.64630628,0.90654578,0.2602395,"empirical_np (.mat, ID-matched)",no,0
147701848,MDD,-0.34441916,0.02434383,-0.19034097,0.03216975,0.40876225,0.02242562,0.03818966,-0.15928496,-0.28033135,-0.08342942,0.00608904,-0.24554059,-0.04705867,-0.72430763,-0.7713663,"empirical_np (.mat, ID-matched)",no,0
148868119,MDD,0.09732738,-0.01511901,-0.11855489,-0.2291108,-0.04763626,-0.24769813,0.40554084,-0.14070425,-0.20856066,-0.1360202,-0.12335222,-0.22012356,-0.5607917,-0.42322006,-0.98401176,"empirical_np (.mat, ID-matched)",no,0
148952494,AUD,-0.06847817,0.14177206,-0.23539168,-0.24353168,0.85268809,-0.20196605,0.38566354,0.07488197,-0.12573377,0.16471774,-0.10947848,-0.22598521,0.24509256,0.16406579,0.40915834,"empirical_np (.mat, ID-matched)",no,0
149709982,MDD,-0.16753769,-0.09854865,-0.02032528,-0.09395067,0.24375462,-0.18372375,0.71234171,-0.19625963,-0.72702343,0.4032443,-0.24816774,-0.66019576,-0.32033142,-0.71606056,-1.03639197,"empirical_np (.mat, ID-matched)",no,0
150038288,MDD,-0.16400844,-0.08049088,-0.06081018,-0.41377462,0.2332774,-0.3619511,-0.11450649,0.28517067,0.1916604,0.04897505,-0.12006744,0.29534998,-0.84775781,0.58658217,-0.26117565,"empirical_np (.mat, ID-matched)",no,0
150237087,AUD,-0.25200275,0.02465757,-0.15558357,0.13022306,-0.05139266,0.00363285,0.40436729,0.92547006,0.40719404,-0.24092189,-0.10201577,0.17501882,-0.3004655,1.56911255,1.26864705,"empirical_np (.mat, ID-matched)",no,0
150299361,AUD,-0.32191166,-0.19956774,-0.22578837,-0.0238882,0.44431137,-0.01220415,0.18201424,0.02007058,0.22112016,0.08579394,0.55972977,0.06818352,-0.33904876,1.13691221,0.79786345,"empirical_np (.mat, ID-matched)",no,0
151408587,AUD,-0.25864465,-0.11629889,0.0252649,-0.10542616,0.00424084,-0.10559638,0.21827673,-0.00197893,-0.1100006,-0.10251499,0.0708992,-0.12515854,-0.55646035,-0.05047713,-0.60693748,"empirical_np (.mat, ID-matched)",no,0
152769231,AUD,-0.23227606,-0.01424281,-0.33113622,0.16181002,0.1496993,0.0759588,-0.01980887,0.24248684,0.02142402,0.11879998,0.29005599,-0.08867895,-0.19018696,0.56427901,0.37409205,"empirical_np (.mat, ID-matched)",no,0
152958814,AUD,-0.02678346,0.11614455,-0.24039284,-0.04641848,0.14153366,-0.41167589,0.11646868,0.32509952,-0.09400328,0.182046,-0.03258276,-0.08103289,-0.46759247,0.41599527,-0.0515972,"empirical_np (.mat, ID-matched)",no,0
153450897,MDD,-0.18728458,-0.05970239,-0.2943691,0.28157086,-0.20332889,0.08075414,0.02259346,-0.17645096,-0.03523697,0.32083136,-0.23719769,0.14473684,-0.38235997,0.03927605,-0.34308392,"empirical_np (.mat, ID-matched)",no,0
154461990,MDD,-0.34235196,0.23312953,-0.11410251,0.21028375,-0.22856532,-0.30496488,0.14626452,0.08901828,0.06469379,-0.16938656,0.21664453,-0.14758812,-0.54657138,0.19964645,-0.34692492,"empirical_np (.mat, ID-matched)",no,0
154704064,AUD,0.00870924,-0.10871114,0.16560356,-0.34719122,0.32019597,-0.27812997,0.4332151,-0.23933356,-0.07080933,0.12767597,-0.06627758,0.07614928,-0.23952356,0.26061988,0.02109632,"empirical_np (.mat, ID-matched)",no,0
155190506,AUD,-0.0183007,0.08816681,-0.08228216,-0.21210586,0.3089883,-0.05951937,0.36972774,-0.13238689,-0.00447508,-0.08290257,0.14697445,-0.25852657,0.02494702,0.03841108,0.0633581,"empirical_np (.mat, ID-matched)",no,0
155379621,MDD,-0.15063951,-0.30065861,-0.06297534,0.05172916,0.21654421,0.23824147,0.35501384,0.08723785,-0.07495419,0.00107199,-0.25991876,-0.15257059,-0.00775862,-0.04411986,-0.05187848,"empirical_np (.mat, ID-matched)",no,0
156021841,MDD,-0.18013815,-0.16559639,-0.0519771,0.00549737,0.29485051,-0.17970993,-0.36172803,-0.14624604,-0.15203541,0.00302177,-0.13770911,-0.06970184,-0.27707369,-0.86439866,-1.14147235,"empirical_np (.mat, ID-matched)",no,0
157312444,MDD,-0.16997449,-0.13270286,-0.17713751,0.21342704,0.22758326,-0.02012041,-0.02607406,0.34314496,-0.47757274,-0.34736351,0.02414062,-0.62402879,-0.05892498,-1.10775354,-1.16667852,"empirical_np (.mat, ID-matched)",no,0
157655614,MDD,-0.14458785,0.05478418,-0.19533824,-0.19000157,0.24673016,-0.17710718,-0.11131375,0.18423739,-0.04810258,-0.40367251,-0.14404078,0.0704558,-0.4055205,-0.45243643,-0.85795694,"empirical_np (.mat, ID-matched)",no,0
157691935,AUD,-0.29938355,0.09930548,-0.21084145,0.19731757,0.03571848,-0.08589996,0.81444022,-0.00084116,0.00248709,0.05653425,-0.03902688,0.02837507,-0.26378344,0.86196859,0.59818515,"empirical_np (.mat, ID-matched)",no,0
159066706,MDD,-0.24871684,-0.09866235,-0.0909861,-0.31844474,0.40318742,-0.1193396,-0.37253328,1.0664573,0.02211527,-0.48925587,-0.00987405,-0.26573507,-0.4729622,-0.0488257,-0.52178791,"empirical_np (.mat, ID-matched)",no,0
160259456,MDD,-0.117662,0.0831304,-0.1427021,-0.0199026,0.22481804,0.22587122,0.01660535,0.34532034,-0.23382767,-0.13869349,0.14303915,-0.16727559,0.25355297,-0.03483192,0.21872105,"empirical_np (.mat, ID-matched)",no,0
161239003,AUD,-0.4506689,-0.33171268,-0.28745507,0.18710659,0.37436934,-0.02471147,0.11526248,0.1711229,-0.11558022,0.06035673,0.058876,-0.20912614,-0.53307219,0.08091175,-0.45216044,"empirical_np (.mat, ID-matched)",no,0
162353055,AUD,-0.0855288,0.09571266,-0.24496944,0.15708711,0.01132804,0.02686913,0.01233849,0.44202014,0.15111718,-0.04417097,0.12433401,0.49044032,-0.0395013,1.17607917,1.13657788,"empirical_np (.mat, ID-matched)",no,0
162354840,AUD,-0.45776559,-0.04504241,-0.35464167,-0.06226631,0.23997798,-0.12208682,-0.20335167,0.10096301,0.53246529,0.06671058,-0.00385365,0.30892002,-0.80182481,0.80185358,2.876e-05,"empirical_np (.mat, ID-matched)",no,0
163186746,AUD,-0.28592229,-0.13483645,-0.10239702,-0.18625873,-0.14106745,-0.0049308,0.20943669,0.1613781,-0.37763132,-0.3042617,-0.32182806,-0.25009858,-0.85541274,-0.88300487,-1.73841762,"empirical_np (.mat, ID-matched)",no,0
164064591,AUD,-0.10319592,0.00128495,0.05508423,0.48004814,0.23910366,0.31755673,0.15094252,-0.1256073,-0.01374266,-0.19034843,0.10707342,-0.2301877,0.98988178,-0.30187016,0.68801162,"empirical_np (.mat, ID-matched)",no,0
164824205,MDD,-0.32392747,-0.01586856,-0.11742585,-0.43801512,0.4117994,-0.19446361,0.11574568,0.18950933,-0.03358573,-0.07876772,0.23187701,0.02653387,-0.6779012,0.45131244,-0.22658877,"empirical_np (.mat, ID-matched)",no,0
164874291,AUD,-0.16820978,-0.07732068,-0.12273735,-0.00541266,0.36845118,0.0845087,0.18979228,0.2849679,-0.30078077,-0.05065341,-0.27310572,-0.10403887,0.07927941,-0.2538186,-0.17453918,"empirical_np (.mat, ID-matched)",no,0
165288521,MDD,0.10600655,-0.16467816,0.25894915,0.14111605,0.27436863,0.13153775,0.0892331,-0.06991593,0.12914091,0.04787569,-0.50444174,-0.13836895,0.74729997,-0.44647693,0.30082304,"empirical_np (.mat, ID-matched)",no,0
165369327,MDD,0.10363844,-0.09533018,0.19180027,-0.07027135,0.02383908,-0.00907376,0.009835,0.1700292,0.00506738,0.20287182,-0.15342164,0.07704503,0.1446025,0.31142678,0.45602927,"empirical_np (.mat, ID-matched)",no,0
165959237,AUD,-0.19867164,-0.09977208,-0.09801164,0.01080668,0.17482642,-0.32925216,0.00963925,-0.00500886,-0.28886598,0.21449227,-0.26930987,-0.27332152,-0.54007442,-0.61237471,-1.15244913,"empirical_np (.mat, ID-matched)",no,0
166274725,AUD,-0.03194416,0.10081036,-0.13896881,-0.29201984,-0.19042989,-0.07013212,0.50868838,-0.04260807,0.01929064,0.1455809,-0.00145798,-0.01908088,-0.62268446,0.61041298,-0.01227149,"empirical_np (.mat, ID-matched)",no,0
166338974,MDD,-0.21796476,-0.12436584,-0.27071154,0.40048342,0.46514526,0.07897496,0.26809626,0.10968086,-0.17875326,-0.10040067,0.42253108,-0.28112059,0.3315615,0.24003368,0.57159518,"empirical_np (.mat, ID-matched)",no,0
166386545,MDD,-0.10237755,0.02288876,-0.00676672,0.34709538,-0.38391449,-0.39133093,-0.01692758,-0.18826621,0.06137645,0.34665978,0.37089465,0.04004275,-0.51440556,0.61377984,0.09937429,"empirical_np (.mat, ID-matched)",no,0
166471280,AUD,0.25837165,-0.04793951,0.15968815,-0.23167289,-0.27023058,0.12639443,-0.06105105,0.36235014,-0.23866871,-0.41522938,0.20323202,-0.03393214,-0.00538875,-0.18329912,-0.18868788,"empirical_np (.mat, ID-matched)",no,0
166741227,MDD,0.12600248,-0.03877605,-0.04649579,-0.01850153,0.03489704,-0.03892193,0.45764767,-0.38471943,0.4155449,-0.12618576,-0.16395489,0.50926964,0.01820422,0.70760212,0.72580634,"empirical_np (.mat, ID-matched)",no,0
166922849,MDD,-0.0923953,-0.13252574,-0.19793145,0.0978491,-0.15515729,-0.23967654,0.50060995,0.46022525,-0.09827833,0.62419354,-0.02313359,0.05218389,-0.71983721,1.51580071,0.7959635,"empirical_np (.mat, ID-matched)",no,0
168370463,MDD,-0.33899172,-0.21420872,-0.36742694,-0.00700237,-0.4232901,-0.32397776,0.04895857,0.0878062,-0.14340942,-0.29881393,0.17166868,0.05011632,-1.67489761,-0.08367359,-1.7585712,"empirical_np (.mat, ID-matched)",no,0
168641000,MDD,-0.04398082,0.00736778,-0.05672283,0.03824246,0.50373854,-0.14149935,0.36064021,0.48546111,-0.13059558,-0.17059178,-0.32967935,-0.01614706,0.30714577,0.19908755,0.50623333,"empirical_np (.mat, ID-matched)",no,0
169786920,MDD,-0.13201729,0.09596833,-0.14061691,-0.02394257,-0.24524166,0.07255824,0.06387249,0.24085417,-0.24074657,0.18716277,-0.15195838,0.00538836,-0.37329186,0.10457286,-0.268719,"empirical_np (.mat, ID-matched)",no,0
171526079,MDD,-0.14539913,0.021742,-0.1568903,-0.01248378,0.46000185,-0.18544279,0.04571904,0.08194283,0.04295863,0.21382322,0.03552762,0.00726063,-0.01847215,0.42723197,0.40875983,"empirical_np (.mat, ID-matched)",no,0
171674018,AUD,-0.1727347,-0.00482816,-0.16891001,0.12825757,0.31477793,0.10485778,-0.01657464,0.0681252,-0.16393624,0.00431069,-0.39462591,-0.04228062,0.20142041,-0.54498152,-0.34356111,"empirical_np (.mat, ID-matched)",no,0
171990823,MDD,-0.40044974,-0.15745574,-0.27736302,0.06955111,0.23398891,0.05557891,0.330808,0.26000882,-0.25776448,-0.14476055,0.30726866,-0.17955479,-0.47614956,0.31600565,-0.16014391,"empirical_np (.mat, ID-matched)",no,0
172283288,MDD,-0.41899765,-0.01861879,-0.39544393,0.09363384,0.31147489,0.00372132,0.36525611,0.17486897,-0.44959324,0.25811091,-0.17895494,-0.54356121,-0.42423032,-0.3738734,-0.79810372,"empirical_np (.mat, ID-matched)",no,0
172442389,MDD,-0.23851244,-0.32245729,-0.1689597,-0.06960671,-0.00630955,-0.26327481,-0.52206876,0.18274277,0.22312392,0.3128109,0.02024867,0.11346823,-1.0691205,0.33032573,-0.73879477,"empirical_np (.mat, ID-matched)",no,0
174433203,MDD,0.08090778,-0.24340808,-0.01892725,0.14562832,-0.00726143,-0.32768258,0.20737109,0.31727852,0.12026512,-0.08840244,0.17850775,0.0792751,-0.37074323,0.81429513,0.4435519,"empirical_np (.mat, ID-matched)",no,0
174603925,MDD,-0.12035144,-0.18290326,0.10062835,0.11512088,-0.01678674,-0.00303426,0.4198373,-0.23431418,0.31678391,0.1927639,0.08228302,0.27254052,-0.10732648,1.04989447,0.94256799,"empirical_np (.mat, ID-matched)",no,0
175029071,AUD,-0.23318177,-0.43278287,-0.27019608,-0.01940974,0.56666485,0.05384466,0.18279617,0.0118538,0.10773094,0.07826538,0.30772406,0.05131405,-0.33506095,0.73968441,0.40462345,"empirical_np (.mat, ID-matched)",no,0
175924853,MDD,-0.07761097,-0.00559214,-0.12241583,0.2839996,0.15437169,0.15394217,0.36471331,0.13103113,-0.0265369,0.05048931,-0.04891034,-0.20532308,0.38669451,0.26546342,0.65215793,"empirical_np (.mat, ID-matched)",no,0
176214110,AUD,-0.26643282,-0.16353492,-0.23774088,0.33085966,0.05119776,-0.12264333,0.44797007,0.06303278,-0.25870254,-0.50325832,-0.43510472,-0.06787947,-0.40829453,-0.7539422,-1.16223674,"empirical_np (.mat, ID-matched)",no,0
176617846,AUD,-0.36089579,0.11259014,-0.1888163,-0.06234908,0.32096141,-0.31985296,-0.03243068,0.50449637,0.14795103,-0.18430915,-0.04044674,0.26253498,-0.49836257,0.65779581,0.15943324,"empirical_np (.mat, ID-matched)",no,0
177344780,AUD,-0.26309603,0.13216668,-0.26807604,0.07637,0.2219821,-0.25063932,0.52470812,0.41663206,0.14106954,0.31676284,-0.11637668,0.38082285,-0.35129261,1.66361875,1.31232614,"empirical_np (.mat, ID-matched)",no,0
177528314,MDD,-0.03823758,-0.24210682,-0.08601946,0.10608544,-0.19610957,0.10474031,-0.10115657,-0.26624582,0.20221132,-0.27102368,0.21059299,0.39523697,-0.35164768,0.16961522,-0.18203246,"empirical_np (.mat, ID-matched)",no,0
177688664,AUD,-0.11002757,0.23384295,-0.06296702,-0.25855659,-0.10066687,-0.45017755,0.28272603,0.36900281,0.320317,-0.14046378,-0.01779082,0.6212014,-0.74855266,1.43499265,0.68643999,"empirical_np (.mat, ID-matched)",no,0
177896969,AUD,-0.34611282,-0.14511244,-0.13845427,0.01299051,0.26316332,-0.11229022,0.16871028,0.1003889,-0.28848009,-0.07615749,-0.04049616,-0.12463949,-0.46581592,-0.26067404,-0.72648996,"empirical_np (.mat, ID-matched)",no,0
178045655,AUD,-0.05886649,-0.00984598,-0.26269494,0.04471613,0.13976141,0.11026697,0.19119503,-0.17968035,0.11034619,-0.33414731,-0.30554774,0.1067837,-0.0366629,-0.41105046,-0.44771336,"empirical_np (.mat, ID-matched)",no,0
178282579,AUD,0.22161342,-0.03386387,0.07852879,-0.07734727,0.15877103,-0.08039813,0.20048212,0.15965844,-0.27797457,-0.0910743,0.03701855,-0.07374952,0.26730395,-0.04563928,0.22166468,"empirical_np (.mat, ID-matched)",no,0
178684006,AUD,-0.17447686,-0.26913994,-0.11059358,0.28555891,0.15346282,-0.05350419,0.14270295,0.03698249,-0.10870542,-0.05327852,0.14631237,-0.15427277,-0.16869285,0.00974109,-0.15895176,"empirical_np (.mat, ID-matched)",no,0
178998455,AUD,0.02351537,-0.04155551,-0.21641901,0.552256,0.73468157,0.03124629,0.09933433,0.43553172,-0.20026121,0.21529528,-0.13532328,-0.27635341,1.08372471,0.13822343,1.22194814,"empirical_np (.mat, ID-matched)",no,0
181526703,AUD,-0.37316457,0.02284749,-0.30385491,-0.01441759,0.30004605,0.10409541,-0.16141704,0.40099472,-0.31737583,0.02647897,0.02440315,-0.4803743,-0.26444811,-0.50729033,-0.77173845,"empirical_np (.mat, ID-matched)",no,0
182136619,AUD,-0.09098628,-0.04259635,-0.22819824,-0.53809438,-0.11275835,0.20752096,-0.54629074,-0.0457797,-0.09350403,0.05798109,-0.00162084,-0.31193349,-0.80511264,-0.94114772,-1.74626036,"empirical_np (.mat, ID-matched)",no,0
183176019,AUD,-0.32622962,-0.04653965,-0.093925,0.26869907,0.52947268,-0.09082463,-0.03960159,0.050137,-0.07222718,0.06811525,0.0154662,-0.0151761,0.24065285,0.00671359,0.24736643,"empirical_np (.mat, ID-matched)",no,0
183475605,MDD,-0.28585349,-0.0608054,-0.06803105,-0.04656115,-0.05318897,-0.22793202,0.36367634,0.11900318,-0.44682972,0.14247862,-0.04449302,-0.3884361,-0.74237208,-0.2546007,-0.99697278,"empirical_np (.mat, ID-matched)",no,0
183762098,AUD,-0.06109743,0.02062869,-0.06983372,0.54357577,-0.15064187,-0.09390285,0.04238429,0.00586322,0.15930352,-0.22268404,0.00848513,0.10962182,0.18872859,0.10297394,0.29170253,"empirical_np (.mat, ID-matched)",no,0
184059377,AUD,-0.36653518,0.065491,-0.36413909,0.04470235,0.18831013,0.06049218,0.21192442,0.12730346,-0.0621157,-0.93434413,-0.05661914,-0.20713448,-0.3716786,-0.92098556,-1.29266416,"empirical_np (.mat, ID-matched)",no,0
186213995,AUD,-0.24531172,-0.12965509,-0.20747467,0.21765942,0.30788582,0.01259066,0.57475534,0.12200562,0.02390755,0.26308047,0.02252715,-0.07416811,-0.04430557,0.93210802,0.88780245,"empirical_np (.mat, ID-matched)",no,0
186940717,MDD,-0.15308683,-0.08170134,-0.08515011,0.19455587,0.3045085,-0.16251484,0.2032254,-0.35984521,0.11737834,-0.15440642,-0.12640871,0.27168403,0.01661125,-0.04837257,-0.03176132,"empirical_np (.mat, ID-matched)",no,0
187495574,MDD,-0.13326161,-0.00095639,-0.20083012,0.1942261,0.12952987,0.07025649,0.07017942,-0.29039866,0.42489994,-0.05181663,-0.02183379,0.14254426,0.05896434,0.27357456,0.3325389,"empirical_np (.mat, ID-matched)",no,0
188448101,AUD,-0.2626825,-0.05676821,-0.14046339,-0.06372421,0.33495671,-0.00659307,0.0342374,-0.06914158,0.14247377,-0.01350098,-0.32695126,0.05320074,-0.19527468,-0.17968192,-0.3749566,"empirical_np (.mat, ID-matched)",no,0
188764715,MDD,-0.1689006,-0.01508866,0.0090182,-0.47147006,0.10920978,0.19810268,0.18753799,-0.33639067,0.17415327,0.10313783,0.05194753,-0.01067182,-0.33912867,0.16971414,-0.16941453,"empirical_np (.mat, ID-matched)",no,0
190042837,AUD,0.04853573,0.2405926,-0.06323187,-0.1195379,0.06556616,0.0888149,0.0421735,0.12372053,-0.30568629,-0.23519707,-0.10840778,-0.16340031,0.26073961,-0.64679742,-0.38605781,"empirical_np (.mat, ID-matched)",no,0
191170875,AUD,-0.17681733,0.01742159,-0.13774012,0.07599662,0.10920812,-0.28969884,-0.29136931,0.30385243,0.1741347,0.00194313,0.01497753,0.14348262,-0.40162996,0.34702108,-0.05460888,"empirical_np (.mat, ID-matched)",no,0
191996808,AUD,-0.21129864,-0.12938586,-0.21109845,-0.16890032,0.13781637,-0.25334449,-0.08188256,0.00874399,-0.53141491,-0.38046911,-0.22358697,-0.35922873,-0.83621138,-1.56783829,-2.40404968,"empirical_np (.mat, ID-matched)",no,0
193109536,MDD,-0.36301347,0.14998109,-0.06960253,0.0245706,0.2943675,0.14094406,-0.12693826,0.44616962,-0.10391965,0.21403411,-0.36388575,-0.02404686,0.17724724,0.04141321,0.21866045,"empirical_np (.mat, ID-matched)",no,0
195112416,MDD,-0.18460423,-0.00138753,0.00995134,-0.16293952,0.0929132,-0.12818622,0.30639785,0.36976246,-0.11586209,-0.21102193,-0.05100228,-0.21725134,-0.37425297,0.08102267,-0.2932303,"empirical_np (.mat, ID-matched)",no,0
195135326,MDD,-0.28363148,-0.12039566,-0.1743952,-0.33292841,0.08386178,-0.02769857,0.16761071,0.45902748,-0.18250542,-0.30553434,-0.07614473,-0.09832775,-0.85518755,-0.03587406,-0.89106162,"empirical_np (.mat, ID-matched)",no,0
195145348,AUD,-0.24618737,-0.03947925,-0.11442123,-0.34212522,0.0590948,-0.34903457,-0.08938603,0.03881252,0.04729255,-0.23507679,-0.07774446,0.07774724,-1.03215284,-0.23835497,-1.27050781,"empirical_np (.mat, ID-matched)",no,0
195166026,AUD,-0.19469196,0.00593883,-0.19405271,-0.02030243,-0.14722479,0.00241669,0.1756933,-0.43364851,-0.04295783,0.17097749,-0.27197986,-0.20919285,-0.54791636,-0.61110826,-1.15902462,"empirical_np (.mat, ID-matched)",no,0
195629783,AUD,-0.11503504,0.02101425,-0.25010014,0.00140844,0.09826969,0.06892575,0.12690086,0.23642533,-0.09455209,0.2491964,0.0442105,0.13675929,-0.17551705,0.69894028,0.52342323,"empirical_np (.mat, ID-matched)",no,0
195966822,MDD,-0.13139412,-0.20615924,0.07248348,0.04454576,0.08129487,0.13727766,0.13255521,-0.05780008,0.18806956,0.60134334,-0.19805652,-0.02811239,-0.00195159,0.63799912,0.63604753,"empirical_np (.mat, ID-matched)",no,0
197382673,AUD,-0.02938034,-0.0442472,-0.17801291,0.39749317,0.2077382,-0.04855784,0.4403718,0.02004193,-0.2544938,-0.56361937,-0.1869734,-0.33371126,0.30503308,-0.87838409,-0.57335101,"empirical_np (.mat, ID-matched)",no,0
198118454,MDD,-0.30021356,0.00576322,0.01394497,0.24574737,0.20240242,-0.11880413,0.07588904,-0.01392228,-0.17323335,-0.00467202,-0.03848042,-0.18035877,0.04884029,-0.3347778,-0.28593751,"empirical_np (.mat, ID-matched)",no,0
199436480,MDD,-0.27218865,-0.0677772,-0.21044824,0.24271106,0.29014905,0.01607203,0.34826214,0.37327667,0.35804959,-0.06341684,-0.18347237,0.19437183,-0.00148195,1.02707102,1.02558907,"empirical_np (.mat, ID-matched)",no,0
