restoration_index_ampa,restoration_index_gaba,age23_symptoms,empirical_baseline_NP_sum,age19_symptoms,resid_ampa_on_empNP,resid_sym23_on_empNP,resid_ampa_on_sym19,resid_sym23_on_sym19,resid_gaba_on_empNP,resid_gaba_on_sym19
-10.610216068529283,-22.212540278716375,11.0,0.07687929300000002,22,-9.492324368044205,-3.83415340021139,-9.140013591342282,-5.7992486751190775,-14.680378418351374,-13.979162556451742
0.9814910756058843,-6.588232454552898,4.0,-0.29066471199999977,21,2.3324697953210443,-10.879578096284144,2.348214414027476,-12.09313745220367,1.1919872036210943,1.4170048399632051
-1.8577806735243598,-18.99421256676738,19.0,-0.8703049549999999,21,-0.13920891833942006,4.04878427254347,-0.49105733510276806,2.9068625477963295,-10.822790004331491,-10.988975272251277
-0.6996795063595869,-17.241621707573042,26.0,0.231953977,34,0.31986779084347705,11.185012251502283,2.0122726360123306,0.7274166498960106,-9.814120742463198,-6.2705588523260545
-9.271176729006289,-24.063035325523717,19.0,0.3991758730000001,21,-8.357677286640751,4.205679174916009,-7.904453390584697,2.9068625477963295,-16.748393486676058,-16.057798031007614
-6.1335125647417925,-14.249249259733258,5.0,0.38660449500000005,6,-5.212040675578667,-9.795874519382082,-6.318976307801346,-0.5014691084725298,-6.926122917534485,-9.666118381445099
-7.145510135860889,-9.9920453666323,0.0,-0.812418617,14,-5.463648417555927,-14.94406156557484,-6.503140768797165,-11.150358891795804,-1.859690663642267,-3.5837910663559045
-5.866953163769686,-8.637296212039239,14.0,-1.033564304,18,-4.0448464998331985,-0.9713929204143099,-4.810667241644324,0.025196216542559213,-0.35568887163459983,-1.3164802007687246
4.463776439606317,-0.8828104532997916,8.0,-0.63658421,19,6.034128468600146,-6.922330223508444,5.6235415004970895,-6.680915006372851,7.130872484714862,6.666145985719252
-6.280036049363961,-8.863285744812472,25.0,-0.7858605550000002,25,-4.61501677556604,10.059220740429938,-4.4993961558807305,6.0824176561346945,-0.7488552475887502,0.054513260697749644
6.469545887782296,-9.543406336022393,9.0,-0.093114604,23,7.695243375329621,-5.855162914719585,8.043227503734707,-8.505359898034488,-1.8965145082054988,-1.0818881860092304
-7.646527844111688,-12.567747809827946,8.0,-2.833014505,24,-4.6832558288207125,-7.193786640258766,-5.969367089393867,-10.211471120949899,-3.0716800291638897,-3.8780892320662534
-1.788911912293539,-5.995519786665831,22.0,1.8241124549999999,22,-1.7790708508891595,7.3817868253735295,-0.3187094351065376,5.2007513248809225,0.3574232467601668,2.237857935598802
-5.331489604246116,-11.943804336715074,4.0,-0.45132255099999996,10,-3.878625786967043,-10.899433769098833,-5.103036792244031,-4.325914000134167,-4.055155676296597,-6.4481117474327965
0.5827048479906622,-10.503285415298846,29.0,-0.649731411,35,2.161394496019548,14.076044916334654,3.3981361291279897,3.0213054269806,-2.480729347310511,0.6959178676966715
-13.32321118345596,-19.689678160626123,20.0,-0.09144306299999988,22,-12.098573744512096,5.145043670725599,-11.853008706268959,3.2007513248809225,-12.043914466512314,-11.45630043836149
7.625869941384952,-1.365015246481656,24.0,0.3342124,23,8.580567558865342,9.197650351219496,9.199551557337363,6.494640101965512,5.9934708554506475,7.096502903531507
-4.364099591265703,-6.994645274638838,2.0,-0.06231899800000004,7,-3.1579318903841234,-12.85135689143014,-4.4460841955598465,-4.207580331387939,0.6314624018856048,-2.183373968602149
3.941924751980915,7.973738285634765,9.0,0.607549902,6,4.7232787079724545,-5.768567917111026,3.7564610089213613,3.49853089152747,15.147747160670846,12.556869163922924
-4.8263232982502,-3.7442009177331155,1.0,-0.9217069940000002,6,-3.075153682972675,-13.957568496015751,-5.011787041309754,-4.50146910847253,4.461913209314833,0.8389299605550438
-5.6510357544090155,-7.4808271829509465,21.0,-0.502306952,20,-4.1658389323885885,6.094265078145659,-4.387791554752834,5.61297377071174,0.44223117552442215,0.296269683816627
8.260325627831275,10.730592715903558,2.0,0.848704006,3,8.888745811235609,-12.738763725689385,7.764424468475492,-1.3831354397263018,17.741845145025522,14.629302310946128
-5.5475660167311425,-10.845581193139857,13.0,-0.6827948180000001,23,-3.9479084005722336,-1.9280413840638655,-3.973884400778731,-4.505359898034488,-2.800710420471514,-2.3840630431266945
-3.295951683568653,-4.737467165792864,5.0,1.806120753,7,-3.274700744345546,-9.620436765772194,-3.3779362878627968,-1.2075803313879394,1.6276185822910838,0.07380414024382453
-5.612990294122195,-5.5688891532283655,17.0,0.4536972160000001,19,-4.73406689476487,2.2124174576836833,-4.453225233231422,2.3190849936271487,1.7089558828033455,1.9800672857906783
-6.008843138108901,-11.317825833496764,23.0,-0.13822020100000004,30,-4.754540833145704,8.13926249283153,-3.710807550798622,0.5518615415576491,-3.6404919500117874,-1.2593246892438952
-0.45322181248698,-8.968031790976317,9.0,-0.25710963100000006,20,0.8764771320069409,-5.875431029986268,0.810022387169202,-6.38702622928826,-1.210458671407035,-1.1909349242087437
-2.6477359560942553,10.814996858777423,17.0,-1.0822529319999996,26,-0.7947522080085587,2.0225896609935976,-0.7636169238456152,-2.623693566780716,19.129464465369836,19.960936292036173
-0.6441000733615425,-12.342865931524615,31.0,-0.161932461,30,0.6252399411749854,16.13633189897326,1.6539355139487366,8.551861541557649,-4.649528492229569,-2.2843647872717465
6.560877988246265,-3.369306495886903,4.0,0.04122283699999996,1,7.701382102298934,-10.838560175059566,5.858018551359663,2.0290870061045165,4.186920134499399,0.07312224365860809
-0.49326305765949385,-0.5907599904655463,28.0,-0.24870185399999994,25,0.8311038894337859,13.125608085628942,1.2873768358237365,9.082417656134695,7.161138666675519,8.327039015044676
-6.022526635363253,-16.258186283561752,12.0,-0.479162378,19,-4.552007510956232,-2.9028744882045423,-4.86276157447248,-2.6809150063728513,-8.350748345987189,-8.709229844542708
-5.215649343958482,-16.302369275210165,24.0,1.578782601,26,-5.050226355984491,9.35146655377633,-3.331530311709842,4.376306433219284,-9.783851555509413,-7.156429841951413
6.720798405935692,-1.2274366795937937,18.0,-0.787193151,14,8.386662778076268,3.0590560451350495,7.363167772999416,6.849641108204196,6.887893195186445,5.180817620682602
1.082610138105828,9.230849849542338,23.0,1.4392005939999999,23,1.3365524693616728,8.334215639167615,2.6562917540582394,5.494640101965512,15.843572357783117,17.6923679995555
-7.071472982605577,-12.936203296109667,16.0,0.9017509250000002,14,-6.476693800172133,1.2677923332869305,-6.4291036155418535,4.849641108204196,-5.9607525716235665,-6.527948995833271
-0.7916936903615444,0.3380900811912859,13.0,0.44730807100000003,15,0.09128154154703949,-1.788372175573402,-0.04584518453241082,1.1435298852887872,7.6202471920141015,6.974484809216212
6.634237551615783,10.165699686775923,16.0,0.8286007660000001,17,7.275406696300187,1.2587517185712898,7.587044334975736,2.731307439457968,17.19051992104608,17.258375270297908
-5.112084134557676,-2.5154508278948846,18.0,0.16568783300000006,23,-4.050512541567686,3.1768224309361344,-3.538402518605265,0.494640101965512,4.956773581282381,5.946067322118278
5.468147574100314,10.057319785842445,5.0,-0.40275783,18,6.890212885884431,-9.893431664150112,6.524433496225677,-8.97480378345744,17.913191805699288,17.37813579711296
-2.908313162157633,-8.318408489246998,5.0,-0.056403181000000024,17,-1.7058971213006557,-9.850625756693642,-1.9555063787976799,-8.268692560542032,-0.6962934354216008,-1.225732905725014
1.1577368587959107,0.5568928808957132,3.0,1.0787727399999998,10,1.6402533280964096,-11.710329573110041,1.3861896707979957,-5.325914000134167,7.412870451158959,6.05258547017799
3.4545795246950277,-13.648739497070759,15.0,0.130907337,27,4.538208019796599,0.1725239158234757,5.442177695709077,-5.3298047896961265,-6.15304150887412,-4.274659636063477
-4.07870888281176,-15.345635416929126,19.0,1.7186402850000002,17,-4.001980065430982,4.368751539254841,-3.1259020994518076,5.731307439457968,-8.921508541937449,-8.252959833407141
3.2853972014968953,-7.504144455779697,13.0,-1.9526931260000002,23,5.690391885626873,-2.0849878827129267,4.859078817449307,-4.505359898034488,1.3977888003968335,0.9573736942334659
2.317647811007067,-6.9286129939397725,27.0,-0.676034591,28,3.913018263889435,12.072794111149443,4.408725120786526,5.964083987388467,1.11169525832422,2.673607294816037
-6.351445595458003,-13.180909275285327,5.0,-0.356470065,4,-4.9587348018374255,-9.887710967775233,-6.743867616048376,0.9107533373582886,-5.356277163834553,-9.054059252494227
6.288097558123146,-3.6730799664190315,30.0,-1.106116947,36,8.156215254926662,15.019640311762746,9.207007978025883,3.315194204065193,4.657493616402762,7.754263744325016
4.204191225421674,1.678344993225,6.0,-0.14325971600000006,3,5.461689462065801,-8.861360339901733,3.7082900660658913,2.616864560273698,9.359080077589107,5.57705458826757
-2.6342280673279355,-0.6288513503960544,22.0,0.7977172319999996,26,-1.973473374286265,7.254934828276474,-0.7501090350792954,2.376306433219284,6.416812378335666,8.517088082862697
-5.361815968507653,-6.927882316382846,13.0,0.12723191099999998,17,-4.275856612123931,-1.8279303294008145,-4.4090091851477,-0.26869256054203206,0.5702962403094487,0.16479326713913878
-5.118300392141826,-3.047694221796725,15.0,-1.800152341,20,-2.810043177275337,-0.06613539511127442,-3.855056192485644,-0.38702622928826,5.751288283752938,4.729402644970849
-2.9359035261376896,-4.805797336611118,10.0,0.06585220900000005,15,-1.8110187306615508,-4.8355162354976535,-2.190055020308556,-1.8564701147112128,2.7338067732153988,1.830597391413808
3.470949669846185,-17.22146845251466,13.0,0.940747826,13,4.040998013823154,-1.7273880468808684,4.009839898144499,2.5557523311196046,-10.272336985727879,-11.041354579986795
10.262688917501542,-2.7915684922148696,23.0,-0.42552931200000005,20,11.699195321483126,8.103754012571846,11.525933117157724,7.61297377071174,5.079672146367689,4.985528374552704
3.28884453852028,6.296576507561703,23.0,1.152001163,20,3.724921412540237,8.298720714238986,4.552088738176462,7.61297377071174,13.10313174716714,14.073673374329276
1.780730457545907,-12.88056313572007,16.0,0.20160310600000006,18,2.8195255018382666,1.181261192929803,2.8370163796712697,2.025196216542559,-5.432578173811407,-5.559747124449556
-4.517486543637464,-19.062025322994728,12.0,0.3320487840000001,20,-3.5614168161584394,-2.8026170496845637,-3.2542423439812818,-3.38702622928826,-11.702078982797175,-11.284928456227155
-0.1357518641322244,-7.83949108425206,20.0,0.6487723440000002,25,0.6194598721510522,5.236526756924608,1.644888029351006,1.0824176561346945,-0.6933034987587883,1.0783079212581619
7.319526750373122,-1.67230116208302,18.0,0.08925414100000004,14,8.429570638366345,3.1673760049800954,7.961896117436845,6.849641108204196,5.851508834283814,4.735953138193376
-5.997563330395405,-15.25352290983419,10.0,0.17651365500000002,25,-4.9428571971772195,-4.821839607711217,-4.216923436912174,-8.917582343865305,-7.788604917108452,-6.335723904323968
7.879606930594893,-7.054998073816435,2.0,0.565057267,2,8.687908630248804,-12.77381957406624,7.2802266324737,-0.6770242168108926,0.14768935213547874,-3.3844289065223947
-0.8258581170386279,-11.16144439561925,6.0,1.3598085759999998,16,-0.5215673959994127,-8.675596405755421,0.02346952755591536,-6.562581337626623,-4.495139707065963,-4.296909239845796
-1.9781210060831427,-8.43778991928578,21.0,-1.945695851,40,0.4224361849839746,5.915876909219165,1.354705968881233,-8.509250687596445,0.45942083127631683,3.9021155024523857
-2.5577439670492907,-19.21679003847158,24.0,-0.199022916,38,-1.264882133410211,9.13174789645205,0.5681247303842656,-4.097028241765628,-11.498420014065987,-7.333165472230473
4.006709850426297,-5.601372802841942,20.0,-1.3906985969999999,18,6.0553019601537255,4.98446891790711,5.06299577255166,6.025196216542559,2.9212667542183635,1.7194432084285722
-3.016773933317996,-18.212618948870904,8.0,0.603017891,14,-2.2325458917183725,-6.769128027518141,-2.374404566254272,-3.150358891795804,-11.035551390648557,-11.804364648594508
-5.217163631804432,-9.264109280794145,23.0,-0.6854655700000001,29,-3.6158122929502428,8.07162853818698,-3.022607183259563,1.257972764473056,-1.2174360005332385,0.5662514357101944
3.2911941792780794,-14.406162355424673,15.0,-1.1807097169999998,24,5.206616705377927,0.010421405018572472,4.968354933995901,-3.2114711209498985,-6.025245635435745,-5.716503777662981
3.8696640727706004,-5.095128575818766,15.0,0.42926935499999996,15,4.764078997575761,0.20939842282925092,4.615512578599734,3.143529885288787,2.1992029797110506,1.54126615220616
6.351554475370808,-20.447706575117934,12.0,0.6708124919999999,12,7.09278891279783,-2.760749305232089,6.786965564903713,2.261863554035015,-13.316394026360097,-14.495733130338596
-1.7543599929809872,-11.216913033020342,9.0,0.17433743399999999,17,-0.6982737559951568,-5.822108566464911,-0.8015532096210343,-4.268692560542032,-3.750526294834299,-4.124237449498358
-4.758767484150493,-15.439653165619436,19.0,-0.045954702999999986,24,-3.5629776011395977,4.150665568783351,-3.081606729432672,0.7885288790501015,-7.824589856368503,-6.749994587857744
-1.7009759106552131,-5.494247885668244,12.0,-0.39308788000000006,21,-0.28504303414671406,-2.892236556805649,-0.33425257223362137,-4.0931374522036705,2.355097823136613,2.510989408847859
3.557299162256095,-8.22748094893222,21.0,0.30053058800000015,21,4.53335692452064,6.193487622260607,4.924022500677687,4.9068625477963295,-0.8462627768334166,-0.2222436544161166
-7.006779701089869,-25.39323300640465,16.0,-0.949783424,23,-5.23780473110571,1.0389615431572228,-5.433098085137457,-1.505359898034488,-17.168169917323873,-16.931714856391487
-9.221089387831995,-7.657395460899586,15.0,0.8170542650000001,19,-8.572597747163398,0.2573246886333962,-8.061324326941223,0.3190849936271487,-0.6247824193152187,-0.10843902188054244
-12.745475337782917,-2.470174942372921,20.0,-0.6548879510000001,23,-11.163515543807451,5.0754076205031335,-11.171793721830506,2.494640101965512,5.555861307414906,5.9913432076402415
-6.221500073887459,-1.4140893734080784,2.0,-0.0006080039999998843,16,-5.054467909021996,-12.843730041015869,-5.372172429292915,-10.562581337626623,6.1703691588941805,5.450445782365376
0.5533050907995261,-0.37544680706147204,24.0,0.9726449999999998,15,1.1031250618241928,9.276554118995376,1.2991535966286596,12.143529885288787,6.552157053149954,6.260947920963454
3.994335775552436,-5.312445372838251,22.0,0.910533654,21,4.583545175604813,7.268877789150956,5.361059113974028,5.9068625477963295,1.6570778317186559,2.692791921677852
-0.22306251665295562,-1.6002706761321512,23.0,0.01883324800000001,15,0.9316405028118602,8.158672699748122,0.5227859891761779,11.143529885288787,5.971066830953632,5.036124051892775
4.373840826821102,-9.353545830645658,15.0,-0.4144555559999999,19,5.803324537621441,0.10512261604201889,5.533605887711874,0.3190849936271487,-1.489778940755679,-1.8045893916266138
-3.358883118966947,-11.682249842241387,11.0,0.3283480330000001,20,-2.4004664697376885,-3.8030744248209523,-2.095638919310765,-4.38702622928826,-4.319805841543835,-3.905152975473813
-3.810189648238829,-0.2684105726695556,15.0,-0.6714436420000001,23,-2.217730657938601,0.07336150569315514,-2.2365080322864177,-2.505359898034488,7.768799218775321,8.193107577343607
