quantity,contrast,g,P
empirical baseline,HC vs AUD,0.68596382,0.00020102
empirical baseline,HC vs MDD,0.58755931,0.00064499
empirical baseline,HC vs IMAGEN,0.5601173,0.00049354
simulated baseline,HC vs AUD,0.46719286,0.00875785
simulated baseline,HC vs MDD,0.40328119,0.018597
simulated baseline,HC vs IMAGEN,-0.27641492,0.08668853
modulated: ampa_low,HC vs AUD,-0.35776061,0.04527956
modulated: ampa_low,HC vs MDD,-1.03442238,2e-08
modulated: ampa_low,HC vs IMAGEN,0.1046095,0.51369697
modulated: ampa,HC vs AUD,-0.27680756,0.1184516
modulated: ampa,HC vs MDD,-0.26804631,0.11525755
modulated: ampa,HC vs IMAGEN,0.2474643,0.12485321
modulated: ampa_high,HC vs AUD,-0.38726245,0.0283384
modulated: ampa_high,HC vs MDD,-1.02470082,2e-08
modulated: ampa_high,HC vs IMAGEN,0.17066747,0.28696161
modulated: gaba_low,HC vs AUD,-0.48890744,0.00701082
modulated: gaba_low,HC vs MDD,-0.56221817,0.00101501
modulated: gaba_low,HC vs IMAGEN,-0.04761041,0.76874411
modulated: gaba,HC vs AUD,-0.50491004,0.00562319
modulated: gaba,HC vs MDD,0.11280343,0.5045275
modulated: gaba,HC vs IMAGEN,-0.01674367,0.9170886
modulated: gaba_high,HC vs AUD,-0.46828968,0.01027058
modulated: gaba_high,HC vs MDD,-0.55611784,0.00114437
modulated: gaba_high,HC vs IMAGEN,-0.15428242,0.33992978
