setting,edge,task,mean_diff,t,P,P_FDR
ampa_low,1,SST,0.07021863,4.88485178,1.72e-06,2.58e-06
ampa_low,2,SST,-0.0098583,-0.96089484,0.33741388,0.33741388
ampa_low,3,SST,0.06432975,5.24476554,3e-07,5.2e-07
ampa_low,4,SST,0.02034123,1.8184823,0.07003269,0.0763993
ampa_low,5,SST,0.0835164,6.11545262,0.0,1e-08
ampa_low,6,SST,0.09065671,4.50578782,9.64e-06,1.285e-05
ampa_low,7,MID,0.17246557,7.30763888,0.0,0.0
ampa_low,8,MID,0.29997182,10.57214724,0.0,0.0
ampa_low,9,MID,0.22107544,9.03858247,0.0,0.0
ampa_low,10,MID,0.26837691,10.52229452,0.0,0.0
ampa_low,11,MID,0.04482013,2.65884354,0.0082811,0.00993731
ampa_low,12,MID,0.21548581,8.70844328,0.0,0.0
ampa,1,SST,0.04165112,3.48784828,0.00056325,0.000751
ampa,2,SST,-0.01476832,-2.20490552,0.02825384,0.03390461
ampa,3,SST,0.03527795,3.70233064,0.00025612,0.00038418
ampa,4,SST,0.00380015,0.45597666,0.64875159,0.67609552
ampa,5,SST,0.0537303,5.35057832,1.8e-07,3.1e-07
ampa,6,SST,0.10133875,5.43832927,1.2e-07,2.3e-07
ampa,7,MID,0.09601107,6.58400672,0.0,0.0
ampa,8,MID,0.13800731,8.9821248,0.0,0.0
ampa,9,MID,0.09370951,7.66669271,0.0,0.0
ampa,10,MID,0.13449265,12.34993636,0.0,0.0
ampa,11,MID,0.00507745,0.41822481,0.67609552,0.67609552
ampa,12,MID,0.08874701,7.25723967,0.0,0.0
ampa_high,1,SST,0.04040206,2.72015644,0.00692319,0.00923092
ampa_high,2,SST,-0.01436412,-1.46490981,0.1440401,0.15713465
ampa_high,3,SST,0.02060541,1.71329038,0.087739,0.1052868
ampa_high,4,SST,0.01164745,1.0332271,0.30236749,0.30236749
ampa_high,5,SST,0.0372261,2.96580628,0.00327265,0.00490898
ampa_high,6,SST,0.10439843,5.38490761,1.5e-07,3e-07
ampa_high,7,MID,0.21181901,8.36478934,0.0,0.0
ampa_high,8,MID,0.22033042,7.75072906,0.0,0.0
ampa_high,9,MID,0.2113841,7.91088635,0.0,0.0
ampa_high,10,MID,0.24563889,10.34301435,0.0,0.0
ampa_high,11,MID,0.0621812,3.65374557,0.00030719,0.00052661
ampa_high,12,MID,0.20991428,8.22992123,0.0,0.0
gaba_low,1,SST,0.46369072,21.32094986,0.0,0.0
gaba_low,2,SST,0.07757788,6.03049659,1e-08,1e-08
gaba_low,3,SST,0.33011421,17.39020249,0.0,0.0
gaba_low,4,SST,0.22991555,13.72221835,0.0,0.0
gaba_low,5,SST,0.11049857,6.23843665,0.0,0.0
gaba_low,6,SST,0.53730937,20.62472857,0.0,0.0
gaba_low,7,MID,0.10665997,4.65693437,4.91e-06,5.36e-06
gaba_low,8,MID,0.31593922,11.34345372,0.0,0.0
gaba_low,9,MID,0.30674302,13.25881496,0.0,0.0
gaba_low,10,MID,0.39559375,15.23438548,0.0,0.0
gaba_low,11,MID,-0.01126163,-0.75270392,0.45224479,0.45224479
gaba_low,12,MID,0.30528723,13.45420615,0.0,0.0
gaba,1,SST,0.45927224,21.79517816,0.0,0.0
gaba,2,SST,0.07854149,6.1144494,0.0,0.0
gaba,3,SST,0.32977428,17.8039059,0.0,0.0
gaba,4,SST,0.20250949,12.20968492,0.0,0.0
gaba,5,SST,0.10958299,6.42248638,0.0,0.0
gaba,6,SST,0.53379555,22.00321418,0.0,0.0
gaba,7,MID,0.02732861,1.48389483,0.1389342,0.1389342
gaba,8,MID,0.24102107,10.83489895,0.0,0.0
gaba,9,MID,0.22517282,12.2147497,0.0,0.0
gaba,10,MID,0.32991103,15.04999436,0.0,0.0
gaba,11,MID,-0.02007365,-1.6401451,0.10207053,0.11134966
gaba,12,MID,0.21862959,12.70676711,0.0,0.0
gaba_high,1,SST,0.44116408,19.68957465,0.0,0.0
gaba_high,2,SST,0.0678447,5.17261948,4.3e-07,5.2e-07
gaba_high,3,SST,0.31928137,16.61274686,0.0,0.0
gaba_high,4,SST,0.17220389,10.09231753,0.0,0.0
gaba_high,5,SST,0.10686972,6.08150714,0.0,1e-08
gaba_high,6,SST,0.50715921,19.21105984,0.0,0.0
gaba_high,7,MID,0.0880938,3.8858047,0.00012671,0.00013822
gaba_high,8,MID,0.27553884,10.57777231,0.0,0.0
gaba_high,9,MID,0.22042528,9.2725621,0.0,0.0
gaba_high,10,MID,0.36885771,14.38572349,0.0,0.0
gaba_high,11,MID,-0.0040873,-0.27584645,0.78286452,0.78286452
gaba_high,12,MID,0.21460059,9.25437907,0.0,0.0
