quantity,model,n,F,P,partial_eta2,df
empirical baseline,unadjusted,199,8.99613482,0.00018284,0.08407906,"2,196"
empirical baseline,+ sex,199,8.33428261,0.00033642,0.07874842,"2,195"
empirical baseline,+ sex + headmotion,199,9.10283745,0.00016647,0.08579259,"2,194"
empirical baseline,+ sex + headmotion + site,199,9.03006964,0.00017827,0.08556869,"2,193"
simulated baseline,unadjusted,199,4.58625785,0.01130876,0.04470636,"2,196"
simulated baseline,+ sex,199,4.76918022,0.00950243,0.0466336,"2,195"
simulated baseline,+ sex + headmotion,199,5.62012385,0.00423938,0.05476629,"2,194"
simulated baseline,+ sex + headmotion + site,199,5.95552883,0.00309186,0.05812794,"2,193"
modulated: ampa_low,unadjusted,199,28.80269376,0.0,0.22714576,"2,196"
modulated: ampa_low,+ sex,199,28.64565246,0.0,0.22708395,"2,195"
modulated: ampa_low,+ sex + headmotion,199,29.13142516,0.0,0.23096088,"2,194"
modulated: ampa_low,+ sex + headmotion + site,199,28.3094375,0.0,0.22682129,"2,193"
modulated: ampa,unadjusted,199,1.75860922,0.17499176,0.01762865,"2,196"
modulated: ampa,+ sex,199,2.2739974,0.10562245,0.02279148,"2,195"
modulated: ampa,+ sex + headmotion,199,2.41804615,0.09177651,0.024322,"2,194"
modulated: ampa,+ sex + headmotion + site,199,2.69711047,0.06994073,0.02718941,"2,193"
modulated: ampa_high,unadjusted,199,27.95132697,0.0,0.22192166,"2,196"
modulated: ampa_high,+ sex,199,27.47384146,0.0,0.21983674,"2,195"
modulated: ampa_high,+ sex + headmotion,199,28.38801952,0.0,0.22640137,"2,194"
modulated: ampa_high,+ sex + headmotion + site,199,27.83161922,0.0,0.22384989,"2,193"
modulated: gaba_low,unadjusted,199,6.55794314,0.00175052,0.06272066,"2,196"
modulated: gaba_low,+ sex,199,7.15935305,0.00099906,0.06840624,"2,195"
modulated: gaba_low,+ sex + headmotion,199,6.65428934,0.00160285,0.06419695,"2,194"
modulated: gaba_low,+ sex + headmotion + site,199,7.92824295,0.00049085,0.07592049,"2,193"
modulated: gaba,unadjusted,199,6.92707762,0.00123929,0.06601802,"2,196"
modulated: gaba,+ sex,199,7.06110989,0.00109486,0.06753094,"2,195"
modulated: gaba,+ sex + headmotion,199,6.82653987,0.00136441,0.06574947,"2,194"
modulated: gaba,+ sex + headmotion + site,199,8.01391284,0.00045351,0.07667795,"2,193"
modulated: gaba_high,unadjusted,199,6.25591554,0.00232427,0.06000538,"2,196"
modulated: gaba_high,+ sex,199,6.62056054,0.0016525,0.06358553,"2,195"
modulated: gaba_high,+ sex + headmotion,199,6.15791072,0.00255336,0.05969402,"2,194"
modulated: gaba_high,+ sex + headmotion + site,199,7.46760416,0.00075201,0.07182626,"2,193"
