setting,receptor,conductance,index_def,mean,sd,r_raw,P_raw,r_resi,P_resi,pr_adjEmp,pP_adjEmp,dR2_beyond_emp12,F_change,P_change
ampa_low,AMPA,0.004,stored beta (manuscript spec),-2.027661,6.661828,0.112345,0.305987,0.026621,0.808906,0.017126,0.877117,0.002842,0.246135,0.621342
ampa_low,AMPA,0.004,scalar sum x b1,-2.096876,3.087982,0.025714,0.815294,-0.050622,0.645445,-0.048566,0.660874,1.3e-05,0.001149,0.973049
ampa,AMPA,0.0044,stored beta (manuscript spec),-1.631154,5.595891,0.168667,0.122809,0.090814,0.408478,0.068019,0.538704,0.015751,1.386036,0.243007
ampa,AMPA,0.0044,scalar sum x b1,-1.503951,2.661638,0.151285,0.166943,0.101257,0.356479,0.042959,0.698015,0.006091,0.529592,0.469172
ampa_high,AMPA,0.0048,stored beta (manuscript spec),-1.507314,6.235489,0.128055,0.242828,0.12675,0.247706,0.126432,0.251791,0.016346,1.439424,0.234221
ampa_high,AMPA,0.0048,scalar sum x b1,-1.584328,3.658402,0.073027,0.506565,0.052804,0.631257,0.008367,0.93979,0.005361,0.465749,0.49717
gaba_low,GABA-A,0.0035,stored beta (manuscript spec),-11.361361,7.640959,0.171604,0.116331,0.045491,0.679306,0.020174,0.855469,0.008492,0.740593,0.392368
gaba_low,GABA-A,0.0035,scalar sum x b1,-7.339516,4.364405,0.148605,0.174675,0.050904,0.643609,0.077172,0.485339,0.024619,2.190411,0.143296
gaba,GABA-A,0.004,stored beta (manuscript spec),-10.992888,7.904264,0.1659,0.129162,0.059814,0.586591,0.04122,0.709681,0.01034,0.903783,0.344994
gaba,GABA-A,0.004,scalar sum x b1,-7.218715,4.364724,0.111498,0.30967,0.050157,0.64849,0.090705,0.411898,0.022223,1.971296,0.16467
gaba_high,GABA-A,0.0045,stored beta (manuscript spec),-10.589525,7.994477,0.187295,0.086083,0.074637,0.497213,0.07337,0.50716,0.021379,1.894439,0.173028
gaba_high,GABA-A,0.0045,scalar sum x b1,-6.575691,4.258273,0.173276,0.112763,0.064966,0.554714,0.096399,0.38304,0.036331,3.280555,0.074335
